quantity,law,coef,max_fit_err_pct,loo_max_err_pct,loo_rms_err_pct
Cg_off,k*W,8.4155e-15,17.5,31.25,21.73
Cg_off,k*W*L,4.7781e-16,6.316,6.566,3.623
Cg_off,a*W + b*W*L,4.5273e-16 4.5259e-16,6.823,7.243,4.871
Cg_off,k*W*(L - dL),k=4.5259e-16 F/um^2 dL=-1.000 um,6.823,7.243,4.871
Cov_d,k*W,4.7332e-15,17.75,29.5,21.24
Cov_d,k*W*L,2.6849e-16,6.681,6.946,4.42
Cov_d,a*W + b*W*L,4.7152e-16 2.4222e-16,7.618,8.086,6.036
Cov_d,k*W*(L - dL),k=2.4222e-16 F/um^2 dL=-1.947 um,7.618,8.086,6.036
Cov_s,k*W,3.8173e-15,21.61,32.93,24.36
Cov_s,k*W*L,2.1692e-16,10.91,11.34,6.784
Cov_s,a*W + b*W*L,3.9586e-17 2.1472e-16,11,12.4,9.231
Cov_s,k*W*(L - dL),k=2.1472e-16 F/um^2 dL=-0.184 um,11,12.4,9.231
Cch,k*W,2.6023e-14,16.26,31.35,21.39
Cch,k*W*L,1.4776e-15,2.477,2.5,1.689
Cch,a*W + b*W*L,1.3326e-15 1.4033e-15,2.979,3.023,1.927
Cch,k*W*(L - dL),k=1.4033e-15 F/um^2 dL=-0.950 um,2.979,3.023,1.927
