W,L,family,kind,VD,time,C_off_pF,C_off_noise_fF,C_at_VG5_pF,VG_mid,G_over_w_max_pF,VG_at_G_max
20,20,fine,cg,,06/11/2026 15:33:31,,,,,0.070077,-0.5
20,20,vd,cg,0.1,06/11/2026 15:34:07,0.19048,0.45646,0.80889,-0.428,0.04379,-0.4
20,20,vd,cg,0.2,06/11/2026 15:34:44,0.19027,0.78024,0.80722,-0.1412,0.073511,-0.2
20,20,vd,cg,0.3,06/11/2026 15:35:20,0.19067,0.5372,0.80806,-0.036608,0.045956,0
20,20,vd,cg,0.4,06/11/2026 15:35:57,0.19,0.63072,0.80912,0.062881,0.074422,0
20,20,vd,cg,4,06/11/2026 15:36:34,0.19053,0.72138,0.80817,0.12823,0.071629,0
20,20,vd,cg,4.5,06/11/2026 15:37:10,0.19016,0.73947,0.80821,0.16915,0.050063,0.2
20,20,vd,cg,5,06/11/2026 15:37:47,0.19017,0.4717,0.8077,0.222,0.065773,0.2
20,20,basic,cg,,06/11/2026 15:38:35,0.19009,0.39132,0.80651,0.26733,0.072316,0.2
20,20,basic,cgd,,06/11/2026 15:41:10,0.10985,0.64908,0.81233,0.32509,0.11228,0.2
20,20,basic,cgs,,06/11/2026 15:43:25,0.09322,0.51968,0.81916,0.33121,0.10558,0.4
40,20,basic,cg,,06/11/2026 14:57:12,0.40802,0.62673,1.6128,-0.39302,0.16697,-0.4
40,20,basic,cgd,,06/11/2026 15:00:10,0.23017,0.47133,1.6156,0.13377,0.225,0.2
40,20,basic,cgs,,06/11/2026 15:02:43,0.19479,0.31922,1.6233,0.31157,0.29261,0.2
40,20,fine,cg,,06/11/2026 15:13:25,,,,,0.19471,0.7
40,20,vd,cg,0.1,06/11/2026 15:14:02,0.40652,0.41853,1.6059,0.73959,0.11511,0.6
40,20,vd,cg,0.2,06/11/2026 15:14:38,0.40653,0.5783,1.6056,0.79018,0.17354,0.8
40,20,vd,cg,0.3,06/11/2026 15:15:15,0.40676,0.56902,1.6051,0.85598,0.20019,0.8
40,20,vd,cg,0.4,06/11/2026 15:15:51,0.407,0.74172,1.6051,0.89685,0.19525,0.8
40,20,vd,cg,4,06/11/2026 15:16:28,0.40686,0.71919,1.6049,0.92159,0.15979,0.8
40,20,vd,cg,4.5,06/11/2026 15:17:04,0.40658,0.45662,1.6052,0.93902,0.11057,0.8
40,20,vd,cg,5,06/11/2026 15:17:41,0.40621,0.5447,1.6044,0.95425,0.13403,1
160,15,fine,cg,,06/11/2026 15:48:15,,,,,0.57478,-0.15
160,15,vd,cg,0.1,06/11/2026 15:48:51,1.1588,1.134,4.7795,-0.071641,0.47109,-0.2
160,15,vd,cg,0.2,06/11/2026 15:49:28,1.1587,0.75996,4.7757,0.46602,0.57445,0.4
160,15,vd,cg,0.3,06/11/2026 15:50:05,1.159,0.6437,4.7739,0.6627,0.58506,0.6
160,15,vd,cg,0.4,06/11/2026 15:50:41,1.1594,1.0124,4.7705,0.76399,0.40622,0.8
160,15,vd,cg,4,06/11/2026 15:51:18,1.1586,1.2685,4.7687,0.88923,0.57561,0.8
160,15,vd,cg,4.5,06/11/2026 15:51:54,1.1584,0.96497,4.768,0.9432,0.31646,1
160,15,vd,cg,5,06/11/2026 15:52:31,1.1588,0.60552,4.7659,1.001,0.51047,1
160,15,basic,cg,,06/11/2026 16:23:32,1.1586,0.98956,4.7672,0.51102,0.26756,0.4
160,15,basic,cgd,,06/11/2026 16:26:40,0.65678,0.60609,4.7709,0.65181,0.6914,0.6
160,15,basic,cgs,,06/11/2026 16:30:05,0.52166,0.68933,4.7783,0.71703,0.68986,0.6
160,20,basic,cg,,06/11/2026 14:26:50,1.5138,0.65277,6.2496,0.62416,0.88813,0.6
160,20,basic,cgd,,06/11/2026 14:37:02,0.84573,0.63034,6.2514,0.61906,1.1968,0.6
160,20,basic,cgs,,06/11/2026 14:40:33,0.68726,0.53645,6.2577,0.70548,1.1862,0.6
160,20,fine,cg,,06/11/2026 15:20:24,,,,,0.55078,0.35
160,20,vd,cg,0.1,06/11/2026 15:21:01,1.5134,0.30835,6.2455,0.48377,0.55241,0.4
160,20,vd,cg,0.2,06/11/2026 15:21:38,1.5129,0.73565,6.2435,0.5732,0.38966,0.6
160,20,vd,cg,0.3,06/11/2026 15:22:14,1.5132,0.66835,6.2431,0.65518,0.56738,0.6
160,20,vd,cg,0.4,06/11/2026 15:22:51,1.5131,0.96566,6.2416,0.71007,0.58846,0.6
160,20,vd,cg,4,06/11/2026 15:23:27,1.513,0.5085,6.2399,0.74154,0.44222,0.6
160,20,vd,cg,4.5,06/11/2026 15:24:04,1.5131,0.51887,6.2392,0.76757,0.39496,0.8
160,20,vd,cg,5,06/11/2026 15:24:40,1.5132,0.53702,6.2376,0.80092,0.50632,0.8
