w1,l1,cboot,measured,dc_gain_vm,dc_voh,dc_vol,dc_snm,dc_pstatic,freq,swing_pct,power,x_max,boost,e_per_transition,oscillates
5.0,5.0,1e-12,True,2.0522268051691888,2.9006192082195925,0.0858908927754247,0.5159867954143467,7.555195090318899e-06,194270.4432687067,93.01557162862646,4.906560669240036e-05,3.206919484008512,0.206919484008512,2.5256341555022284e-11,True
5.0,5.0,2e-12,True,2.0522268051691888,2.9006192082195925,0.0858908927754247,0.5159867954143467,7.555195090318899e-06,185959.25486044568,94.11685629324076,4.894833933439436e-05,3.2987989194045624,0.2987989194045624,2.63220775815261e-11,True
5.0,10.0,1e-12,False,2.7474565857888593,2.683843719092815,0.06886273771804016,0.42968243624500824,5.008541706251591e-06,157479.32247892505,92.16742487391674,3.535407751099663e-05,3.068745225560071,0.0687452255600709,2.24499807050719e-11,True
5.0,10.0,2e-12,False,2.7474565857888593,2.683843719092815,0.06886273771804016,0.42968243624500824,5.008541706251591e-06,145847.66564125186,94.08285037577066,3.501651411809257e-05,3.187331302375558,0.18733130237555784,2.4008964397294014e-11,True
5.0,15.0,1e-12,False,2.3184221545558255,2.7141683371866856,0.08161648219873974,0.31383256446018587,6.962875376644473e-06,189749.4273222777,90.84821504654586,4.705206025094983e-05,3.0890648471828546,0.08906484718285457,2.4796944536246112e-11,True
5.0,15.0,2e-12,False,2.3184221545558255,2.7141683371866856,0.08161648219873974,0.31383256446018587,6.962875376644473e-06,179443.5143418236,93.43249175564007,4.6940913088288364e-05,3.235022954190977,0.23502295419097718,2.615915836270916e-11,True
5.0,20.0,1e-12,False,2.791315295550418,2.664199191373985,0.07357967589223594,0.3317512755362473,5.760857086970006e-06,170299.27300265283,89.99748788428555,4.058529638418438e-05,3.006924447152241,0.006924447152241164,2.383174964202705e-11,True
5.0,20.0,2e-12,False,2.791315295550418,2.664199191373985,0.07357967589223594,0.3317512755362473,5.760857086970006e-06,158880.49706432465,93.21970861089328,4.03944272614692e-05,3.1730493819841157,0.17304938198411568,2.5424408916038974e-11,True
10.0,5.0,1e-12,True,1.8231128063038462,2.9024412478454913,0.10863626590839412,0.46467982377670003,1.0150736081114998e-05,212598.7315980676,90.09636945069389,6.0210190097180125e-05,3.1617574434475575,0.1617574434475575,2.8321048599204058e-11,True
10.0,5.0,2e-12,True,1.8231128063038462,2.9024412478454913,0.10863626590839412,0.46467982377670003,1.0150736081114998e-05,206617.614800588,92.06057741704551,6.0526989799632186e-05,3.284564699233441,0.28456469923344097,2.92942060424269e-11,True
10.0,10.0,1e-12,True,2.4154400632594033,2.707576231498498,0.07565705427028138,0.3853173361252036,6.081987038735823e-06,167285.08126171204,88.19746350279303,4.065551365044161e-05,2.955619968712387,-0.04438003128761281,2.4303131722091456e-11,True
10.0,10.0,2e-12,True,2.4154400632594033,2.707576231498498,0.07565705427028138,0.3853173361252036,6.081987038735823e-06,156384.49973707073,92.0426506203433,4.058438063136099e-05,3.1346305571999737,0.13463055719997374,2.595166445497828e-11,True
10.0,15.0,1e-12,False,2.238515269419779,2.6700587347382445,0.08140207012203271,0.3087322803458769,6.932242740704396e-06,178268.56173890806,85.02529625539965,4.5757879149203566e-05,2.8662942629816937,-0.13370573701830635,2.5667946553706146e-11,True
10.0,15.0,2e-12,False,2.238515269419779,2.6700587347382445,0.08140207012203271,0.3087322803458769,6.932242740704396e-06,167010.0047376678,90.36921897156897,4.5791373559041186e-05,3.093273859268296,0.09327385926829601,2.7418341572391622e-11,True
10.0,20.0,1e-12,False,2.6433301221208017,2.6511823402124985,0.07464471657485516,0.3301303918612314,5.926315772943796e-06,159996.28275930765,82.56926968333865,4.0549204510604544e-05,2.7362472076316497,-0.26375279236835025,2.5343841626374054e-11,True
10.0,20.0,2e-12,False,2.6433301221208017,2.6511823402124985,0.07464471657485516,0.3301303918612314,5.926315772943796e-06,149342.9948767926,88.0898872445304,4.051636644757849e-05,2.966003009767959,-0.03399699023204095,2.712974015353337e-11,True
20.0,5.0,1e-12,True,1.46598132390004,2.904770333751838,0.1960622750515324,0.3617076630313974,1.5892453621947042e-05,246167.63587044404,80.03952258968481,8.136793896141461e-05,3.0058251040016484,0.0058251040016483735,3.305387350116076e-11,True
20.0,5.0,2e-12,True,1.46598132390004,2.904770333751838,0.1960622750515324,0.3617076630313974,1.5892453621947042e-05,237923.94556358553,85.05365366089255,8.289760026415678e-05,3.205373240871237,0.20537324087123698,3.484205848545088e-11,True
20.0,10.0,1e-12,True,1.7158777903240467,2.774873747115045,0.09829734081672559,0.3455326869094594,9.080620984622544e-06,193263.14320524238,79.00086089181407,5.443529564280336e-05,2.7408765775114423,-0.2591234224885577,2.816641328501728e-11,True
20.0,10.0,2e-12,True,1.7158777903240467,2.774873747115045,0.09829734081672559,0.3455326869094594,9.080620984622544e-06,182030.7111474275,86.31074968117146,5.481823104233139e-05,3.0123211086859714,0.01232110868597136,3.011482551311567e-11,True
20.0,15.0,1e-12,True,2.0486685063717656,2.5755917779272384,0.08098453509873649,0.29780930003306494,6.87234750119825e-06,160871.2261066593,72.68725769108357,4.35260262813702e-05,2.4525371951061437,-0.5474628048938563,2.7056439696998386e-11,True
20.0,15.0,2e-12,True,2.0486685063717656,2.5755917779272384,0.08098453509873649,0.29780930003306494,6.87234750119825e-06,152701.5207022207,77.8457388008752,4.361268179232291e-05,2.6475269123963514,-0.3524730876036486,2.8560738355298293e-11,True
20.0,20.0,1e-12,True,2.3331537453870217,2.6461677685705602,0.07908057735772625,0.3059698270827136,6.5956003103498454e-06,147616.89486503726,73.20873006058403,4.303138053555259e-05,2.4436583622824486,-0.5563416377175514,2.9150715150115565e-11,True
20.0,20.0,2e-12,True,2.3331537453870217,2.6461677685705602,0.07908057735772625,0.3059698270827136,6.5956003103498454e-06,142025.7440257711,77.11084670547484,4.295647712053718e-05,2.598518131756557,-0.4014818682434429,3.0245556828586353e-11,True
