nstage,vdd,freq,period,swing,swing_pct,vmin,vmax,x_max,boost,power,i_supply,e_per_cycle,e_per_transition,tpd,jitter,n_periods,mode_index,oob_frac,steps,init,oscillates,reason
3,3.0,397052.173725472,2.5185606985025987e-06,1.7057207797040852,56.8573593234695,0.19526922063588512,1.9009900003399702,2.3785263743474334,-0.6214736256525666,3.178975626379252e-05,1.0596585421264174e-05,8.006443074096465e-11,1.3344071790160776e-11,4.1976011641709977e-07,1.9505187755370788e-13,5.0,0.9999844050705007,0.0,2062,alternating,True,
3,3.0,397152.80155864585,2.517922562992003e-06,1.705745623438335,56.858187447944495,0.1952486613656671,1.900994284804002,2.3785410421330835,-0.6214589578669165,3.1789672546427366e-05,1.0596557515475788e-05,8.004393377477692e-11,1.3340655629129486e-11,4.1965376049866715e-07,1.248933897831103e-09,5.0,0.9939126007274433,0.0,2005,perturb,True,
5,3.0,194270.06437974088,5.147473457595062e-06,2.790470530384816,93.01568434616054,0.0731883986961867,2.863658929081003,3.2069179671506842,0.20691796715068422,4.906545631990307e-05,1.6355152106634358e-05,2.5256313409149095e-10,2.5256313409149092e-11,5.147473457595062e-07,2.5058419505186688e-11,4.0,1.0000628344256168,0.0,3321,alternating,True,
5,3.0,194270.0981713864,5.147472562235456e-06,2.790467504078371,93.01558346927904,0.07318910396918328,2.8636566080475543,3.206915867954436,0.20691586795443584,4.906547850813388e-05,1.6355159502711293e-05,2.525632043735726e-10,2.525632043735726e-11,5.147472562235456e-07,2.693459965120409e-11,4.0,1.000012501406633,0.0,3069,perturb,True,
7,3.0,136722.67027383888,7.314075990449291e-06,2.9008946071936186,96.69648690645396,0.06741868149919839,2.968313288692817,3.2846323424878454,0.2846323424878454,6.430421557786116e-05,2.1434738525953718e-05,4.703259192427096e-10,3.35947085173364e-11,5.224339993178065e-07,7.650372307686213e-12,4.0,0.9999866869734471,0.0,4681,alternating,True,
7,3.0,136722.68639398922,7.314075128090545e-06,2.9008942995901177,96.69647665300393,0.06741858309632487,2.9683128826864427,3.2846369763154493,0.28463697631544926,6.430432804393937e-05,2.1434776014646458e-05,4.703266863747522e-10,3.35947633124823e-11,5.224339377207532e-07,7.698635553997682e-12,4.0,0.999976617738908,0.0,4346,perturb,True,
9,3.0,106338.47121740696,9.403934329237434e-06,2.909591418262059,96.9863806087353,0.06698150887929775,2.9765729271413566,3.273439920027969,0.27343992002796913,7.942352728016537e-05,2.6474509093388455e-05,7.46893634739073e-10,4.149409081883739e-11,5.224407960687463e-07,8.529518746482928e-12,4.0,0.9999992341544675,0.0,5988,alternating,True,
9,3.0,106338.5169589869,9.403930284129167e-06,2.9095880337944493,96.98626779314831,0.06698110807942591,2.9765691418738753,3.2734416059624056,0.27344160596240563,7.942344150972933e-05,2.647448050324311e-05,7.468925068831053e-10,4.1494028160172516e-11,5.224405713405093e-07,1.1092919786903336e-11,4.0,0.9999881026754889,0.0,5626,perturb,True,
11,3.0,87090.19461954459,1.1482348895515985e-05,2.9101993316616097,97.00664438872032,0.06693419600018596,2.977133527661796,3.2604035746837816,0.2604035746837816,9.453737066083141e-05,3.1512456886943805e-05,1.0855110735923829e-09,4.93414124360174e-11,5.219249497961811e-07,4.862700116871916e-12,4.0,0.9999858954188172,0.0,7292,alternating,True,
11,3.0,87090.19298765993,1.1482349110670739e-05,2.9101983931804662,97.00661310601555,0.06693466479590802,2.977133057976374,3.26040351716732,0.2604035171673198,9.4537560067576e-05,3.151252002252533e-05,1.0855132687669128e-09,4.934151221667785e-11,5.219249595759426e-07,5.938565141758644e-12,4.0,1.0000058678028116,0.0,6895,perturb,True,
15,3.0,63999.171224331934,1.562520234042982e-05,2.9090414479927604,96.96804826642534,0.06693400850536202,2.9759754564981225,3.2602672993474138,0.26026729934741377,0.00012477388848981374,4.1591296163271244e-05,1.9496172544555667e-09,6.498724181518555e-11,5.208400780143273e-07,2.303297523525417e-12,4.0,0.9999798610834087,0.0,9891,alternating,True,
15,3.0,63999.17230642726,1.562520207623955e-05,2.909035071685927,96.96783572286422,0.06693279243054183,2.9759678641164684,3.2602668617291,0.2602668617291002,0.00012477380712019713,4.159126904006571e-05,1.9496159500748173e-09,6.498719833582725e-11,5.208400692079851e-07,2.3141889450061047e-12,4.0,0.9999831301562345,0.0,9459,perturb,True,
21,3.0,45838.03113176069,2.1815945740023516e-05,2.906642540171399,96.88808467237997,0.06696478699640403,2.973607327167803,3.260068389164466,0.26006838916446595,0.00017015491994859581,5.671830664953194e-05,3.7120905009966115e-09,8.8383107166586e-11,5.194272795243694e-07,8.566689408737592e-12,4.0,0.999996367496597,0.0,13751,alternating,True,
21,3.0,45838.0346681357,2.181594405693728e-05,2.906644706970318,96.8881568990106,0.06696440418553827,2.9736091111558562,3.2600684399055067,0.26006843990550665,0.00017015492510305728,5.671830836768576e-05,3.7120903270606507e-09,8.838310302525359e-11,5.194272394508876e-07,6.439289054135008e-12,4.0,0.9999978986033664,0.0,13279,perturb,True,
31,3.0,31166.534876896294,3.2085697173261906e-05,2.9010475648392102,96.70158549464036,0.06710274209148423,2.9681503069306943,3.2597504341291645,0.25975043412916454,0.00024585478911186157,8.195159637062052e-05,7.888422312039359e-09,1.2723261793611869e-10,5.175112447300307e-07,5.5720779516103816e-12,4.0,0.9999897227892449,0.0,20116,alternating,True,
31,3.0,31166.53802408266,3.2085693933259164e-05,2.901041262197144,96.70137540657147,0.06710320746217725,2.9681444696593213,3.2597505412087258,0.25975054120872576,0.0002458547755278312,8.195159184261039e-05,7.888421079616127e-09,1.272325980583246e-10,5.17511192471922e-07,9.970479432424672e-12,4.0,0.99998040697866,0.0,19618,perturb,True,
41,3.0,23645.221514381385,4.229184316974086e-05,2.8915364920123836,96.38454973374611,0.06742649409531395,2.9589629861076974,3.259413392453164,0.2594133924531641,0.00032161684051964005,0.00010720561350654669,1.3601768980004175e-08,1.6587523146346554e-10,5.157541849968398e-07,1.218820544704135e-11,4.0,1.00000617900326,0.0,26411,alternating,True,
41,3.0,23645.221451539048,4.229184328214066e-05,2.8915327478426605,96.38442492808868,0.06742633400282147,2.958959081845482,3.2594133057644963,0.2594133057644963,0.0003216168558934931,0.00010720561863116438,1.3601769666342429e-08,1.6587523983344425e-10,5.15754186367569e-07,9.865861138264143e-12,4.0,1.0000039706919956,0.0,25906,perturb,True,
51,3.0,19082.768664174953,5.240329732012895e-05,2.8873280587495933,96.24426862498645,0.06805957126482784,2.955387630014421,3.259006708613619,0.2590067086136192,0.00039743363527658333,0.00013247787842552778,2.0826832954418485e-08,2.0418463680802438e-10,5.137578168640093e-07,4.0846914347623905e-12,4.0,0.9999729765458407,0.0,32606,alternating,True,
51,3.0,19082.76744234224,5.2403300675410784e-05,2.8873268297490764,96.24422765830253,0.06806080603669244,2.955387635785769,3.259006769259881,0.259006769259881,0.0003974336376815947,0.00013247787922719822,2.0826834413950876e-08,2.0418465111716547e-10,5.137578497589293e-07,1.4413524795520448e-11,4.0,1.000010058154627,0.0,32106,perturb,True,
71,3.0,13807.871869348211,7.242245651336596e-05,2.885686747957895,96.18955826526316,0.06966903842926025,2.9553557863871553,3.258281454574139,0.258281454574139,0.0005493515407616878,0.00018311718025389593,3.978538807136392e-08,2.8017878923495724e-10,5.100172993899012e-07,1.717241548046031e-13,4.0,1.0000105338376593,0.0,44864,alternating,True,
71,3.0,13807.871763482055,7.242245706863525e-05,2.8856958444009644,96.18986148003215,0.06965994699884417,2.9553557913998088,3.258281733528594,0.25828173352859407,0.0005493515069786887,0.00018311716899289626,3.978538592975416e-08,2.8017877415319833e-10,5.100173033002483e-07,1.3130188649833589e-13,4.0,0.9999948284513713,0.0,44373,perturb,True,
101,3.0,9741.163369072881,0.00010265714290090747,2.8848685486640258,96.16228495546751,0.0704744385280609,2.9553429871920867,3.257989277574107,0.25798927757410706,0.0007777482003575734,0.0002592494001191911,7.984140814503102e-08,3.952544957674803e-10,5.082036777272647e-07,1.6892001655145864e-11,4.0,0.9999700242874712,0.0,63528,alternating,True,
101,3.0,9741.162988103597,0.00010265714691574823,2.8848684642991884,96.16228214330629,0.07047452381098983,2.955342988110178,3.2579891222395925,0.25798912223959247,0.0007777482210154395,0.0002592494070051465,7.984141338824381e-08,3.9525452172397926e-10,5.08203697602714e-07,1.2370914570923585e-11,4.0,0.9999775326987359,0.0,63063,perturb,True,
2,3.0,,,0.0,,2.8607067946993077,2.8607067946993077,,,,,,,,,,,0.0,2005,alternating,False,latched / no sustained swing
4,3.0,,,0.0,,2.860707133078737,2.860707133078737,,,,,,,,,,,0.0,2008,alternating,False,latched / no sustained swing
6,3.0,,,0.0,,2.860708070204682,2.860708070204682,,,,,,,,,,,0.0,2008,alternating,False,latched / no sustained swing
10,3.0,,,0.0,,2.8607095169443526,2.8607095169443526,,,,,,,,,,,0.0,2010,alternating,False,latched / no sustained swing
