kind,w1,w2,w3,w4,cboot,freq,swing,swing_pct,vmin,vmax,x_max,boost,power,e_per_transition,tpd,jitter,n_periods,oob_frac,steps,oscillates,reason,dc_gain,dc_gain_vm,dc_voh,dc_vol,dc_snm,dc_pstatic
pC,5.0,10.0,40.0,20.0,0.0,173380.74394123923,1.9800749516636327,66.00249838878776,0.15020520657772193,2.1302801582413546,2.6666443309022005,-0.33335566909779946,2.4892540647011137e-05,1.4357154134398864e-11,5.767653184940259e-07,3.521959945828259e-11,4.0,0.0,2440,True,,2.1294445039450807,1.6095500485479655,2.837861744103387,0.07282851472527743,0.5048229643585882,4.753230820109948e-06
pC,5.0,10.0,40.0,40.0,0.0,168494.33513644934,2.034438501537816,67.8146167179272,0.0883228841578298,2.1227613856956458,2.7417720137224872,-0.25822798627751276,3.0902583302687906e-05,1.8340428642697402e-11,5.934917629071532e-07,1.0432279340424199e-10,5.0,0.0,2512,True,,2.16232870892361,1.9045940358120679,2.7428670928166428,0.0578372943151423,0.5123207339082474,4.81947071334465e-06
pC,5.0,10.0,40.0,80.0,0.0,150547.49297952728,1.967007075007762,65.56690250025873,0.07034645821012882,2.0373535332178907,2.7902198820633695,-0.20978011793663054,3.830638157817765e-05,2.544471569738254e-11,6.642422136753804e-07,8.191008052449028e-11,4.0,0.0,2305,True,,2.110280933511916,1.946277339485301,2.567412693860893,0.05062745775195032,0.4795488483597817,4.905368479313168e-06
pC,5.0,10.0,40.0,160.0,0.0,161452.7338847472,1.615809467242799,53.860315574759966,0.0894365340103997,1.7052460012531987,2.723446309230822,-0.27655369076917813,5.745535622064258e-05,3.558648704063259e-11,6.193763189627055e-07,1.565918138557212e-11,5.0,0.0,2147,True,,2.42171850127774,1.8984605065418603,2.367336887569376,0.039662994829447906,0.505346404997241,5.127802790466133e-06
pC,5.0,10.0,80.0,20.0,0.0,178183.02548124126,1.9676263637343965,65.58754545781322,0.22401800801864707,2.1916443717530436,2.535984268506222,-0.46401573149377784,2.902554819649172e-05,1.6289738103895575e-11,5.612206871553418e-07,4.481507540813539e-11,5.0,0.0,2401,True,,2.1554833340617847,1.5307106787255336,2.906704151590729,0.1013416496724589,0.49121577501088043,5.509781989018613e-06
pC,5.0,10.0,80.0,40.0,0.0,169308.86912129028,2.011499643705832,67.04998812352773,0.13738753330931572,2.1488871770151476,2.5754959805586757,-0.4245040194413243,3.7095993695132536e-05,2.191024834532297e-11,5.906365125406486e-07,4.324024449938722e-11,5.0,0.0,2434,True,,10.649606061708315,1.8297143049843543,2.8611377340876736,0.07341179625180982,0.5344116700292358,5.687232228492401e-06
pC,5.0,10.0,80.0,80.0,0.0,145571.69644468103,1.943425741376612,64.78085804588707,0.10723950205625236,2.0506652434328645,2.6171317601100648,-0.38286823988993524,4.7468161961023796e-05,3.2608098360014825e-11,6.869467241387902e-07,4.50037281921833e-13,4.0,0.0,2181,True,,2.1494047516801515,1.8718739210843445,2.7608329064765353,0.0620527543895943,0.5156764411036855,5.818186811076784e-06
pC,5.0,10.0,80.0,160.0,0.0,150456.94060787873,1.5999511160295663,53.33170386765221,0.13575806483702624,1.7357091808665925,2.5628692783310485,-0.4371307216689515,7.336839958093347e-05,4.876371889825035e-11,6.646419872421855e-07,5.896536602641622e-11,4.0,0.0,2084,True,,2.417620619998099,1.7686092532349547,2.5843489541946605,0.04792276007999707,0.5516711458002737,6.091876247905485e-06
pC,5.0,10.0,160.0,20.0,0.0,259591.76896016175,1.9980866832164024,66.60288944054675,0.3734435755302923,2.3715302587466947,2.4962082581572167,-0.5037917418427833,3.8418013690401416e-05,1.4799395930114118e-11,3.8522022635989856e-07,1.9362892220290715e-11,7.0,0.0,3242,True,,1.7895144233119709,1.3215122050928325,2.927757343772843,0.23683377942400458,0.36457005031832546,7.365674530298226e-06
pC,5.0,10.0,160.0,40.0,0.0,245451.45986801732,2.308392065529591,76.9464021843197,0.19206972664118183,2.500461792170773,2.6831073053594694,-0.3168926946405306,5.345022467889715e-05,2.177629120952798e-11,4.074125289528585e-07,3.5231711382452833e-11,7.0,0.0,3842,True,,2.0415168217389237,1.6257148227821876,2.9023382096122194,0.13510323012187964,0.41303406879267895,8.71352322329952e-06
pC,5.0,10.0,160.0,80.0,0.0,202323.73510439106,2.23447773801155,74.48259126705167,0.14143647677650675,2.375914214788057,2.6769528505158933,-0.32304714948410673,6.851779655969538e-05,3.386542687359093e-11,4.942573838329149e-07,2.1500784115983139e-13,6.0,0.0,3177,True,,2.069255581680636,1.753325436096391,2.857371704708597,0.09492191698898422,0.4574642057592484,9.387500371630172e-06
pC,5.0,10.0,160.0,160.0,0.0,170966.6575117814,1.8544765671985803,61.81588557328601,0.15750918407621103,2.0119857512747914,2.5350254669955152,-0.46497453300448477,0.0001025790862863465,5.999946877318913e-11,5.849093703730445e-07,5.399587150418412e-11,4.0,0.0,2157,True,,2.12033413957613,1.7191458657008276,2.7856270180679896,0.06613680637102731,0.5203075577481644,1.0042282822393514e-05
pC,5.0,20.0,40.0,20.0,0.0,135526.96933351416,2.226044409804365,74.20148032681216,0.05763019105935986,2.283674600863725,2.7946003428877892,-0.20539965711221075,2.7763383969622395e-05,2.048550491917246e-11,7.378605195096857e-07,9.97784326892855e-13,3.0,0.0,2847,True,,2.505528597398495,2.1815480765323887,2.836580436571934,0.054077715599974444,0.5802842896586864,5.424070329714177e-06
pC,5.0,20.0,40.0,40.0,0.0,143046.07369365613,2.202947560544339,73.43158535147796,0.012551052607175494,2.2154986131515146,2.828698908361927,-0.17130109163807283,3.0353213830372607e-05,2.1219186970050144e-11,6.990754616177545e-07,3.278580229581209e-13,3.0,0.0,2885,True,,2.6614682797526825,2.4617000682774606,2.7406244500818584,0.044342186102913975,0.5606544033558024,5.454323076051545e-06
pC,5.0,20.0,40.0,80.0,0.0,132646.25708626886,2.143332365076053,71.44441216920177,-0.034356797724036034,2.108975567352017,2.857559770703115,-0.14244022929688516,3.4838581686124684e-05,2.626427797617146e-11,7.538848226600409e-07,1.752082764694305e-11,4.0,0.0,2455,True,,6.954559883835788,2.472796637392649,2.5643136081388516,0.03939157824587508,0.5245861817898148,5.522418019213799e-06
pC,5.0,20.0,40.0,160.0,0.0,143258.50846323525,1.78101649740555,59.367216580184994,0.005600677257095459,1.7866171746626456,2.774360482417018,-0.22563951758298195,4.760853681029425e-05,3.323260678964289e-11,6.980388185855168e-07,1.9166423114325573e-11,3.0,0.0,2191,True,,2.500352567625413,2.3536405223257186,2.3640682144501923,0.03055878347129757,0.5256756810142466,5.718385251549615e-06
pC,5.0,20.0,80.0,20.0,0.0,140827.29535434503,2.269961272346906,75.66537574489686,0.08837925068034924,2.358340523027255,2.680366776105105,-0.3196332238948951,3.103514851898223e-05,2.2037736676609892e-11,7.100896154284812e-07,1.0224708915479464e-11,3.0,0.0,2688,True,,2.577314313147042,2.050396441719554,2.905636479258554,0.07059959491366771,0.5944112067594308,5.793718457776174e-06
pC,5.0,20.0,80.0,40.0,0.0,144506.9086624729,2.1906655951609895,73.02218650536632,0.060685521945806696,2.2513511171067964,2.667304835905621,-0.33269516409437916,3.466012458736585e-05,2.3985098642115485e-11,6.920084370054002e-07,2.4984967610556045e-11,4.0,0.0,2723,True,,2.7423718520942373,2.3689481116939723,2.85964094057094,0.05631589722721565,0.5850018178520369,5.851387641742387e-06
pC,5.0,20.0,80.0,80.0,0.0,131326.47589170374,2.077404561599807,69.24681871999357,0.04723947282299064,2.124644034422798,2.6787621791861627,-0.32123782081383734,3.991519313304648e-05,3.0393866021320716e-11,7.614610787428987e-07,4.609278811006969e-11,4.0,0.0,2396,True,,2.627610269404869,2.4070782210723904,2.7584945667364345,0.04939593731873268,0.5643101248066458,5.933458573890528e-06
pC,5.0,20.0,80.0,160.0,0.0,131555.02845228047,1.7797124260507686,59.323747535025625,0.053511969258299895,1.8332243953090686,2.6131255887744693,-0.3868744112255307,5.6855966736160955e-05,4.321839112123682e-11,7.601381807786498e-07,1.928840812835249e-11,4.0,0.0,2099,True,,2.4550412242284096,2.2985874414506777,2.581276313839485,0.03868202219307523,0.5969331776910061,6.149976964645233e-06
pC,5.0,20.0,160.0,20.0,0.0,202007.18755754668,2.5200808199526628,84.00269399842209,0.15049030739463345,2.670571127347296,2.7634895184284143,-0.23651048157158572,3.991615016414809e-05,1.9759767286882802e-11,4.950318907415735e-07,1.3423608749807758e-11,6.0,0.0,4019,True,,2.3651343726627374,1.7031004604525641,2.9263006401113287,0.12909522530839962,0.49452746543209875,7.15673862662805e-06
pC,5.0,20.0,160.0,40.0,0.0,212001.52283229036,2.5304963638373965,84.34987879457988,0.08437857289803889,2.6148749367354354,2.7985008499408957,-0.20149915005910435,4.871694037004082e-05,2.2979523787939814e-11,4.7169472494359274e-07,2.0698317081675867e-11,6.0,0.0,4168,True,,2.6059615824050866,2.0522319648057175,2.9006192082195925,0.0858908927754247,0.5159867954143467,7.555195090318899e-06
pC,5.0,20.0,160.0,80.0,0.0,185652.17997520498,2.396505771224235,79.8835257074745,0.06621621483419797,2.462721986058433,2.7666239259738705,-0.23337607402612948,5.818219609043057e-05,3.1339355184625983e-11,5.386416685942262e-07,2.3165827893173706e-11,5.0,0.0,3552,True,,21.775506913606684,2.1869311916657446,2.8553165329706527,0.07018153965336449,0.5333243690672934,7.766898719432095e-06
pC,5.0,20.0,160.0,160.0,0.0,173374.5973424699,2.0123822872706696,67.07940957568898,0.07172036871570776,2.0841026559863773,2.609270693853055,-0.390729306146945,7.805939375542394e-05,4.502354725083043e-11,5.767857663857654e-07,1.8612209726000956e-11,4.0,0.0,2714,True,,2.5389527046543776,2.22842765151382,2.783162326701481,0.05327519443963513,0.5941110805595612,8.11990000080961e-06
pC,5.0,40.0,40.0,20.0,0.0,95549.76434299273,2.402563511994906,80.0854503998302,-0.04514379353055699,2.3574197184643486,2.8336679618501335,-0.16633203814986652,3.49896225332243e-05,3.661926617382632e-11,1.0465750563343345e-06,6.895659547243457e-12,3.0,0.0,2682,True,,3.2263999754010513,2.9524825883988797,2.8076638602242276,0.04233212428504027,0.6492864405821472,6.464657450802135e-06
pC,5.0,40.0,40.0,40.0,0.0,109280.08978378042,2.334705519576676,77.82351731922253,-0.06700236681987759,2.2677031527567983,2.868931258390363,-0.13106874160963722,3.638463249771549e-05,3.329484132901561e-11,9.150797752624304e-07,5.706284318625137e-12,2.0,0.0,2969,True,,3.3512223409708497,3.1853161260187295,2.690606357057016,0.034557468484086556,0.5982849058423424,6.486633599125774e-06
pC,5.0,40.0,40.0,80.0,0.0,109128.2363708393,2.2234765582565728,74.1158852752191,-0.0795306839620209,2.143945874294552,2.8756118571880807,-0.12438814281191934,3.873081128256697e-05,3.5491099802027426e-11,9.163531211132217e-07,1.1707199879668062e-12,2.0,0.0,2788,True,,3.2102872152088366,3.144552689215538,2.499174568815798,0.03059575908087707,0.5557180141442191,6.550241334123073e-06
pC,5.0,40.0,40.0,160.0,0.0,127403.95682311813,1.8952078362372635,63.17359454124212,-0.07819555608368892,1.8170122801535746,2.7826717914142085,-0.2173282085857915,4.514981394855161e-05,3.5438313749733506e-11,7.849049785701355e-07,4.549161519584037e-11,4.0,0.0,2324,True,,2.915117947743042,2.8979418114549813,2.296325338586314,0.02288726106043667,0.5310368262496454,6.7382964692579725e-06
pC,5.0,40.0,80.0,20.0,0.0,99083.49452050857,2.4082440260301508,80.27480086767169,0.04149207128651937,2.44973609731667,2.7389618005357397,-0.2610381994642603,3.698285515908547e-05,3.7324940281986784e-11,1.0092498299936497e-06,2.4232587829663968e-11,2.0,0.0,2603,True,,3.3165683168074622,2.8084857125400458,2.8784300860355563,0.05399859055057489,0.640049507234943,6.6042636489884035e-06
pC,5.0,40.0,80.0,40.0,0.0,111723.35832727808,2.368875815442198,78.9625271814066,-0.04082569924516296,2.328050116197035,2.736949427481924,-0.26305057251807584,3.875161448286788e-05,3.4685329069101554e-11,8.950679741210774e-07,2.1455155884670442e-12,3.0,0.0,2804,True,,3.4557557295000834,3.0971012392942856,2.8236709906657733,0.04426302151438084,0.6278732406728003,6.6341014458836694e-06
pC,5.0,40.0,80.0,80.0,0.0,109544.5520361574,2.2472629682402183,74.90876560800727,-0.058522085796803944,2.1887408824434145,2.729279594034026,-0.270720405965974,4.1654749096135265e-05,3.802539544128701e-11,9.128705913827004e-07,3.8519065188999044e-13,2.0,0.0,2619,True,,3.30025353998451,3.1045495681292063,2.7060093912540255,0.03931433612668536,0.6017099341227052,6.702231086598136e-06
pC,5.0,40.0,80.0,160.0,0.0,120556.10632353189,1.926212331942139,64.20707773140462,-0.055394811037263146,1.8708175209048759,2.629042838332442,-0.3709571616675582,5.0447920854944096e-05,4.184601045388685e-11,8.294892979674855e-07,2.0407389146506852e-11,3.0,0.0,2162,True,,2.99714977294434,2.9509689632854323,2.5165493240464656,0.030480016752122675,0.6043479935854001,6.897826553434444e-06
pC,5.0,40.0,160.0,20.0,0.0,140695.31864246883,2.6697624040611223,88.99208013537076,0.069635877865271,2.7393982819263933,2.803826533098214,-0.19617346690178605,4.414293395222808e-05,3.1374842019017646e-11,7.107557022143523e-07,4.944982580653065e-12,3.0,0.0,4033,True,,3.100247888887395,2.389453914144573,2.8886995124439583,0.07723830603369158,0.5652530604944243,7.156965262823487e-06
pC,5.0,40.0,160.0,40.0,0.0,163499.384427754,2.640675919337933,88.02253064459778,0.01938810050104896,2.660064019838982,2.8392622132591985,-0.16073778674080152,4.902033664739894e-05,2.998197015785078e-11,6.116230978483428e-07,1.0925386893474557e-11,5.0,0.0,4444,True,,20.731650224038546,2.7256997724945395,2.858291769415821,0.061069089193064904,0.5847258155165198,7.2595157438341375e-06
pC,5.0,40.0,160.0,80.0,0.0,156384.7645495671,2.5505479481177527,85.01826493725842,-0.044680928734964064,2.5058670193827886,2.820059342256028,-0.17994065774397194,5.5066779297738405e-05,3.5212368325230716e-11,6.394484800871021e-07,1.5870223357989402e-11,4.0,0.0,3938,True,,3.319793531079938,2.8433968112120143,2.8068713684769406,0.05329645045999451,0.5742066529191624,7.363891382392822e-06
pC,5.0,40.0,160.0,160.0,0.0,162827.2085944445,2.167273820896871,72.24246069656238,-0.043376550111148576,2.1238972707857227,2.6531942087124323,-0.3468057912875677,6.695708718133697e-05,4.112155932618591e-11,6.141479723396296e-07,1.3688877167234088e-11,5.0,0.0,3261,True,,6.132684968196827,2.9045310197567296,2.727645329278081,0.041848737253379065,0.63078175137249,7.6128260483050486e-06
pC,5.0,80.0,40.0,20.0,0.0,67150.5390414973,2.273129723542391,75.77099078474636,-0.051285205032665954,2.221844518509725,2.6705191124607013,-0.3294808875392987,3.939865717125677e-05,5.867213835306582e-11,1.489191321877589e-06,1.5508010527251632e-11,10.0,0.0,9337,True,,3.387406570523666,2.8783207637838295,2.7209060820927014,0.039134146248122254,0.7260268458941397,6.941106098812822e-06
pC,5.0,80.0,40.0,40.0,0.0,81624.88745381671,2.232032096733815,74.40106989112716,-0.08017694536883868,2.1518551513649764,2.726502640468242,-0.273497359531758,4.064790746509423e-05,4.979842390360756e-11,1.2251165437328155e-06,4.366912555983692e-12,2.0,0.0,2484,True,,3.4176888831196663,3.05495507720268,2.5549646495094596,0.031733841808637184,0.6590232962445463,6.9620100818545275e-06
pC,5.0,80.0,40.0,80.0,0.0,85988.98227809947,2.148193628353855,71.60645427846184,-0.0975522224184164,2.0506414059354388,2.745640961939541,-0.2543590380604588,4.23421137346004e-05,4.9241324426495175e-11,1.1629396854190818e-06,4.140015254749908e-11,2.0,0.0,2477,True,,3.289306526958228,3.032746454693377,2.3454062832286215,0.02797247716416592,0.6049701627389475,7.02480273079893e-06
pC,5.0,80.0,40.0,160.0,0.0,114108.7478550331,1.8113845027423534,60.37948342474511,-0.08961691638094757,1.721767586361406,2.6691955987829856,-0.3308044012170144,4.5703485226686026e-05,4.0052569225235035e-11,8.763570004908191e-07,1.6162510135690424e-11,3.0,0.0,2331,True,,3.1800473920246355,2.9914031276321844,2.1400151147641697,0.020534243405626824,0.5710261130156423,7.211594789322628e-06
pC,5.0,80.0,80.0,20.0,0.0,69390.78395066089,2.3022577644564057,76.74192548188019,0.0345146151252622,2.3367723795816677,2.577763656650308,-0.42223634334969207,4.122735479280372e-05,5.941330021882692e-11,1.4411135644627283e-06,2.4882347808547784e-11,11.0,0.0,9202,True,,3.4634869652299187,2.7474779314872184,2.7755207084435494,0.049276537473138926,0.7159131561466616,7.032651955287128e-06
pC,5.0,80.0,80.0,40.0,0.0,83472.51635300796,2.316399223123319,77.21330743744396,-0.05206484006406923,2.26433438305925,2.641362743534218,-0.3586372564657818,4.2857906302086716e-05,5.134373345214519e-11,1.1979991064016422e-06,4.380705897994797e-12,2.0,0.0,2401,True,,3.5178020403982373,2.9719153212761182,2.7060541134694542,0.04047125732410184,0.6979950591555731,7.0586959105169405e-06
pC,5.0,80.0,80.0,80.0,0.0,87316.04463032153,2.2219062099033065,74.06354033011021,-0.07316804221685726,2.148738167686449,2.6567050786206505,-0.34329492137934947,4.500975030684998e-05,5.154808660586053e-11,1.1452648871508069e-06,2.2302164921346956e-11,2.0,0.0,2376,True,,3.3867658821968973,2.9640349674226396,2.5646937907514396,0.03597463295097744,0.6615328146177847,7.124576118176832e-06
pC,5.0,80.0,80.0,160.0,0.0,111441.81208038153,1.8745908391964878,62.48636130654959,-0.0753266342145582,1.7992642049819296,2.5522555685730817,-0.44774443142691833,4.998512425004796e-05,4.4853115107276195e-11,8.973292710627435e-07,2.6783522331378387e-11,3.0,0.0,2270,True,,3.2715955927447027,2.954388231656874,2.3631881863735966,0.027631128700693515,0.6515951968043519,7.316616919330271e-06
pC,5.0,80.0,160.0,20.0,0.0,96425.84633051198,2.4961740113198845,83.20580037732948,0.06354403944567537,2.55971805076556,2.574656220538045,-0.4253437794619548,4.7005884936726045e-05,4.8748221276282435e-11,1.0370663448183504e-06,7.368369051030405e-13,2.0,0.0,2978,True,,3.0289002494579904,2.3354511636280044,2.760677050590436,0.06536795779923643,0.6384205036679615,7.338752167011274e-06
pC,5.0,80.0,160.0,40.0,0.0,119841.19874128429,2.5077284404754336,83.59094801584779,0.016817705174972275,2.524546145650406,2.630603596119601,-0.36939640388039896,5.124017392729709e-05,4.275672678968729e-11,8.344375811517216e-07,5.7639778163781626e-12,3.0,0.0,3678,True,,3.1518721700019796,2.6004760525128576,2.724261696082035,0.05328898515396756,0.6299992691155432,7.405666927009906e-06
pC,5.0,80.0,160.0,80.0,0.0,123004.10076434529,2.475487838170711,82.51626127235703,-0.050767904327247565,2.424719933843463,2.684335083801199,-0.3156649161988012,5.6161787467821886e-05,4.565846757858766e-11,8.129810256617607e-07,5.881718326807011e-12,3.0,0.0,3555,True,,3.2654651504193737,2.691182126811402,2.6657572002226573,0.04716199063709138,0.6401801863950473,7.493336678002882e-06
pC,5.0,80.0,160.0,160.0,0.0,141388.16725584795,2.159882054006339,71.99606846687797,-0.06415762283139238,2.0957244311749466,2.5715324344396193,-0.4284675655603807,6.496859081396401e-05,4.595051486621265e-11,7.072727650472031e-07,1.2039266171503211e-12,3.0,0.0,3179,True,,3.3114915522970705,2.7838882900479454,2.579923522030267,0.03718683567162584,0.6654611459589711,7.721334180581337e-06
pC,10.0,10.0,40.0,20.0,0.0,191701.89111519043,1.7074916212010811,56.91638737336937,0.2862052041916912,1.9936968253927723,2.5782481918507325,-0.4217518081492675,2.8870597269276625e-05,1.5060152563611784e-11,5.216432629760115e-07,4.211092243421098e-11,5.0,0.0,2188,True,,1.9934498019254647,1.3635485204738034,2.8391839681943623,0.09303362860297712,0.4545523555350259,6.163273495175576e-06
pC,10.0,10.0,40.0,40.0,0.0,188693.77831111447,1.9091608129539888,63.638693765132956,0.14868528124102715,2.057846094195016,2.71243919282187,-0.28756080717813015,3.7482317626919406e-05,1.9864098309123538e-11,5.29959179868252e-07,1.6710419328516447e-11,5.0,0.0,2467,True,,1.9866499259300667,1.667894515370307,2.7451825495316644,0.06944624534245442,0.46391958152210677,6.304535675726259e-06
pC,10.0,10.0,40.0,80.0,0.0,167822.6921161702,1.8760710524053812,62.53570174684604,0.10948050613446655,1.9855515585398478,2.772578662854994,-0.2274213371450058,4.6812758577373766e-05,2.7894176876252854e-11,5.958669756696431e-07,8.521750635570572e-11,5.0,0.0,2299,True,,12.275222699369369,1.7323525422512152,2.570630975078913,0.059319519621812755,0.434421399921047,6.4219446950245795e-06
pC,10.0,10.0,40.0,160.0,0.0,177523.50182019782,1.526620106370504,50.8873368790168,0.13497047606873877,1.6615905824392427,2.718651736289006,-0.28134826371099386,6.8162971646198e-05,3.8396590280894704e-11,5.63305697412862e-07,2.1208402966992443e-11,5.0,0.0,2139,True,,2.4132451995061053,1.7005365930175986,2.370736892123019,0.04605238631430868,0.4849858497493593,6.681926058992793e-06
pC,10.0,10.0,80.0,20.0,0.0,198323.8311780126,1.5740585259461324,52.468617531537745,0.4198624896378483,1.9939210155839806,2.411769814854789,-0.588230185145211,3.337534787266574e-05,1.6828712754499236e-11,5.042258381457014e-07,2.0566428308356947e-11,6.0,0.0,2109,True,,2.0010408653966465,1.309256925076171,2.9077930888907284,0.14314044905822793,0.4396735043335119,7.129996001003931e-06
pC,10.0,10.0,80.0,40.0,0.0,190633.64402255134,1.8540397572539087,61.80132524179695,0.2269554714341821,2.080995228688091,2.5515294329939318,-0.44847056700606824,4.5043471919855166e-05,2.3628290877410217e-11,5.245663771090183e-07,4.3005903200364433e-11,5.0,0.0,2346,True,,2.0550270636495043,1.5927821370361674,2.8626723414482598,0.09044187276009463,0.4837746600517168,7.580541634735391e-06
pC,10.0,10.0,80.0,80.0,0.0,167038.76451545733,1.8370369243332245,61.23456414444082,0.16839390484224423,2.0054308291754688,2.6177214055558755,-0.3822785944441245,5.842081878160453e-05,3.497440785740391e-11,5.986634317493785e-07,2.1026116497609533e-11,5.0,0.0,2206,True,,15.728589486603166,1.6458735490297156,2.763244688717176,0.07267692199862391,0.46697197599903,7.802510402561264e-06
pC,10.0,10.0,80.0,160.0,0.0,172193.2387831201,1.486030221697365,49.5343407232455,0.2010053603452732,1.6870355820426384,2.5709933558018796,-0.4290066441981204,8.805719753773419e-05,5.113859182859295e-11,5.807428950561263e-07,5.541931727050794e-11,4.0,0.0,2087,True,,2.405657585069202,1.5398805206177246,2.5875389393337347,0.05467598577359341,0.5063227581498977,8.1569044538897e-06
pC,10.0,10.0,160.0,20.0,0.0,300384.9889166764,1.241348240291377,41.37827467637923,0.7146828162303404,1.9560310565217174,2.185150496890448,-0.814849503109552,4.314557660964303e-05,1.4363426336730546e-11,3.3290611611667103e-07,4.361913782531637e-11,9.0,0.0,2217,True,,1.5687966721999942,1.1744386002785938,2.9292370144119753,0.32488343697055855,0.28659266569216085,9.121359345263394e-06
pC,10.0,10.0,160.0,40.0,0.0,265767.8890207136,2.0450885643633994,68.16961881211331,0.31646262524584995,2.361551189609249,2.5773766926012556,-0.42262330739874443,6.31487062598056e-05,2.3760848796478898e-11,3.76268180360217e-07,2.22378712699902e-11,8.0,0.0,3418,True,,1.815802341490837,1.4450281172064818,2.9040934720074265,0.19184935727857977,0.36162337888785545,1.1226165281763677e-05
pC,10.0,10.0,160.0,80.0,0.0,216891.76825871083,2.059836483384754,68.66121611282513,0.23004071053504135,2.289877193919795,2.6194783952028167,-0.38052160479718333,8.258990135041398e-05,3.807885472716505e-11,4.610594528452501e-07,6.117804928871444e-11,6.0,0.0,2915,True,,1.8586385044777671,1.5764724895806643,2.859480098475861,0.12239231333217054,0.38150146571702975,1.2595110870311352e-05
pC,10.0,10.0,160.0,160.0,0.0,188001.34935586972,1.6950357834986942,56.50119278328981,0.23264161212277468,1.9276773956214688,2.500102353781439,-0.49989764621856114,0.00012168934679798865,6.472791137665806e-11,5.319110758652532e-07,9.280939356732939e-11,5.0,0.0,2104,True,,1.9669142139314317,1.5069204176862514,2.7881671364365186,0.0764880704477362,0.47118372196049135,1.3723729250390357e-05
pC,10.0,20.0,40.0,20.0,0.0,152144.67292799917,2.1287046174880424,70.95682058293475,0.0926436989161246,2.221348316404167,2.768170231545654,-0.23182976845434622,3.3089117194903814e-05,2.1748455965042484e-11,6.57269150970037e-07,3.871480327946755e-11,4.0,0.0,2719,True,,23.91875710952248,1.8542279018528751,2.837938965429311,0.06353325673278176,0.5300785362015171,6.998424938023997e-06
pC,10.0,20.0,40.0,40.0,0.0,160128.39940456915,2.105481013119898,70.18270043732994,0.060902098881042074,2.1663831120009402,2.807952654469741,-0.19204734553025915,3.657935022269607e-05,2.2843761855307912e-11,6.24498842003329e-07,3.72039769025277e-11,5.0,0.0,2732,True,,2.339310014315288,2.1410702028888453,2.7430022892520753,0.05148697293816777,0.5123459862936816,7.042776253955995e-06
pC,10.0,20.0,40.0,80.0,0.0,147241.0742143072,2.022644258202075,67.42147527340249,0.04566418286820013,2.068308441070275,2.8420703606370874,-0.1579296393629126,4.210091110327992e-05,2.8593183884275837e-11,6.79158315936024e-07,6.109460417302735e-11,4.0,0.0,2432,True,,2.279230884320384,2.1652466969243522,2.5676000829200074,0.04548174939424737,0.4795838494360435,7.1181007002772035e-06
pC,10.0,20.0,40.0,160.0,0.0,158138.9561579691,1.686402429576795,56.2134143192265,0.05894312858348211,1.745345558160277,2.7715175694333847,-0.22848243056661532,5.698979805917238e-05,3.603779830331231e-11,6.323552553370051e-07,7.681692333104023e-11,4.0,0.0,2201,True,,2.37417057291515,2.075458750166303,2.3675346990523813,0.03560338246487672,0.5053886310624576,7.325556171650147e-06
pC,10.0,20.0,80.0,20.0,0.0,157607.79061251998,2.150019277817522,71.66730926058406,0.14018200390094615,2.290201281718468,2.6433105828492875,-0.35668941715071245,3.733069493493682e-05,2.3685818315107682e-11,6.34486402045003e-07,3.2642609966111616e-11,4.0,0.0,2586,True,,2.257461051897735,1.7594292387255313,2.9067681066916506,0.08508527838234706,0.5429346444169484,7.576424675326468e-06
pC,10.0,20.0,80.0,40.0,0.0,162663.07308857498,2.1192394362341775,70.64131454113925,0.09023791068959221,2.20947734692377,2.657056500441696,-0.34294349955830405,4.2540568942402884e-05,2.6152566857776168e-11,6.147676796044973e-07,4.984962911400126e-11,5.0,0.0,2685,True,,2.410216240083855,2.0650104019847397,2.861227651571981,0.0651367484232373,0.5344284650798133,7.679727775669448e-06
pC,10.0,20.0,80.0,80.0,0.0,146764.5715774597,2.029243353693143,67.64144512310476,0.07318019181160736,2.10242354550475,2.6863351288361423,-0.31366487116385766,4.964980765078707e-05,3.382955921660071e-11,6.813633489688743e-07,1.6965694190447663e-12,4.0,0.0,2345,True,,2.3140761567434254,2.1006442791118882,2.7609737980143407,0.056180700948288045,0.5402600313911319,7.782033215500154e-06
pC,10.0,20.0,80.0,160.0,0.0,149205.32954150424,1.7301747670699799,57.672492235666,0.08137695848543042,1.8115517255554103,2.6333449469238777,-0.36665505307612234,6.927241287409819e-05,4.642757271939725e-11,6.702173461718279e-07,5.586525110501581e-11,4.0,0.0,2121,True,,2.3725780190633947,1.981016047961372,2.584534717892801,0.04379313778265785,0.5517108000706596,8.024295665408473e-06
pC,10.0,20.0,160.0,20.0,0.0,222675.9479787899,2.2984760295753808,76.61586765251269,0.24838483200774286,2.5468608615831236,2.665441738044175,-0.33455826195582494,4.741499069247392e-05,2.1293269939055228e-11,4.490830774840806e-07,3.780749442711662e-11,6.0,0.0,3610,True,,2.0172594367685974,1.4994786765986419,2.927844446542613,0.1846431482389264,0.4166638817428238,9.279640753062363e-06
pC,10.0,20.0,160.0,40.0,0.0,228535.71606574664,2.412174861479795,80.40582871599317,0.134512907754587,2.546687769234382,2.752035703929555,-0.24796429607044512,5.9184757256977835e-05,2.5897377563492604e-11,4.3756836664966344e-07,3.576893220845579e-11,7.0,0.0,3975,True,,2.2713048255158697,1.8231169118781374,2.902441247471339,0.10863626590839412,0.4646798237167984,1.0150736081293729e-05
pC,10.0,20.0,160.0,80.0,0.0,198350.68758099966,2.3111647650010294,77.03882550003432,0.10028009358887638,2.4114448585899058,2.7300462265187386,-0.26995377348126137,7.115403483644611e-05,3.5872845062555794e-11,5.041575666792857e-07,4.144595630481684e-11,6.0,0.0,3443,True,,2.283623736184836,1.951444762776786,2.857495185205368,0.08252289604853918,0.4828997513291306,1.054390731915711e-05
pC,10.0,20.0,160.0,160.0,0.0,179503.2217827129,1.963632445314016,65.45441484380054,0.1002647645350527,2.0638972098490687,2.6024622517706684,-0.39753774822933163,9.53229500342386e-05,5.310375439925318e-11,5.570930649982936e-07,4.3409008637806753e-11,5.0,0.0,2539,True,,2.250367429045326,1.9365211802456432,2.785775464028375,0.060236248042408555,0.5451131556290116,1.1027807371981148e-05
pC,10.0,40.0,40.0,20.0,0.0,105774.19747037513,2.307645810687235,76.92152702290784,0.015578720149333173,2.323224530836568,2.8253470493178505,-0.17465295068214948,4.359034834083416e-05,4.121075780607345e-11,9.454101509775826e-07,2.032441631715041e-12,2.0,0.0,2704,True,,2.8190387114921975,2.6060364081361818,2.810378296656216,0.04613024142533949,0.5999207701932404,8.666605564467882e-06
pC,10.0,40.0,40.0,40.0,0.0,122539.5603618915,2.2891707459659725,76.30569153219908,-0.05005792157627246,2.2391128243897,2.8649351704328354,-0.1350648295671646,4.469289151563214e-05,3.647221467389168e-11,8.160629898187469e-07,6.018107876236282e-12,3.0,0.0,3031,True,,2.9682716007902457,2.8470027811242957,2.695234205671194,0.03782565569324482,0.5753413988576721,8.690368327658487e-06
pC,10.0,40.0,40.0,80.0,0.0,122327.03954977985,2.178651333234327,72.6217111078109,-0.06264889329162418,2.116002439942703,2.8776581032930806,-0.12234189670691942,4.697390323159707e-05,3.840026163020277e-11,8.174807497021616e-07,7.688529413178775e-11,3.0,0.0,2816,True,,2.847757054303088,2.8042790149900894,2.5049226156680993,0.03358717626335894,0.512436461149541,8.754934364154065e-06
pC,10.0,40.0,40.0,160.0,0.0,141172.51847241458,1.847226047674581,61.5742015891527,-0.05915644283250271,1.7880696048420783,2.791109378452834,-0.20889062154716598,5.357779897197281e-05,3.7952003372697516e-11,7.083531630806758e-07,8.748544902969602e-11,3.0,0.0,2338,True,,2.594388399947718,2.568064039995909,2.3022443796873784,0.0255397672108737,0.5119284945992333,8.944793347104761e-06
pC,10.0,40.0,80.0,20.0,0.0,110073.7393133331,2.358402231088851,78.61340770296171,0.05859635095999252,2.4169985820488438,2.7305873518455583,-0.26941264815444166,4.644878933476671e-05,4.219788445865982e-11,9.084819015309596e-07,1.223820113446187e-11,2.0,0.0,2636,True,,2.901770836326506,2.4924363569154617,2.881220401319296,0.059353839149581616,0.5894163664014554,8.872441306840743e-06
pC,10.0,40.0,80.0,40.0,0.0,125929.1059061983,2.2830200652458137,76.10066884152712,0.017511186254995547,2.3005312515008094,2.729290839723411,-0.270709160276589,4.806609372726599e-05,3.816916937619594e-11,7.940975938834006e-07,9.260402912016498e-12,3.0,0.0,2911,True,,3.062425859184117,2.7823562468603464,2.8271994095364104,0.048377486657894334,0.6035115092074864,8.908587006139851e-06
pC,10.0,40.0,80.0,80.0,0.0,123730.1562639059,2.2109607371427678,73.69869123809225,-0.03903154692732881,2.171929190215439,2.741202259575438,-0.25879774042456205,5.134117581977177e-05,4.1494472624980286e-11,8.082104073861226e-07,5.102119032232254e-13,3.0,0.0,2730,True,,2.922040767358908,2.780778634850147,2.7108762511365363,0.04285304680415283,0.5786804468335731,8.979978777400244e-06
pC,10.0,40.0,80.0,160.0,0.0,134881.36849241194,1.8851525780178804,62.83841926726268,-0.023431037498821344,1.861721540519059,2.6566657465258934,-0.3433342534741066,6.062755001184484e-05,4.4948795144568527e-11,7.41392240586777e-07,3.9726419970600724e-11,3.0,0.0,2215,True,,2.63548364965132,2.5961138765462968,2.522269799631135,0.033433976359373285,0.5832876234192637,9.180869313926484e-06
pC,10.0,40.0,160.0,20.0,0.0,152808.9357484313,2.6111988777894433,87.03996259298144,0.09388501918044438,2.705083896969888,2.787743902553622,-0.21225609744637808,5.553052091950607e-05,3.6339838797729555e-11,6.544119917478489e-07,4.096129114661298e-12,4.0,0.0,3893,True,,2.7251620351535166,2.1348661402853595,2.8925241890896,0.09171878861982466,0.5145467846166982,9.721016546132258e-06
pC,10.0,40.0,160.0,40.0,0.0,178093.9189334738,2.5661205144143744,85.53735048047913,0.05512347914992569,2.6212439935643,2.812626545988296,-0.1873734540117038,6.079135528023638e-05,3.413443628187256e-11,5.615014852772966e-07,2.2036530868172278e-13,5.0,0.0,4385,True,,2.9570751535075317,2.4718274661041244,2.86247367674094,0.06923423296310421,0.5346612013034172,9.883814441383712e-06
pC,10.0,40.0,160.0,80.0,0.0,169539.5280039131,2.4470140493066834,81.56713497688945,0.02181109839227539,2.4688251476989587,2.7921363122728065,-0.20786368772719355,6.71849244883552e-05,3.9627882228623715e-11,5.898329503293883e-07,1.7471972164888542e-11,5.0,0.0,3901,True,,2.949944751443155,2.581599723216139,2.8115167361410167,0.059302846262100445,0.5501501394966692,1.0012933643769728e-05
pC,10.0,40.0,160.0,160.0,0.0,172726.8155976842,2.0729508847923133,69.09836282641045,0.0288666693461758,2.101817554138489,2.6464413124121533,-0.3535586875878467,8.039774625003069e-05,4.654618680477115e-11,5.789489006323158e-07,7.545323682765139e-12,4.0,0.0,3203,True,,2.803356532428296,2.5924270760518904,2.7327930153657425,0.046157987365926315,0.5833589351681054,1.0289420612101857e-05
pC,10.0,80.0,40.0,20.0,0.0,73074.08276215236,2.2347666130308657,74.49222043436218,-0.026979339074104106,2.2077872739567614,2.6762327520307645,-0.3237672479692355,5.102133537829523e-05,6.98213832452249e-11,1.3684742417566617e-06,3.015569731794278e-12,11.0,0.0,9329,True,,3.0026337376211245,2.61496932981479,2.733545118219034,0.04060257792145819,0.6807727309889022,9.618655465294292e-06
pC,10.0,80.0,40.0,40.0,0.0,90410.6661327648,2.20594119939877,73.53137331329233,-0.062404740563806536,2.1435364588349635,2.7281507336754234,-0.2718492663245766,5.18222110022539e-05,5.731869171957527e-11,1.1060641877491933e-06,5.059725221808788e-12,2.0,0.0,2529,True,,3.0710633856691913,2.8115531023457208,2.5731194072271206,0.03303824887127291,0.6179332692406436,9.639986980522449e-06
pC,10.0,80.0,40.0,80.0,0.0,96152.89506280105,2.1129250552373344,70.43083517457781,-0.07577296687300918,2.037152088364325,2.7554655663470133,-0.24453443365298666,5.3107854860527044e-05,5.523271538089448e-11,1.0400102871024973e-06,5.742645140438713e-12,3.0,0.0,2539,True,,2.9482037830255194,2.7790487617768997,2.3648832788360163,0.02918856210457655,0.5679254727779854,9.703036457141456e-06
pC,10.0,80.0,40.0,160.0,0.0,125909.88264851054,1.7849399788078588,59.49799929359529,-0.07769228154956281,1.707247697258296,2.6863794507028045,-0.3136205492971955,5.534866308920885e-05,4.395895058032889e-11,7.942188325213482e-07,1.0747719736488641e-10,3.0,0.0,2364,True,,3.048059743781787,2.7059867286237687,2.1596833448990136,0.021627556759678174,0.5378559581764107,9.890299430401228e-06
pC,10.0,80.0,80.0,20.0,0.0,75932.09036392435,2.2829829723196284,76.09943241065427,0.04732420432016413,2.3303071766397925,2.594893556958546,-0.40510644304145416,5.355348950340296e-05,7.0528138033253e-11,1.3169662460327895e-06,8.288467425878253e-13,12.0,0.0,9329,True,,3.0844966850197295,2.5105384573629945,2.7912718672906234,0.05148705335628745,0.6703224675270917,9.731386944226296e-06
pC,10.0,80.0,80.0,40.0,0.0,93144.48662403437,2.2882806614483853,76.2760220482795,-0.03277545432191616,2.255505207126469,2.644143516062273,-0.35585648393772695,5.483385730743691e-05,5.886967580675672e-11,1.0736008498671212e-06,1.1876343041872326e-12,2.0,0.0,2447,True,,3.1716373666741333,2.750554771754849,2.723056488164069,0.04226422508238599,0.6539405801891904,9.758997863429385e-06
pC,10.0,80.0,80.0,80.0,0.0,98003.72436973645,2.2044207111496017,73.48069037165338,-0.058845152091317465,2.145575559058284,2.674348631973388,-0.325651368026612,5.6906546191123986e-05,5.806569756107833e-11,1.0203693853789907e-06,1.2266781591419116e-12,2.0,0.0,2461,True,,3.037029822798388,2.7312422448942413,2.583422128041539,0.03756258400063159,0.6204074622132068,9.82573475415061e-06
pC,10.0,80.0,80.0,160.0,0.0,122225.85811769658,1.8810631318312672,62.702104394375574,-0.06389411387611674,1.8171690179551505,2.596631646856067,-0.40336835314393316,6.142390146002265e-05,5.025442439592031e-11,8.181574794402806e-07,9.759305550640884e-12,3.0,0.0,2336,True,,3.13786474168302,2.6754308534462363,2.3826376294469194,0.028992174767904617,0.6145735537342459,1.0019229178432454e-05
pC,10.0,80.0,160.0,20.0,0.0,103082.5558114836,2.4812311621567775,82.70770540522592,0.07451227790151894,2.5557434400582966,2.5891357911183226,-0.4108642088816774,6.074181640210186e-05,5.892540781893875e-11,9.700962419177795e-07,5.290759319640393e-13,2.0,0.0,2906,True,,2.718866342280137,2.162160235405166,2.778898845628351,0.0708631099461473,0.5684842643198912,1.0148496952816627e-05
pC,10.0,80.0,160.0,40.0,0.0,129451.35132132052,2.466493251948886,82.21644173162953,0.04296360044454096,2.509456852393427,2.6246112190365487,-0.3753887809634513,6.487903271835198e-05,5.011846694231184e-11,7.72490970386109e-07,1.2812246920229738e-11,4.0,0.0,3637,True,,2.883353910095792,2.4434176931029548,2.742908093562944,0.05702099596048464,0.5611215723520242,1.0230457922050637e-05
pC,10.0,80.0,160.0,80.0,0.0,133250.75644348306,2.4318970397370085,81.06323465790028,-0.025454478888416475,2.406442560848592,2.662500936484758,-0.33749906351524217,6.984098503872581e-05,5.241319967166426e-11,7.504647828578292e-07,5.4037326578813865e-12,3.0,0.0,3530,True,,2.961929066936193,2.512812778890514,2.6848263300263646,0.05015378167772627,0.5969996554307654,1.0325314122163258e-05
pC,10.0,80.0,160.0,160.0,0.0,150617.1126688192,2.1381563090789104,71.27187696929701,-0.04788208311446738,2.090274225964443,2.5773925178482457,-0.42260748215175425,7.899635145179383e-05,5.2448456919694804e-11,6.639351812558151e-07,1.434402778130999e-11,4.0,0.0,3137,True,,2.9568068791296014,2.556067713330481,2.599305579847001,0.039492625246823954,0.6242218647914191,1.0562710887530951e-05
pC,20.0,10.0,40.0,20.0,0.0,,0.0,,1.1463267981240484,1.1463267981240484,,,,,,,,0.0,2284,False,latched / no sustained swing,1.8659584923681791,1.0442589953064774,2.840948620974874,0.18090080438847,0.3790290631875291,9.154172952188725e-06
pC,20.0,10.0,40.0,40.0,0.0,230048.76813927823,1.4881493606996417,49.60497868998806,0.36344205273398655,1.8515914134336282,2.580235902707251,-0.4197640972927492,4.694301632343852e-05,2.0405680370788965e-11,4.3469043893969945e-07,1.3347134659705877e-11,7.0,0.0,2198,True,,1.7927834946493704,1.3644692685774096,2.7482744160636727,0.10457502835243201,0.3911091272775088,9.875888142254305e-06
pC,20.0,10.0,40.0,80.0,0.0,197061.71121927176,1.6343964449966906,54.47988149988968,0.23082956101718338,1.865226006013874,2.7102639990105124,-0.2897360009894876,6.0632181562044775e-05,3.0768118873472574e-11,5.074552503440377e-07,1.4239350129759618e-11,6.0,0.0,2214,True,,1.7381018017529755,1.4661632680486922,2.5749584162267993,0.08007235007937508,0.38934716321490337,1.0184530278626413e-05
pC,20.0,10.0,40.0,160.0,0.0,202710.5468590394,1.3065249505059708,43.55083168353236,0.24210668035403926,1.54863163086001,2.6765497627912116,-0.3234502372087884,8.477129430486548e-05,4.181888688989312e-11,4.933142431387049e-07,1.4666809606121952e-10,6.0,0.0,2094,True,,2.419221926370637,1.4476172149267523,2.3753180549832855,0.05874927919558519,0.4436688501537604,1.0592385723940408e-05
pC,20.0,10.0,80.0,20.0,0.0,,0.0,,1.24023756028075,1.24023756028075,,,,,,,,0.0,2243,False,latched / no sustained swing,1.821166671422418,1.0103859531402295,2.909226005293144,0.2815563917150288,0.33638659965423173,1.0228523941615863e-05
pC,20.0,10.0,80.0,40.0,0.0,247017.17557498996,1.2557522376507564,41.85840792169188,0.5480411840950639,1.8037934217458202,2.4115502729898046,-0.5884497270101954,5.589637600052726e-05,2.2628538226305697e-11,4.0483014902598064e-07,5.7289432571785495e-12,8.0,0.0,2107,True,,1.8512121144276534,1.2756624918667556,2.8647043984453378,0.159106020137031,0.40767837106628985,1.1867219675186018e-05
pC,20.0,10.0,80.0,80.0,0.0,210387.8150531183,1.5069037675543915,50.23012558514639,0.354626340028443,1.8615301075828345,2.5671381426164,-0.43286185738360006,7.582049848923615e-05,3.60384457009039e-11,4.753126980036947e-07,1.359466728433445e-11,5.0,0.0,2146,True,,1.792669117782225,1.354642159939469,2.766460951650558,0.10546380984083206,0.3936972676829985,1.2785165536347596e-05
pC,20.0,10.0,80.0,160.0,0.0,210514.4495831345,1.10534217187424,36.844739062474666,0.40187620915563316,1.5072183810298732,2.5142694743860368,-0.48573052561396324,0.00011000752975176068,5.2256522043783734e-11,4.750267746371913e-07,3.637896026092287e-11,5.0,0.0,2088,True,,2.40571015694524,1.249447477599719,2.5918269189451504,0.07036815051204359,0.4841090086919118,1.3583179705065358e-05
pC,20.0,10.0,160.0,20.0,0.0,,0.0,,1.4145860856312304,1.4145860856312304,,,,,,,,0.0,2203,False,latched / no sustained swing,1.3198013829001525,0.9525753592749654,2.9311736147286362,0.5083737960950527,0.13035551822702535,1.2496299615649206e-05
pC,20.0,10.0,160.0,40.0,0.0,363850.5388001752,0.5730204943137847,19.10068314379282,1.0206969790415545,1.5937174733553392,2.0869747365236773,-0.9130252634763227,7.485443308207474e-05,2.0572852064178034e-11,2.748381253735603e-07,5.567779004686365e-09,11.0,0.0,2135,True,,1.5465148551789412,1.1834900054301944,2.9064055228341203,0.3261709092599996,0.25850805711623137,1.6148614794495703e-05
pC,20.0,10.0,160.0,80.0,0.0,266413.15581018786,1.5063416933259735,50.211389777532446,0.49525886180349504,2.0016005551294684,2.4343739651506278,-0.5656260348493722,0.00010484041100896722,3.935256526282928e-11,3.7535683887640774e-07,3.5210025775515295e-11,8.0,0.0,2356,True,,1.615267241841707,1.335393921447583,2.8622733245414964,0.20871885617685493,0.305499302247948,1.9037680493667394e-05
pC,20.0,10.0,160.0,160.0,0.0,227187.46949044487,1.367434263813452,45.581142127115065,0.40950496790122687,1.7769392317146788,2.460238249812544,-0.5397617501874561,0.0001495706233000239,6.583577150425306e-11,4.401651210090433e-07,2.1228293739629113e-11,6.0,0.0,2096,True,,1.8012606597015974,1.2383561173199267,2.791551066472997,0.10354074041503503,0.42209710333631584,2.2055147371940628e-05
pC,20.0,20.0,40.0,20.0,0.0,184790.37621038884,1.7138980104185084,57.12993368061694,0.28126094576079425,1.9951589561793026,2.61432654100253,-0.38567345899746996,4.0717584622122966e-05,2.2034472496427462e-11,5.411537226708565e-07,4.5500862517606444e-11,5.0,0.0,2164,True,,1.975361602583746,1.3779547465477502,2.8396977859010732,0.09475882532666266,0.4546346175692997,1.0762653852512909e-05
pC,20.0,20.0,40.0,40.0,0.0,189937.82661832156,1.8987539343324058,63.291797811080194,0.14817918784314033,2.0469331221755462,2.741923143653881,-0.2580768563461189,4.874693463895405e-05,2.5664679599030372e-11,5.264880712831844e-07,5.2241245856013104e-11,5.0,0.0,2478,True,,1.976190133043474,1.6794758812936874,2.7460826367649904,0.07031456849279621,0.46407169093016387,1.091189593644865e-05
pC,20.0,20.0,40.0,80.0,0.0,172646.506890645,1.8625365832565894,62.08455277521964,0.10991526606225181,1.9724518493188412,2.793385200038493,-0.2066147999615069,5.710529026022001e-05,3.307642377982819e-11,5.792182060384251e-07,1.4123799188771998e-10,4.0,0.0,2342,True,,4.610903484680138,1.7418923471777634,2.5718871844479594,0.059930965178511916,0.43463369185947986,1.1032330278521866e-05
pC,20.0,20.0,40.0,160.0,0.0,182182.3180607931,1.5275126015767215,50.91708671922405,0.1310077376318383,1.65852033920856,2.742071737539272,-0.257928262460728,7.515183058973627e-05,4.125089162860392e-11,5.48900689509454e-07,1.6569908446700358e-10,5.0,0.0,2147,True,,2.379245681103962,1.700943345530419,2.372065629575184,0.04647851369238831,0.48525767192603075,1.1295531753743907e-05
pC,20.0,20.0,80.0,20.0,0.0,196955.76427142872,1.6152665903375074,53.842219677916916,0.40035703713937826,2.0156236274768857,2.4646715701605157,-0.5353284298394843,4.632132797799064e-05,2.3518645493489736e-11,5.07728221968604e-07,2.4701261501679773e-12,6.0,0.0,2134,True,,1.985158254285409,1.327683274757351,2.9082127098768344,0.1468243950176491,0.4397369532185642,1.173739411612347e-05
pC,20.0,20.0,80.0,40.0,0.0,199161.22918666629,1.8772991212148327,62.57663737382776,0.214113008609634,2.091412129824467,2.6072778651578288,-0.3927221348421712,5.737180020703612e-05,2.8806711246627073e-11,5.021057582762445e-07,7.040231614726391e-11,6.0,0.0,2466,True,,2.044970635295897,1.607221415517156,2.8632659242606673,0.0918442154565618,0.45840786823813245,1.2216080552425895e-05
pC,20.0,20.0,80.0,80.0,0.0,179513.54673420053,1.8614622603774058,62.04874201258019,0.1569457072220969,2.0184079675995026,2.669313404595583,-0.3306865954044169,6.930663198595406e-05,3.8608023320141954e-11,5.570610230773643e-07,6.747922580864986e-11,5.0,0.0,2329,True,,24.987701355124916,1.6579126916702764,2.7641815040673308,0.07347229201058558,0.4671302922411617,1.244744727666296e-05
pC,20.0,20.0,80.0,160.0,0.0,182817.15847286774,1.5478098234530928,51.593660781769756,0.1750267544120187,1.7228365778651116,2.6263349166433456,-0.3736650833566544,9.467684126915877e-05,5.1787721710601886e-11,5.469946083580617e-07,9.700585144868424e-11,5.0,0.0,2098,True,,2.3721059834982405,1.5437461519506208,2.588783863944569,0.05514453561265062,0.5065663616965205,1.2809171111223371e-05
pC,20.0,20.0,160.0,20.0,0.0,286196.9748571957,1.2552007100004436,41.840023666681454,0.7092431162475635,1.9644438262480073,2.209712095248825,-0.790287904751175,5.711845943461377e-05,1.995774394998909e-11,3.494097030546784e-07,3.8718076344432873e-11,9.0,0.0,2176,True,,1.5682323255040274,1.197935903551091,2.929805448720927,0.3309319305877314,0.28664828055127667,1.3736976988196172e-05
pC,20.0,20.0,160.0,40.0,0.0,265790.09194918134,2.017942129521547,67.26473765071823,0.3188637814819163,2.3368059110034634,2.5864138296211894,-0.4135861703788106,7.832932730809805e-05,2.9470371424934265e-11,3.762367485809811e-07,1.2986446742546842e-11,8.0,0.0,3375,True,,1.8198515120400884,1.4659819440824944,2.904770333751838,0.1960622750515329,0.3617076630313974,1.589245362194707e-05
pC,20.0,20.0,160.0,80.0,0.0,225888.8544246923,2.055143467490164,68.50478224967213,0.22299953621208238,2.2781430037022465,2.638551617599557,-0.3614483824004431,9.689037812998536e-05,4.289294324713442e-11,4.4269559139908064e-07,6.787994419412176e-11,6.0,0.0,3065,True,,1.8577736054409684,1.5957897392607745,2.860295873260169,0.12466916439767703,0.3816103034305968,1.7313203934982666e-05
pC,20.0,20.0,160.0,160.0,0.0,202091.2146352854,1.768984955417964,58.9661651805988,0.19968953657289956,1.9686744919908634,2.5550724239395195,-0.4449275760604805,0.00012957799846024948,6.411857076226656e-11,4.948260624810944e-07,3.1117245095543404e-11,6.0,0.0,2308,True,,1.9530229087072257,1.518956384903252,2.7891532157683363,0.07723917989814266,0.4713503635235606,1.8485328032039574e-05
pC,20.0,40.0,40.0,20.0,0.0,126221.16683505385,2.1578908746737184,71.92969582245728,0.0755220007095455,2.233412875383264,2.790717501181442,-0.20928249881855798,6.09263888162512e-05,4.8269549667426196e-11,7.922601454847923e-07,4.023873078610341e-13,3.0,0.0,2570,True,,2.1714348493439957,2.019663327381972,2.8124370443489335,0.05824467167462931,0.5253152128315347,1.4135505689638282e-05
pC,20.0,40.0,40.0,40.0,0.0,148063.60449622083,2.101094994717713,70.03649982392376,0.05102490490470153,2.1521198996224142,2.8204106300032064,-0.17958936999679365,6.119863031044745e-05,4.133266275576148e-11,6.753854219627106e-07,2.8346064805322776e-11,4.0,0.0,2975,True,,2.3564641016065764,2.270552052054078,2.6987556122179335,0.04757472226472781,0.5040814626095047,1.417099763574016e-05
pC,20.0,40.0,40.0,80.0,0.0,145938.96908341118,2.002697705638657,66.75659018795523,0.032278918737318835,2.0349766243759757,2.8383009783206212,-0.16169902167937877,6.3236955032217e-05,4.333109616258425e-11,6.852179416372687e-07,2.9681427915862402e-12,4.0,0.0,2708,True,,2.2810619200273834,2.246669997124859,2.5093298768736156,0.04218445859210891,0.4686999700075233,1.424171826574797e-05
pC,20.0,40.0,40.0,160.0,0.0,164610.69237635253,1.656539197145905,55.217973238196834,0.048718225172220346,1.7052574223181252,2.7690048747821647,-0.23099512521783527,7.040476354938774e-05,4.2770468025503474e-11,6.074939516770157e-07,1.8657384974051098e-10,5.0,0.0,2281,True,,2.423936884309678,2.0698221220761006,2.306788986125321,0.03290265091189293,0.4719039132286801,1.4442128214068756e-05
pC,20.0,40.0,80.0,20.0,0.0,134177.93076817485,2.212960724072721,73.7653574690907,0.10770735703549719,2.3206680811082183,2.687448337713721,-0.3125516622862792,6.634900603156943e-05,4.9448523800984496e-11,7.452790442325007e-07,1.9975928114286006e-12,3.0,0.0,2544,True,,2.2390663842900267,1.9572449012887165,2.8833066871054482,0.07677711409589477,0.5129070970296306,1.4597731708336729e-05
pC,20.0,40.0,80.0,40.0,0.0,155841.4169072017,2.152775511799567,71.75918372665222,0.07311954447443904,2.225895056274006,2.709412164144198,-0.29058783585580183,6.827592351142841e-05,4.381115422743135e-11,6.416779440573659e-07,1.4233256150183954e-12,4.0,0.0,2988,True,,2.4285085013989374,2.233737057334256,2.8298579016535976,0.06026492693177052,0.5285691314858547,1.4672359078256513e-05
pC,20.0,40.0,80.0,80.0,0.0,152966.46522169773,2.0508863573227343,68.36287857742447,0.057969067682549225,2.1088554250052836,2.7326855091808615,-0.2673144908191385,7.214417621804114e-05,4.716339369775001e-11,6.537380585677244e-07,6.120129901595851e-11,4.0,0.0,2822,True,,2.322033705644145,2.2283646722024426,2.7145796136556717,0.052499140490056065,0.5070371158568598,1.4762164988087044e-05
pC,20.0,40.0,80.0,160.0,0.0,163825.06468098692,1.7449744491750967,58.16581497250323,0.06386973412134571,1.8088441832964424,2.6713617736415816,-0.32863822635841844,8.298285910655281e-05,5.065333517074666e-11,6.104072059713688e-07,2.4341963279521355e-12,5.0,0.0,2263,True,,2.472875724000604,2.0286752950205127,2.5266549802374927,0.04106357631060628,0.5393554325266998,1.4989050032529323e-05
pC,20.0,40.0,160.0,20.0,0.0,180817.19525015744,2.3679179423415353,78.93059807805118,0.2002061727264646,2.568124115068,2.686619436940816,-0.31338056305918416,7.972113719849678e-05,4.4089356152330515e-11,5.530447469979375e-07,1.6402272592253072e-11,5.0,0.0,3507,True,,2.100157739189342,1.7153998685860345,2.895394647959262,0.15299899211642526,0.41204592498781994,1.6143650652862607e-05
pC,20.0,40.0,160.0,40.0,0.0,208828.0208679831,2.4026149727981587,80.08716575993863,0.11334781022922978,2.5159627830273883,2.7484560074468916,-0.25154399255310844,8.726897311284423e-05,4.178987702422077e-11,4.788629398696355e-07,2.4210638458815456e-11,5.0,0.0,4124,True,,2.3550008789370054,2.029848910500037,2.865625465652691,0.09536305850851975,0.43329753943101745,1.673438943741089e-05
pC,20.0,40.0,160.0,80.0,0.0,195905.39857778183,2.295883642636428,76.5294547545476,0.08494738166175786,2.380831024298186,2.725787858061143,-0.274212141938857,9.581644022118473e-05,4.8909545585157515e-11,5.104504558116924e-07,7.728777769842518e-12,6.0,0.0,3751,True,,9.110473481321812,2.13426782548201,2.8150342138942186,0.0159287060949303,0.45068598835850804,1.7730483016669035e-05
pC,20.0,40.0,160.0,160.0,0.0,191777.8017348176,1.9732109986502397,65.77369995500798,0.08225064144561416,2.055461640095854,2.6277285025616566,-0.3722714974383434,0.00011246790923664376,5.86449047904719e-11,5.214367830656223e-07,7.899345610065827e-11,5.0,0.0,3027,True,,2.2241841312863926,2.06378727792024,2.7367115616318385,0.05648500190603334,0.5111709857988865,1.7417943045791945e-05
pC,20.0,80.0,40.0,20.0,0.0,84792.74574465105,2.095259685468906,69.8419895156302,0.05003347057892963,2.1452931560478357,2.658761029083352,-0.3412389709166481,7.717393052769507e-05,9.101477944835087e-11,1.1793461707342842e-06,5.7070970196329736e-12,2.0,0.0,2199,True,,2.369764787285021,2.148787057615296,2.7434186389796476,0.0465874006832976,0.6100282777534836,1.6747824502877655e-05
pC,20.0,80.0,40.0,40.0,0.0,108053.42046784858,2.0568923631836715,68.56307877278905,0.01296650326690878,2.06985886645058,2.695360100670003,-0.304639899329997,7.574404990634042e-05,7.009870634208951e-11,9.254681579446633e-07,2.7200889855956943e-12,2.0,0.0,2487,True,,2.4961596516950237,2.36845172090771,2.5876789567108816,0.03821252483977346,0.552381988777055,1.6771809826828642e-05
pC,20.0,80.0,40.0,80.0,0.0,115182.74247475615,2.0015379374137043,66.71793124712347,-0.03431978899221351,1.967218148421491,2.71750851430705,-0.28249148569295013,7.525629233919189e-05,6.533643037340018e-11,8.68185614020402e-07,1.2143004422716584e-11,3.0,0.0,2495,True,,2.393223502403856,2.3245430425315434,2.3806705153846455,0.03393789057276997,0.4870179886740274,1.683629266036335e-05
pC,20.0,80.0,40.0,160.0,0.0,147706.40913802973,1.6558759451572593,55.19586483857531,-0.01762026585011095,1.6382556793071483,2.6603756668436613,-0.33962433315633866,7.423336512157193e-05,5.025737580026186e-11,6.770186925778643e-07,8.551744056035362e-11,4.0,0.0,2296,True,,2.9125219249968026,2.205581097149059,2.1756426129188027,0.025848121982896266,0.5031283367404517,1.7026256635333877e-05
pC,20.0,80.0,80.0,20.0,0.0,89729.1671309683,2.2099262197624108,73.6642073254137,0.07124645869715669,2.2811726784595674,2.6029197852089236,-0.39708021479107636,8.251347069204772e-05,9.19583601746926e-11,1.1144648189371962e-06,1.3933660608232874e-12,2.0,0.0,2218,True,,2.448179089720469,2.090132656561067,2.8035411503599246,0.05999285324039415,0.57352538429391,1.6962256377253694e-05
pC,20.0,80.0,80.0,40.0,0.0,114023.95589093833,2.145899094721853,71.52996982406177,0.047029970248899045,2.1929290649707522,2.6353271164124297,-0.36467288358757033,8.21322515351082e-05,7.203069819263776e-11,8.770086883816593e-07,5.4758081211651685e-12,3.0,0.0,2526,True,,2.5875338989936267,2.3420138730670725,2.7364731359473966,0.04885441775636347,0.5598051616623155,1.6999279389264712e-05
pC,20.0,80.0,80.0,80.0,0.0,120888.21561190767,2.0699660161474456,68.99886720491484,0.01571653175339441,2.08568254790084,2.6586365218145813,-0.3413634781854187,8.320908166708304e-05,6.883142516902766e-11,8.272104894081161e-07,5.930620030441526e-13,3.0,0.0,2585,True,,2.461036795231365,2.310043006398835,2.598481568064365,0.04325703321324598,0.5546879811521708,1.7070905956027317e-05
pC,20.0,80.0,80.0,160.0,0.0,146268.26011221015,1.7591388210070336,58.63796070023445,0.01747424057653193,1.7766130615835656,2.6073077707536068,-0.39269222924639324,8.579557676053477e-05,5.865631866730105e-11,6.8367532315818e-07,9.546027769622881e-11,4.0,0.0,2364,True,,3.0009928733279643,2.171137954779201,2.398398816956332,0.03376637401596831,0.5546418333830189,1.727238351991932e-05
pC,20.0,80.0,160.0,20.0,0.0,118545.53481172593,2.3667079864880303,78.89026621626768,0.12166632898490035,2.4883743154729308,2.5645335503213484,-0.43546644967865156,9.427254821945373e-05,7.95243349900757e-11,8.435577110417533e-07,3.3400176279338594e-12,3.0,0.0,2620,True,,2.2008914914863453,1.8478124493652148,2.7933654355527686,0.09356338861747268,0.44721682456108897,1.7845167773638585e-05
pC,20.0,80.0,160.0,40.0,0.0,150780.96112134875,2.3642233762366356,78.80744587455452,0.07574109455104922,2.4399644707876846,2.605581623013778,-0.3944183769862222,9.813186822770878e-05,6.508239999129074e-11,6.632137058704636e-07,1.635959678626612e-11,4.0,0.0,3492,True,,2.427951085354721,2.1346875579469917,2.757780411985612,0.07018319148504684,0.4660485456154803,1.801698707067169e-05
pC,20.0,80.0,160.0,80.0,0.0,155693.0962809907,2.2730800530220385,75.76933510073462,0.0555086476555133,2.328588700677552,2.601407955869607,-0.39859204413039295,0.00010271786140912749,6.59745768198643e-11,6.422892368941183e-07,9.304751854934754e-12,4.0,0.0,3432,True,,2.442226008207683,2.1906945977587924,2.7001194720718598,0.05997178580169597,0.48032019841908247,1.8149357606646256e-05
pC,20.0,80.0,160.0,160.0,0.0,169748.01704421215,1.9909699545215083,66.36566515071694,0.04721554826302708,2.0381855027845353,2.5445628194144176,-0.45543718058558236,0.00011200593275550758,6.598364723538113e-11,5.891085017738631e-07,5.080672504961888e-12,5.0,0.0,3014,True,,2.377849416048292,2.1480037148666002,2.6149281562695386,0.04662169276570334,0.5581987718079476,1.8429319473213935e-05
pCzb,5.0,10.0,160.0,80.0,0.0,,0.0,,0.1971707057420363,0.1971707057420363,,,,,,,,0.0,2218,False,latched / no sustained swing,175.941882852056,0.5935129866399467,2.37255078418265,0.04091816789402511,1.012918791369064,4.0235369232224055e-07
pCzb,5.0,10.0,160.0,80.0,2e-12,,0.0,,0.19717158153052788,0.19717158153052788,,,,,,,,0.0,2227,False,latched / no sustained swing,175.941882852056,0.5935129866399467,2.37255078418265,0.04091816789402511,1.012918791369064,4.0235369232224055e-07
pCzb,20.0,10.0,80.0,40.0,0.0,,0.0,,0.2218914107989345,0.2218914107989345,,,,,,,,0.0,2264,False,latched / no sustained swing,165.11407655611185,0.6824684059203873,2.4705011827456786,0.03703808703579653,1.054736989735158,1.681802548790031e-07
pCzb,20.0,10.0,80.0,40.0,2e-12,,0.0,,0.22188926719220814,0.22188926719220814,,,,,,,,0.0,2249,False,latched / no sustained swing,165.11407655611185,0.6824684059203873,2.4705011827456786,0.03703808703579653,1.054736989735158,1.681802548790031e-07
pCzb,5.0,10.0,40.0,20.0,2e-12,,0.0,,0.2037616677075757,0.2037616677075757,,,,,,,,0.0,2221,False,latched / no sustained swing,174.76753508496395,0.7880143628192023,2.4820107690868882,0.036596143883859816,1.1479550387618564,8.582925589862116e-08
pCzb,20.0,10.0,40.0,20.0,2e-12,,0.0,,0.20406582542398025,0.20406582542398025,,,,,,,,0.0,2222,False,latched / no sustained swing,164.76068089790041,0.7919465777135039,2.5239463104996633,0.03659954858586684,1.1449015990787301,8.609435713272518e-08
