device,VD,VG,ID,IG,IS,absIg,absId,r
bot2,0.0,-5,2.2028e-12,-3.2060000000000004e-11,3.444e-11,3.2060000000000004e-11,2.2028e-12,-15605980211.617092
bot2,0.1,-5,-4.205e-12,1.69e-12,1.4830000000000002e-11,1.69e-12,4.205e-12,-318471337579.61786
bot2,0.2,-5,1.5748e-12,-2.87e-12,7.200000000000003e-13,2.87e-12,1.5748e-12,45195697369.610405
bot2,0.3,-5,2.202e-13,-2.3000000000000013e-13,1.6800000000000001e-12,2.3000000000000013e-13,2.202e-13,-75849514563.10681
bot2,0.4,-5,-1.062e-12,3.2600000000000002e-12,2.41e-12,3.2600000000000002e-12,1.062e-12,-89605734767.0251
bot2,0.5,-5,-2.0118e-12,1.5380000000000003e-11,3.87e-12,1.5380000000000003e-11,2.0118e-12,-115848007414.27245
bot2,0.6,-5,-2.7884e-12,2.8870000000000003e-11,5.810000000000001e-12,2.8870000000000003e-11,2.7884e-12,-143719459614.8319
bot2,0.7,-5,-3.4034e-12,4.5290000000000006e-11,8.570000000000001e-12,4.5290000000000006e-11,3.4034e-12,-164717509471.25687
bot2,0.8,-5,-4.0026e-12,5.558e-11,1.3290000000000002e-11,5.558e-11,4.0026e-12,-271444082519.00107
bot2,0.9,-5,-4.1402e-12,6.04e-11,1.818e-11,6.04e-11,4.1402e-12,-643915003219.5751
bot2,1.0,-5,-4.3132e-12,5.911e-11,2.3830000000000003e-11,5.911e-11,4.3132e-12,22444673878.88855
bot2,1.1,-5,4.7706e-12,-1.5e-11,-3.652e-11,1.5e-11,4.7706e-12,25030036043.2519
bot2,1.2,-5,3.6772e-12,-2.0500000000000004e-12,-9.88e-12,2.0500000000000004e-12,3.6772e-12,-37319002836.24421
bot2,1.3,-5,-5.886e-13,2.08e-12,-1.6600000000000002e-12,2.08e-12,5.886e-13,-64045087741.77027
bot2,1.4,-5,5.544e-13,-1.6e-12,-2.780000000000001e-12,1.6e-12,5.544e-13,81900081900.0819
bot2,1.5,-5,1.8534e-12,-1.1960000000000002e-11,-4.11e-12,1.1960000000000002e-11,1.8534e-12,93817431278.73157
bot2,1.6,-5,2.6862e-12,-2.4650000000000003e-11,-5.120000000000001e-12,2.4650000000000003e-11,2.6862e-12,141924496168.0386
bot2,1.7,-5,3.2626e-12,-3.823e-11,-7.54e-12,3.823e-11,3.2626e-12,187969924812.0301
bot2,1.8,-5,3.7502e-12,-5.2680000000000006e-11,-1.109e-11,5.2680000000000006e-11,3.7502e-12,273298715496.0373
bot2,1.9,-5,3.9944e-12,-5.956e-11,-1.5380000000000003e-11,5.956e-11,3.9944e-12,558971492453.8848
bot2,2.0,-5,4.108e-12,-5.998000000000001e-11,-2.074e-11,5.998000000000001e-11,4.108e-12,-22957895220.166206
bot2,2.1,-5,-4.7172e-12,2.7490000000000003e-11,3.453e-11,2.7490000000000003e-11,4.7172e-12,-23561011238.60237
bot2,2.2,-5,-4.3806e-12,1.22e-12,1.728e-11,1.22e-12,4.3806e-12,30082425846.82032
bot2,2.3000000000000003,-5,1.9312e-12,-2.29e-12,-2.7e-13,2.29e-12,1.9312e-12,40673554055.15328
bot2,2.4,-5,5.366e-13,-1.8200000000000003e-12,1.4700000000000002e-12,1.8200000000000003e-12,5.366e-13,-73179656055.61644
bot2,2.5,-5,-8.018e-13,2.49e-12,2.2200000000000002e-12,2.49e-12,8.018e-13,-81973932289.53201
bot2,2.6,-5,-1.9032e-12,1.128e-11,3.77e-12,1.128e-11,1.9032e-12,-110011001100.11012
bot2,2.7,-5,-2.6198e-12,2.371e-11,5.24e-12,2.371e-11,2.6198e-12,-146606069491.27704
bot2,2.8000000000000003,-5,-3.2674e-12,4.215e-11,7.81e-12,4.215e-11,3.2674e-12,-177430801987.2247
bot2,2.9,-5,-3.747e-12,5.386e-11,1.087e-11,5.386e-11,3.747e-12,-253678335870.1165
bot2,3.0,-5,-4.0558e-12,5.847e-11,1.529e-11,5.847e-11,4.0558e-12,-400320256204.9642
bot2,3.1,-5,-4.2466e-12,5.992e-11,2.114e-11,5.992e-11,4.2466e-12,22913181953.577915
bot2,3.2,-5,4.6728e-12,-2.604e-11,-3.58e-11,2.604e-11,4.6728e-12,24077239785.23104
bot2,3.3000000000000003,-5,4.06e-12,-1.5800000000000001e-12,-1.442e-11,1.5800000000000001e-12,4.06e-12,-33301142229.178417
bot2,3.4,-5,-1.333e-12,1.7200000000000001e-12,-1.32e-12,1.7200000000000001e-12,1.333e-12,-47301452154.581085
bot2,3.5,-5,-1.682e-13,9.100000000000002e-13,-1.9900000000000002e-12,9.100000000000002e-13,1.682e-13,86229197206.17409
bot2,3.6,-5,9.864e-13,-3.53e-12,-3.1e-12,3.53e-12,9.864e-13,108932461873.63844
bot2,3.7,-5,1.6678e-12,-1.026e-11,-3.76e-12,1.026e-11,1.6678e-12,120992135511.19188
bot2,3.8,-5,2.6394e-12,-2.457e-11,-5.75e-12,2.457e-11,2.6394e-12,116238521446.00703
bot2,3.9,-5,3.3884e-12,-4.0120000000000006e-11,-7.6e-12,4.0120000000000006e-11,3.3884e-12,173370319001.38675
bot2,4.0,-5,3.793e-12,-5.2610000000000006e-11,-1.1360000000000002e-11,5.2610000000000006e-11,3.793e-12,283205890682.5258
bot2,4.1,-5,4.0946e-12,-5.912e-11,-1.668e-11,5.912e-11,4.0946e-12,394477317554.2408
bot2,4.2,-5,4.3e-12,-6.112e-11,-2.232e-11,6.112e-11,4.3e-12,-22775411665.56588
bot2,4.3,-5,-4.6868e-12,2.093e-11,3.573e-11,2.093e-11,4.6868e-12,-24783147459.72741
bot2,4.4,-5,-3.77e-12,1.31e-12,1.23e-11,1.31e-12,3.77e-12,34455431898.83888
bot2,4.5,-5,1.1178e-12,-2.47e-12,1.07e-12,2.47e-12,1.1178e-12,56395217685.54032
bot2,4.6000000000000005,-5,-2.236e-13,1.3e-13,2.24e-12,1.3e-13,2.236e-13,-80612656187.02144
bot2,4.7,-5,-1.3632e-12,8.710000000000001e-12,3.51e-12,8.710000000000001e-12,1.3632e-12,-96918007365.7682
bot2,4.8,-5,-2.2872e-12,2.0880000000000003e-11,5.060000000000001e-12,2.0880000000000003e-11,2.2872e-12,-126646403242.14804
bot2,4.9,-5,-2.9424e-12,3.798e-11,7.29e-12,3.798e-11,2.9424e-12,-190876121397.21332
bot2,5.0,-5,-3.335e-12,4.941000000000001e-11,1.052e-11,4.941000000000001e-11,3.335e-12,-254712175241.97583
bot2,0.0,-4,-4.8762e-12,1.18e-12,3.0430000000000005e-11,1.18e-12,4.8762e-12,29069767441.860462
bot2,0.1,-4,-1.4362e-12,2.03e-12,-1.3800000000000002e-12,2.03e-12,1.4362e-12,42394437849.75411
bot2,0.2,-4,-1.586e-13,2.8e-13,-2.2200000000000002e-12,2.8e-13,1.586e-13,76740081344.48622
bot2,0.3,-4,1.17e-12,-3.81e-12,-2.7000000000000002e-12,3.81e-12,1.17e-12,92276460274.98384
bot2,0.4,-4,2.0088e-12,-1.531e-11,-4.18e-12,1.531e-11,2.0088e-12,118948495301.53448
bot2,0.5,-4,2.8514e-12,-3.0360000000000006e-11,-6.490000000000001e-12,3.0360000000000006e-11,2.8514e-12,155183116076.9708
bot2,0.6,-4,3.2976e-12,-4.185e-11,-8.370000000000003e-12,4.185e-11,3.2976e-12,203748981255.09384
bot2,0.7,-4,3.833e-12,-5.3740000000000006e-11,-1.2e-11,5.3740000000000006e-11,3.833e-12,247831474597.2739
bot2,0.8,-4,4.1046e-12,-6.020000000000001e-11,-1.7620000000000003e-11,6.020000000000001e-11,4.1046e-12,414078674948.2399
bot2,0.9,-4,4.316e-12,-5.907000000000001e-11,-2.371e-11,5.907000000000001e-11,4.316e-12,-22450720668.13344
bot2,1.0,-4,-4.8038e-12,1.75e-11,3.636e-11,1.75e-11,4.8038e-12,-24902258634.85819
bot2,1.1,-4,-3.7154e-12,1.5700000000000002e-12,1.097e-11,1.5700000000000002e-12,3.7154e-12,34120376688.95864
bot2,1.2,-4,1.0578e-12,-2.26e-12,1.1600000000000001e-12,2.26e-12,1.0578e-12,53798149343.66256
bot2,1.3,-4,2.2e-15,-9e-14,1.8100000000000002e-12,9e-14,2.2e-15,-101522842639.594
bot2,1.4,-4,-9.122e-13,3.840000000000001e-12,2.54e-12,3.840000000000001e-12,9.122e-13,-102249488752.5562
bot2,1.5,-4,-1.9538e-12,1.406e-11,4.21e-12,1.406e-11,1.9538e-12,-99443118536.19728
bot2,1.6,-4,-2.9234e-12,3.0140000000000005e-11,6.340000000000001e-12,3.0140000000000005e-11,2.9234e-12,-128287363694.67609
bot2,1.7,-4,-3.5128e-12,4.407e-11,8.370000000000003e-12,4.407e-11,3.5128e-12,-223813786929.27487
bot2,1.8,-4,-3.817e-12,5.3330000000000005e-11,1.154e-11,5.3330000000000005e-11,3.817e-12,-385505011565.1506
bot2,1.9,-4,-4.0316e-12,5.995000000000001e-11,1.5430000000000002e-11,5.995000000000001e-11,4.0316e-12,-550357732526.1409
bot2,2.0,-4,-4.1804e-12,6.113e-11,2.083e-11,6.113e-11,4.1804e-12,23120852697.047462
bot2,2.1,-4,4.6186e-12,-2.711e-11,-3.515e-11,2.711e-11,4.6186e-12,23803289614.624763
bot2,2.2,-4,4.2218e-12,-1.27e-12,-1.454e-11,1.27e-12,4.2218e-12,-31616554427.89848
bot2,2.3000000000000003,-4,-1.7072e-12,1.8200000000000003e-12,-1.08e-12,1.8200000000000003e-12,1.7072e-12,-47207666525.0436
bot2,2.4,-4,-1.48e-14,6.8e-13,-2.5300000000000003e-12,6.8e-13,1.48e-14,179468772433.59628
bot2,2.5,-4,-5.928e-13,1.6e-12,-1.73e-12,1.6e-12,5.928e-13,205507603781.3401
bot2,2.6,-4,9.584e-13,-2.6100000000000004e-12,-2.8e-12,2.6100000000000004e-12,9.584e-13,74371560315.33548
bot2,2.7,-4,2.0964e-12,-1.506e-11,-4.250000000000001e-12,1.506e-11,2.0964e-12,100130169219.98608
bot2,2.8000000000000003,-4,2.9558e-12,-3.238e-11,-6.570000000000001e-12,3.238e-11,2.9558e-12,140311491511.15457
bot2,2.9,-4,3.5218e-12,-4.716e-11,-9.37e-12,4.716e-11,3.5218e-12,202511138112.596
bot2,3.0,-4,3.9434e-12,-5.525e-11,-1.332e-11,5.525e-11,3.9434e-12,276701715550.6366
bot2,3.1,-4,4.2446e-12,-6.066e-11,-1.89e-11,6.066e-11,4.2446e-12,-23331233522.31635
bot2,3.2,-4,-4.6288e-12,2.874e-11,3.4680000000000003e-11,2.874e-11,4.6288e-12,-23499001292.445087
bot2,3.3000000000000003,-4,-4.2664e-12,1.2500000000000001e-12,1.73e-11,1.2500000000000001e-12,4.2664e-12,31301843678.59263
bot2,3.4,-4,1.7606e-12,-2.24e-12,7.700000000000002e-13,2.24e-12,1.7606e-12,43372657876.47462
bot2,3.5,-4,3.448e-13,-1.14e-12,1.64e-12,1.14e-12,3.448e-13,-77405371932.81221
bot2,3.6,-4,-8.232e-13,2.2700000000000002e-12,2.47e-12,2.2700000000000002e-12,8.232e-13,-85954959601.16905
bot2,3.7,-4,-1.982e-12,1.391e-11,3.96e-12,1.391e-11,1.982e-12,-95219958103.21852
bot2,3.8,-4,-2.9236e-12,3.1080000000000004e-11,6.080000000000001e-12,3.1080000000000004e-11,2.9236e-12,-132380195922.6898
bot2,3.9,-4,-3.4928e-12,4.629e-11,8.680000000000001e-12,4.629e-11,3.4928e-12,-200360649168.50305
bot2,4.0,-4,-3.9218e-12,5.58e-11,1.259e-11,5.58e-11,3.9218e-12,-352982703847.51074
bot2,4.1,-4,-4.0594e-12,5.940000000000001e-11,1.646e-11,5.940000000000001e-11,4.0594e-12,-581395348837.2096
bot2,4.2,-4,-4.2658e-12,5.951000000000001e-11,2.149e-11,5.951000000000001e-11,4.2658e-12,22803977013.59119
bot2,4.3,-4,4.711e-12,-2.018e-11,-3.6330000000000005e-11,2.018e-11,4.711e-12,24465430346.919827
bot2,4.4,-4,3.909e-12,-1.85e-12,-1.021e-11,1.85e-12,3.909e-12,-36054225555.23512
bot2,4.5,-4,-8.362e-13,2.42e-12,-1.37e-12,2.42e-12,8.362e-13,-57597051030.98728
bot2,4.6000000000000005,-4,4.366e-13,-9.600000000000002e-13,-2.5600000000000004e-12,9.600000000000002e-13,4.366e-13,82372322899.50584
bot2,4.7,-4,1.5918e-12,-7.890000000000001e-12,-3.4500000000000004e-12,7.890000000000001e-12,1.5918e-12,90801779714.8821
bot2,4.8,-4,2.6392e-12,-2.373e-11,-5.5e-12,2.373e-11,2.6392e-12,125313283208.02016
bot2,4.9,-4,3.1878e-12,-3.871e-11,-7.92e-12,3.871e-11,3.1878e-12,193836014731.5373
bot2,5.0,-4,3.671e-12,-5.1000000000000005e-11,-1.065e-11,5.1000000000000005e-11,3.671e-12,206953642384.1052
bot2,0.0,-3,-4.5788e-12,1.4400000000000001e-12,1.4190000000000002e-11,1.4400000000000001e-12,4.5788e-12,18034915596.59501
bot2,0.1,-3,9.66e-13,-2.59e-12,1.3300000000000002e-12,2.59e-12,9.66e-13,46748632602.496376
bot2,0.2,-3,-3.006e-13,-4.0000000000000006e-14,2.09e-12,4.0000000000000006e-14,3.006e-13,-75500188750.47188
bot2,0.3,-3,-1.683e-12,8.900000000000001e-12,3.4100000000000002e-12,8.900000000000001e-12,1.683e-12,-85572479890.46725
bot2,0.4,-3,-2.6378e-12,2.405e-11,5.64e-12,2.405e-11,2.6378e-12,-123137544637.35994
bot2,0.5,-3,-3.3072e-12,4.006e-11,7.380000000000001e-12,4.006e-11,3.3072e-12,-179791441927.36423
bot2,0.6,-3,-3.7502e-12,5.306e-11,1.096e-11,5.306e-11,3.7502e-12,-273897562311.6956
bot2,0.7,-3,-4.0374e-12,5.87e-11,1.5890000000000003e-11,5.87e-11,4.0374e-12,-380952380952.38086
bot2,0.8,-3,-4.2752e-12,6.020000000000001e-11,2.2390000000000003e-11,6.020000000000001e-11,4.2752e-12,22648517654.519505
bot2,0.9,-3,4.7932e-12,-2.102e-11,-3.602e-11,2.102e-11,4.7932e-12,24561575870.70785
bot2,1.0,-3,3.8676e-12,-2.14e-12,-1.035e-11,2.14e-12,3.8676e-12,-34901577551.30533
bot2,1.1,-3,-9.372e-13,2.11e-12,-1.55e-12,2.11e-12,9.372e-13,-58830450641.251884
bot2,1.2,-3,4.68e-13,6.400000000000001e-13,-2.85e-12,6.400000000000001e-13,4.68e-13,80586670964.62244
bot2,1.3,-3,1.5446e-12,-7.960000000000001e-12,-3.3600000000000002e-12,7.960000000000001e-12,1.5446e-12,105108261509.35474
bot2,1.4,-3,2.3708e-12,-1.967e-11,-4.98e-12,1.967e-11,2.3708e-12,141282848262.22095
bot2,1.5,-3,2.9602e-12,-3.256e-11,-6.81e-12,3.256e-11,2.9602e-12,175223409847.5556
bot2,1.6,-3,3.5122e-12,-4.651e-11,-9.41e-12,4.651e-11,3.5122e-12,217912399215.51523
bot2,1.7,-3,3.878e-12,-5.520000000000001e-11,-1.261e-11,5.520000000000001e-11,3.878e-12,347222222222.2219
bot2,1.8,-3,4.0882e-12,-6.008e-11,-1.6870000000000002e-11,6.008e-11,4.0882e-12,738007380073.8014
bot2,1.9,-3,4.149e-12,-6.044e-11,-2.231e-11,6.044e-11,4.149e-12,-22799817601.459183
bot2,2.0,-3,-4.6838e-12,2.355e-11,3.565e-11,2.355e-11,4.6838e-12,-24184381726.28116
bot2,2.1,-3,-4.1208e-12,1.4700000000000002e-12,1.5430000000000002e-11,1.4700000000000002e-12,4.1208e-12,30696503668.23222
bot2,2.2,-3,1.8316e-12,-2.8800000000000002e-12,4e-13,2.8800000000000002e-12,1.8316e-12,40908161178.15508
bot2,2.3000000000000003,-3,7.682e-13,-2.24e-12,1.18e-12,2.24e-12,7.682e-13,-87404947120.00688
bot2,2.4,-3,-4.566e-13,4.600000000000003e-13,2.350000000000001e-12,4.600000000000003e-13,4.566e-13,-91215908054.36456
bot2,2.5,-3,-1.4244e-12,7.100000000000001e-12,3.18e-12,7.100000000000001e-12,1.4244e-12,-106360348861.94437
bot2,2.6,-3,-2.337e-12,1.7110000000000003e-11,4.53e-12,1.7110000000000003e-11,2.337e-12,-133014099494.54654
bot2,2.7,-3,-2.928e-12,3.226e-11,6.35e-12,3.226e-11,2.928e-12,-167476134650.8124
bot2,2.8000000000000003,-3,-3.5312e-12,4.643e-11,9.05e-12,4.643e-11,3.5312e-12,-215703192407.2473
bot2,2.9,-3,-3.8552e-12,5.587e-11,1.3280000000000002e-11,5.587e-11,3.8552e-12,-410340582683.6268
bot2,3.0,-3,-4.0186e-12,5.995000000000001e-11,1.722e-11,5.995000000000001e-11,4.0186e-12,-576036866359.4475
bot2,3.1,-3,-4.2024e-12,5.989e-11,2.2570000000000003e-11,5.989e-11,4.2024e-12,22854530910.75308
bot2,3.2,-3,4.7324e-12,-2.24e-11,-3.561e-11,2.24e-11,4.7324e-12,24480403437.048664
bot2,3.3000000000000003,-3,3.9674e-12,-1.7600000000000002e-12,-1.245e-11,1.7600000000000002e-12,3.9674e-12,-33149903865.278748
bot2,3.4,-3,-1.3008e-12,1.8000000000000002e-12,-1.4700000000000002e-12,1.8000000000000002e-12,1.3008e-12,-48060748786.46603
bot2,3.5,-3,-1.94e-13,4.7e-13,-2.5800000000000003e-12,4.7e-13,1.94e-13,91583478340.50745
bot2,3.6,-3,8.83e-13,-3.35e-12,-2.780000000000001e-12,3.35e-12,8.83e-13,98473658296.4058
bot2,3.7,-3,1.837e-12,-1.218e-11,-3.92e-12,1.218e-11,1.837e-12,115101289134.43842
bot2,3.8,-3,2.6206e-12,-2.447e-11,-5.370000000000001e-12,2.447e-11,2.6206e-12,137193030594.04562
bot2,3.9,-3,3.2948e-12,-3.89e-11,-7.42e-12,3.89e-11,3.2948e-12,182548375319.45944
bot2,4.0,-3,3.7162e-12,-5.023e-11,-1.059e-11,5.023e-11,3.7162e-12,283929585462.8048
bot2,4.1,-3,3.9992e-12,-5.801e-11,-1.424e-11,5.801e-11,3.9992e-12,472366556447.8039
bot2,4.2,-3,4.1396e-12,-5.993000000000001e-11,-2.036e-11,5.993000000000001e-11,4.1396e-12,-23400570973.931786
bot2,4.3,-3,-4.5476e-12,3.129e-11,3.43e-11,3.129e-11,4.5476e-12,278862242052.4263
bot2,4.4,-3,4.8568e-12,-5.500000000000001e-13,-3.1340000000000005e-11,5.500000000000001e-13,4.8568e-12,29322933466.263992
bot2,4.5,-3,2.273e-12,-2.51e-12,1.1000000000000001e-13,2.51e-12,2.273e-12,-52388935456.83156
bot2,4.6000000000000005,-3,1.0392e-12,-1.7600000000000002e-12,1.13e-12,1.7600000000000002e-12,1.0392e-12,-86199465563.31358
bot2,4.7,-3,-4.72e-14,-3.0000000000000014e-13,1.5800000000000001e-12,3.0000000000000014e-13,4.72e-14,-96871064612.99976
bot2,4.8,-3,-1.0254e-12,3.730000000000001e-12,2.8100000000000003e-12,3.730000000000001e-12,1.0254e-12,-113882245757.88644
bot2,4.9,-3,-1.8034e-12,9.05e-12,3.2600000000000002e-12,9.05e-12,1.8034e-12,-129802699896.15794
bot2,5.0,-3,-2.5662e-12,2.2370000000000003e-11,4.92e-12,2.2370000000000003e-11,2.5662e-12,-131095962244.36238
bot2,0.0,-2,-4.5318e-12,5.982e-11,2.291e-11,5.982e-11,4.5318e-12,10722480753.147053
bot2,0.1,-2,4.7944e-12,-1.6430000000000002e-11,-3.6220000000000005e-11,1.6430000000000002e-11,4.7944e-12,23580456517.638187
bot2,0.2,-2,3.9498e-12,-4.600000000000003e-13,-1.22e-11,4.600000000000003e-13,3.9498e-12,-32485462755.41695
bot2,0.3,-2,-1.3622e-12,2.13e-12,-1.3800000000000002e-12,2.13e-12,1.3622e-12,-46788003555.88828
bot2,0.4,-2,-3.248e-13,4.500000000000001e-13,-1.6700000000000006e-12,4.500000000000001e-13,3.248e-13,106609808102.3454
bot2,0.5,-2,5.138e-13,-1.27e-12,-2.5500000000000002e-12,1.27e-12,5.138e-13,110877037365.56155
bot2,0.6,-2,1.479e-12,-7.1800000000000005e-12,-3.680000000000001e-12,7.1800000000000005e-12,1.479e-12,119674485399.71284
bot2,0.7,-2,2.185e-12,-1.628e-11,-4.450000000000001e-12,1.628e-11,2.185e-12,154631204577.08374
bot2,0.8,-2,2.7724e-12,-2.8490000000000003e-11,-6.0600000000000004e-12,2.8490000000000003e-11,2.7724e-12,177399325882.56165
bot2,0.9,-2,3.3124e-12,-4.08e-11,-7.43e-12,4.08e-11,3.3124e-12,197044334975.36945
bot2,1.0,-2,3.7874e-12,-5.1920000000000007e-11,-1.106e-11,5.1920000000000007e-11,3.7874e-12,276395798783.85846
bot2,1.1,-2,4.036e-12,-5.744e-11,-1.466e-11,5.744e-11,4.036e-12,609756097560.9751
bot2,1.2,-2,4.1154e-12,-6.146e-11,-1.834e-11,6.146e-11,4.1154e-12,868055555555.5571
bot2,1.3,-2,4.2664e-12,-5.971e-11,-2.3e-11,5.971e-11,4.2664e-12,-22678308198.208435
bot2,1.4,-2,-4.7036e-12,2.262e-11,3.573e-11,2.262e-11,4.7036e-12,-23528858144.514244
bot2,1.5,-2,-4.2338e-12,2.2700000000000002e-12,1.5740000000000002e-11,2.2700000000000002e-12,4.2338e-12,29606821411.65324
bot2,1.6,-2,2.0516e-12,-3.0400000000000004e-12,1.4e-13,3.0400000000000004e-12,2.0516e-12,37268932617.769806
bot2,1.7,-2,1.1326e-12,-2.09e-12,1.2800000000000002e-12,2.09e-12,1.1326e-12,-114613180515.75928
bot2,1.8,-2,3.066e-13,-1.8700000000000003e-12,1.7500000000000002e-12,1.8700000000000003e-12,3.066e-13,-114495076711.70148
bot2,1.9,-2,-6.142e-13,1.4200000000000002e-12,2.2200000000000002e-12,1.4200000000000002e-12,6.142e-13,-116550116550.11652
bot2,2.0,-2,-1.4094e-12,6.65e-12,3.05e-12,6.65e-12,1.4094e-12,-139664804469.2737
bot2,2.1,-2,-2.0462e-12,1.418e-11,3.96e-12,1.418e-11,2.0462e-12,-160978750804.8939
bot2,2.2,-2,-2.6518e-12,2.6890000000000004e-11,5.4100000000000006e-12,2.6890000000000004e-11,2.6518e-12,-188821752265.8612
bot2,2.3000000000000003,-2,-3.1054e-12,3.532e-11,7.16e-12,3.532e-11,3.1054e-12,-217580504786.7708
bot2,2.4,-2,-3.571e-12,4.7140000000000005e-11,9.2e-12,4.7140000000000005e-11,3.571e-12,-265463233342.1819
bot2,2.5,-2,-3.8588e-12,5.2940000000000007e-11,1.1560000000000002e-11,5.2940000000000007e-11,3.8588e-12,-395413206801.10767
bot2,2.6,-2,-4.0768e-12,5.826e-11,1.5650000000000002e-11,5.826e-11,4.0768e-12,-648929266709.9296
bot2,2.7,-2,-4.167e-12,6.037000000000001e-11,2.021e-11,6.037000000000001e-11,4.167e-12,22963694399.15496
bot2,2.8000000000000003,-2,4.6326e-12,-3.081e-11,-3.4500000000000004e-11,3.081e-11,4.6326e-12,-252844500632.11087
bot2,2.9,-2,-4.958e-12,5.2e-13,3.15e-11,5.2e-13,4.958e-12,-28683704787.310287
bot2,3.0,-2,-2.34e-12,2.3800000000000004e-12,3.5e-13,2.3800000000000004e-12,2.34e-12,54074514681.23079
bot2,3.1,-2,-1.2594e-12,1.3900000000000001e-12,-1.45e-12,1.3900000000000001e-12,1.2594e-12,102459016393.4427
bot2,3.2,-2,-3.88e-13,1.31e-12,-2.23e-12,1.31e-12,3.88e-13,106236056517.58215
bot2,3.3000000000000003,-2,6.232e-13,-9.600000000000002e-13,-2.47e-12,9.600000000000002e-13,6.232e-13,109649122807.0174
bot2,3.4,-2,1.436e-12,-6.4800000000000015e-12,-3.43e-12,6.4800000000000015e-12,1.436e-12,129215660938.10551
bot2,3.5,-2,2.171e-12,-1.568e-11,-4.5900000000000004e-12,1.568e-11,2.171e-12,175070028011.20462
bot2,3.6,-2,2.5784e-12,-2.444e-11,-6.1200000000000006e-12,2.444e-11,2.5784e-12,192938452633.61008
bot2,3.7,-2,3.2076e-12,-3.9390000000000006e-11,-7.55e-12,3.9390000000000006e-11,3.2076e-12,185494342422.5564
bot2,3.8,-2,3.6566e-12,-4.7440000000000006e-11,-9.94e-12,4.7440000000000006e-11,3.6566e-12,291885580852.30554
bot2,3.9,-2,3.8928e-12,-5.5150000000000005e-11,-1.282e-11,5.5150000000000005e-11,3.8928e-12,445831475702.18365
bot2,4.0,-2,4.1052e-12,-6.012000000000001e-11,-1.6290000000000003e-11,6.012000000000001e-11,4.1052e-12,548245614035.0867
bot2,4.1,-2,4.2576e-12,-6.04e-11,-2.045e-11,6.04e-11,4.2576e-12,1052631578947.3704
bot2,4.2,-2,4.2952e-12,-5.918000000000001e-11,-2.425e-11,5.918000000000001e-11,4.2952e-12,-22302013871.85265
bot2,4.3,-2,-4.7102e-12,1.98e-11,3.601e-11,1.98e-11,4.7102e-12,-23563787171.874287
bot2,4.4,-2,-4.1924e-12,1.46e-12,1.4850000000000002e-11,1.46e-12,4.1924e-12,30337964929.31257
bot2,4.5,-2,1.8822e-12,-2.0500000000000004e-12,1.7e-13,2.0500000000000004e-12,1.8822e-12,38099592334.36206
bot2,4.6000000000000005,-2,1.057e-12,-1.9900000000000002e-12,1.1000000000000002e-12,1.9900000000000002e-12,1.057e-12,-109926349345.93834
bot2,4.7,-2,6.28e-14,-6.8e-13,1.7600000000000002e-12,6.8e-13,6.28e-14,-107020547945.20512
bot2,4.8,-2,-8.117999999999999e-13,1.8700000000000003e-12,2.5500000000000002e-12,1.8700000000000003e-12,8.117999999999999e-13,-130174433741.21336
bot2,4.9,-2,-1.4736e-12,6.570000000000001e-12,3.160000000000001e-12,6.570000000000001e-12,1.4736e-12,-136276914690.65154
bot2,5.0,-2,-2.2794e-12,1.7560000000000002e-11,4.660000000000001e-12,1.7560000000000002e-11,2.2794e-12,-124100273020.60022
bot2,0.0,-1,-4.4106e-12,6.014e-11,2.049e-11,6.014e-11,4.4106e-12,10960826007.847952
bot2,0.1,-1,4.7128e-12,-2.721e-11,-3.532e-11,2.721e-11,4.7128e-12,22501237568.06625
bot2,0.2,-1,4.4778e-12,-9.200000000000001e-13,-1.888e-11,9.200000000000001e-13,4.4778e-12,-27905678805.636948
bot2,0.3,-1,-2.4542e-12,1.5400000000000001e-12,1.2000000000000001e-12,1.5400000000000001e-12,2.4542e-12,-39180347137.87565
bot2,0.4,-1,-6.268e-13,1.2400000000000002e-12,2.42e-12,1.2400000000000002e-12,6.268e-13,192641109612.7914
bot2,0.5,-1,-1.416e-12,6.81e-12,3e-12,6.81e-12,1.416e-12,-133333333333.33331
bot2,0.6,-1,-2.1268e-12,1.477e-11,4.11e-12,1.477e-11,2.1268e-12,-175284837861.52502
bot2,0.7,-1,-2.557e-12,2.24e-11,5.19e-12,2.24e-11,2.557e-12,-242659548653.2396
bot2,0.8,-1,-2.951e-12,3.3630000000000004e-11,6.71e-12,3.3630000000000004e-11,2.951e-12,-228362639872.11688
bot2,0.9,-1,-3.4328e-12,4.53e-11,8.900000000000001e-12,4.53e-11,3.4328e-12,-233045910044.27875
bot2,1.0,-1,-3.8092e-12,5.2170000000000006e-11,1.112e-11,5.2170000000000006e-11,3.8092e-12,-346140533056.42114
bot2,1.1,-1,-4.0106e-12,5.718e-11,1.384e-11,5.718e-11,4.0106e-12,-598086124401.9125
bot2,1.2,-1,-4.1436e-12,5.96e-11,1.7650000000000002e-11,5.96e-11,4.1436e-12,-821018062397.3715
bot2,1.3,-1,-4.2542e-12,6.17e-11,2.1700000000000003e-11,6.17e-11,4.2542e-12,22866550809.47592
bot2,1.4,-1,4.6028e-12,-3.173e-11,-3.4790000000000003e-11,3.173e-11,4.6028e-12,-295159386068.4772
bot2,1.5,-1,-4.9318e-12,6.000000000000003e-13,3.2070000000000005e-11,6.000000000000003e-13,4.9318e-12,-27130415909.275883
bot2,1.6,-1,-2.769e-12,2.500000000000001e-12,2.34e-12,2.500000000000001e-12,2.769e-12,41104899704.04472
bot2,1.7,-1,-6.62e-14,-7.3e-13,1.5700000000000002e-12,7.3e-13,6.62e-14,98980500841.33424
bot2,1.8,-1,-7.484e-13,2.03e-12,2.2500000000000003e-12,2.03e-12,7.484e-13,-158127767235.9268
bot2,1.9,-1,-1.331e-12,6e-12,3.0800000000000002e-12,6e-12,1.331e-12,-181323662737.98727
bot2,2.0,-1,-1.8514e-12,1.132e-11,3.4700000000000004e-12,1.132e-11,1.8514e-12,-226860254083.48447
bot2,2.1,-1,-2.2126e-12,1.7380000000000002e-11,4.660000000000001e-12,1.7380000000000002e-11,2.2126e-12,-243013365735.11563
bot2,2.2,-1,-2.6744e-12,2.8360000000000003e-11,5.79e-12,2.8360000000000003e-11,2.6744e-12,-202675314146.73715
bot2,2.3000000000000003,-1,-3.1994e-12,3.778e-11,7.71e-12,3.778e-11,3.1994e-12,-190222560395.66263
bot2,2.4,-1,-3.7258e-12,5.037e-11,1.016e-11,5.037e-11,3.7258e-12,-253036437246.9633
bot2,2.5,-1,-3.9898e-12,5.6460000000000005e-11,1.289e-11,5.6460000000000005e-11,3.9898e-12,-532197977647.6853
bot2,2.6,-1,-4.1016e-12,5.849000000000001e-11,1.4920000000000002e-11,5.849000000000001e-11,4.1016e-12,-1700680272108.8418
bot2,2.7,-1,-4.1074e-12,5.993000000000001e-11,1.841e-11,5.993000000000001e-11,4.1074e-12,-1730103806228.3748
bot2,2.8000000000000003,-1,-4.2172e-12,6.068e-11,2.2810000000000003e-11,6.068e-11,4.2172e-12,22666485334.78396
bot2,2.9,-1,4.7162e-12,-2.5830000000000003e-11,-3.543e-11,2.5830000000000003e-11,4.7162e-12,23434021512.43172
bot2,3.0,-1,4.3174e-12,-2.29e-12,-1.537e-11,2.29e-12,4.3174e-12,-29426477944.85481
bot2,3.1,-1,-2.0804e-12,2.500000000000001e-12,-1.1000000000000001e-13,2.500000000000001e-12,2.0804e-12,-35878300803.673965
bot2,3.2,-1,-1.257e-12,1.4900000000000001e-12,-1.2000000000000001e-12,1.4900000000000001e-12,1.257e-12,119531436767.87006
bot2,3.3000000000000003,-1,-4.072e-13,1.6800000000000001e-12,-2.070000000000001e-12,1.6800000000000001e-12,4.072e-13,115740740740.7406
bot2,3.4,-1,4.71e-13,-7.100000000000001e-13,-2.31e-12,7.100000000000001e-13,4.71e-13,124331717021.0119
bot2,3.5,-1,1.2014e-12,-6.15e-12,-3.35e-12,6.15e-12,1.2014e-12,145496871817.25604
bot2,3.6,-1,1.8456e-12,-1.154e-11,-3.81e-12,1.154e-11,1.8456e-12,177714590367.86932
bot2,3.7,-1,2.3268e-12,-1.816e-11,-4.8500000000000005e-12,1.816e-11,2.3268e-12,207253886010.3629
bot2,3.8,-1,2.8106e-12,-2.83e-11,-5.95e-12,2.83e-11,2.8106e-12,197238658777.1201
bot2,3.9,-1,3.3408e-12,-4.326e-11,-8.45e-12,4.326e-11,3.3408e-12,204876049989.7559
bot2,4.0,-1,3.7868e-12,-5.103e-11,-1.088e-11,5.103e-11,3.7868e-12,282565696524.4418
bot2,4.1,-1,4.0486e-12,-5.703e-11,-1.439e-11,5.703e-11,4.0486e-12,592768227623.0004
bot2,4.2,-1,4.1242e-12,-6.111000000000001e-11,-1.88e-11,6.111000000000001e-11,4.1242e-12,1061571125265.392
bot2,4.3,-1,4.237e-12,-6.011e-11,-2.396e-11,6.011e-11,4.237e-12,-22673166307.674885
bot2,4.4,-1,-4.6968e-12,2.479e-11,3.548e-11,2.479e-11,4.6968e-12,-23459309827.104908
bot2,4.5,-1,-4.2884e-12,1.36e-12,1.6490000000000003e-11,1.36e-12,4.2884e-12,29160470066.777504
bot2,4.6000000000000005,-1,2.1618e-12,-2.2200000000000002e-12,-7.800000000000002e-13,2.2200000000000002e-12,2.1618e-12,36833769199.60224
bot2,4.7,-1,1.1414e-12,-2.64e-12,1.21e-12,2.64e-12,1.1414e-12,-107077845593.74628
bot2,4.8,-1,2.94e-13,-2.120000000000001e-12,1.7600000000000002e-12,2.120000000000001e-12,2.94e-13,-117799505242.07808
bot2,4.9,-1,-5.564e-13,1.23e-12,1.69e-12,1.23e-12,5.564e-13,-124054087582.18594
bot2,5.0,-1,-1.3182e-12,5.150000000000001e-12,2.8900000000000004e-12,5.150000000000001e-12,1.3182e-12,-131268049356.7861
bot2,0.0,0,3.5524e-12,-5.4430000000000006e-11,-1.283e-11,5.4430000000000006e-11,3.5524e-12,170473917490.62396
bot2,0.1,0,4.139e-12,-5.945e-11,-1.8820000000000003e-11,5.945e-11,4.139e-12,301932367149.7584
bot2,0.2,0,4.2148e-12,-6.033e-11,-2.293e-11,6.033e-11,4.2148e-12,-22574892204.88972
bot2,0.3,0,-4.7204e-12,2.6850000000000003e-11,3.5420000000000005e-11,2.6850000000000003e-11,4.7204e-12,-23285597857.725
bot2,0.4,0,-4.3742e-12,2.120000000000001e-12,1.792e-11,2.120000000000001e-12,4.3742e-12,28682059371.862904
bot2,0.5,0,2.2526e-12,-1.14e-12,-8.9e-13,1.14e-12,2.2526e-12,34576951004.46042
bot2,0.6,0,1.41e-12,-2.5500000000000002e-12,1.26e-12,2.5500000000000002e-12,1.41e-12,-108613011838.81834
bot2,0.7,0,4.112e-13,-1.51e-12,1.37e-12,1.51e-12,4.112e-13,-105977108944.46802
bot2,0.8,0,-4.772e-13,8.500000000000002e-13,2.49e-12,8.500000000000002e-13,4.772e-13,-118385225523.8546
bot2,0.9,0,-1.2782e-12,4.99e-12,2.8600000000000003e-12,4.99e-12,1.2782e-12,-135722041259.5005
bot2,1.0,0,-1.9508e-12,1.165e-11,3.75e-12,1.165e-11,1.9508e-12,-146477222791.85593
bot2,1.1,0,-2.6436e-12,2.318e-11,5.14e-12,2.318e-11,2.6436e-12,-176211453744.49338
bot2,1.2,0,-3.0858e-12,3.38e-11,6.7200000000000004e-12,3.38e-11,3.0858e-12,-251762336354.4812
bot2,1.3,0,-3.438e-12,4.3140000000000006e-11,8.45e-12,4.3140000000000006e-11,3.438e-12,-333444481493.83185
bot2,1.4,0,-3.6856e-12,5.044e-11,1.001e-11,5.044e-11,3.6856e-12,-420698359276.39886
bot2,1.5,0,-3.9134e-12,5.591e-11,1.311e-11,5.591e-11,3.9134e-12,-457247370827.61707
bot2,1.6,0,-4.123e-12,5.929000000000001e-11,1.684e-11,5.929000000000001e-11,4.123e-12,-631711939355.6543
bot2,1.7,0,-4.23e-12,6.011e-11,1.969e-11,6.011e-11,4.23e-12,22803977013.591164
bot2,1.8,0,4.6474e-12,-3.4220000000000006e-11,-3.424e-11,3.4220000000000006e-11,4.6474e-12,-309119010819.16565
bot2,1.9,0,-4.877e-12,1.36e-12,3.2500000000000004e-11,1.36e-12,4.877e-12,-27429574567.29845
bot2,2.0,0,-2.644e-12,1.6800000000000001e-12,2.59e-12,1.6800000000000001e-12,2.644e-12,42966400274.98496
bot2,2.1,0,-2.222e-13,-7.5e-13,1.8400000000000002e-12,7.5e-13,2.222e-13,153209744139.72742
bot2,2.2,0,-1.3386e-12,4.57e-12,2.9100000000000003e-12,4.57e-12,1.3386e-12,-113134970019.23306
bot2,2.3000000000000003,0,-1.99e-12,1.424e-11,4.0900000000000005e-12,1.424e-11,1.99e-12,-145878920495.98813
bot2,2.4,0,-2.7096e-12,2.4900000000000003e-11,5.69e-12,2.4900000000000003e-11,2.7096e-12,-111098766803.68834
bot2,2.5,0,-3.7902e-12,4.073e-11,7.52e-12,4.073e-11,3.7902e-12,-225326723749.4369
bot2,2.6,0,-3.5972e-12,4.952e-11,1.026e-11,4.952e-11,3.5972e-12,-1103752759381.8987
bot2,2.7,0,-3.9714e-12,5.761e-11,1.315e-11,5.761e-11,3.9714e-12,-406669377795.8524
bot2,2.8000000000000003,0,-4.089e-12,5.891000000000001e-11,1.628e-11,5.891000000000001e-11,4.089e-12,-1470588235294.1133
bot2,2.9,0,-4.1074e-12,6.063e-11,2.059e-11,6.063e-11,4.1074e-12,-1047120418848.169
bot2,3.0,0,-4.28e-12,5.92e-11,2.427e-11,5.92e-11,4.28e-12,22397921472.887333
bot2,3.1,0,4.822e-12,-1.937e-11,-3.6000000000000005e-11,1.937e-11,4.822e-12,24102193299.590286
bot2,3.2,0,4.018e-12,-1.46e-12,-1.275e-11,1.46e-12,4.018e-12,-31318509238.960247
bot2,3.3000000000000003,0,-1.564e-12,2.13e-12,-9.700000000000001e-13,2.13e-12,1.564e-12,-42511584406.75079
bot2,3.4,0,-6.866e-13,2.730000000000001e-12,-1.8900000000000002e-12,2.730000000000001e-12,6.866e-13,108742931709.43874
bot2,3.5,0,2.752e-13,-3.900000000000001e-13,-2.29e-12,3.900000000000001e-13,2.752e-13,103982530934.80304
bot2,3.6,0,1.2368e-12,-5.95e-12,-3.3200000000000004e-12,5.95e-12,1.2368e-12,115700566932.77806
bot2,3.7,0,2.0038e-12,-1.504e-11,-4.240000000000001e-12,1.504e-11,2.0038e-12,140944326990.83875
bot2,3.8,0,2.6558e-12,-2.582e-11,-5.9e-12,2.582e-11,2.6558e-12,156176792128.68945
bot2,3.9,0,3.2844e-12,-4.084e-11,-7.990000000000001e-12,4.084e-11,3.2844e-12,183351668500.18307
bot2,4.0,0,3.7466e-12,-5.092e-11,-1.094e-11,5.092e-11,3.7466e-12,269541778975.7409
bot2,4.1,0,4.0264e-12,-5.822000000000001e-11,-1.491e-11,5.822000000000001e-11,4.0264e-12,523286237571.9527
bot2,4.2,0,4.1288e-12,-6.14e-11,-1.863e-11,6.14e-11,4.1288e-12,908265213442.325
bot2,4.3,0,4.2466e-12,-5.956e-11,-2.382e-11,5.956e-11,4.2466e-12,-22523029797.96844
bot2,4.4,0,-4.751e-12,2.1060000000000003e-11,3.5780000000000005e-11,2.1060000000000003e-11,4.751e-12,-23611078317.9468
bot2,4.5,0,-4.224e-12,1.3000000000000001e-12,1.553e-11,1.3000000000000001e-12,4.224e-12,29462023451.770687
bot2,4.6000000000000005,0,2.0374e-12,-2.8900000000000004e-12,-2e-13,2.8900000000000004e-12,2.0374e-12,37209302325.58143
bot2,4.7,0,1.151e-12,-2.7600000000000004e-12,1.17e-12,2.7600000000000004e-12,1.151e-12,-103519668737.05968
bot2,4.8,0,1.054e-13,-4e-13,1.6600000000000002e-12,4e-13,1.054e-13,-85822176450.39487
bot2,4.9,0,-1.1794e-12,4.07e-12,2.7000000000000002e-12,4.07e-12,1.1794e-12,-94948727687.04909
bot2,5.0,0,-2.001e-12,1.484e-11,4.400000000000001e-12,1.484e-11,2.001e-12,-121713729308.66556
bot2,0.0,1,3.76814e-11,4.56e-12,-1.611e-11,4.56e-12,3.76814e-11,805008.3199783392
bot2,0.1,1,1.2426e-07,-2.8160000000000003e-11,-1.2408e-07,2.8160000000000003e-11,1.2426e-07,1039920.9070267524
bot2,0.2,1,1.9236e-07,1.2000000000000001e-12,-1.9262e-07,1.2000000000000001e-12,1.9236e-07,1981767.736821244
bot2,0.3,1,2.2518e-07,1.85e-12,-2.2562e-07,1.85e-12,2.2518e-07,4266211.6040955605
bot2,0.4,1,2.3924e-07,-1.7100000000000002e-12,-2.3988e-07,1.7100000000000002e-12,2.3924e-07,10080645.161290323
bot2,0.5,1,2.4502e-07,1.161e-11,-2.453e-07,1.161e-11,2.4502e-07,24096385.542168703
bot2,0.6,1,2.4754e-07,-5.343e-11,-2.476e-07,5.343e-11,2.4754e-07,52910052.91005296
bot2,0.7,1,2.488e-07,5.721e-11,-2.487e-07,5.721e-11,2.488e-07,116279069.76744248
bot2,0.8,1,2.4926e-07,1.4400000000000001e-12,-2.4924e-07,1.4400000000000001e-12,2.4926e-07,277777777.77778953
bot2,0.9,1,2.4952e-07,-1.5700000000000002e-12,-2.4954e-07,1.5700000000000002e-12,2.4952e-07,212765957.44680685
bot2,1.0,1,2.502e-07,2.144e-11,-2.5008e-07,2.144e-11,2.502e-07,476190476.1904766
bot2,1.1,1,2.4994e-07,-5.861e-11,-2.5012e-07,5.861e-11,2.4994e-07,2500000000.000473
bot2,1.2,1,2.5028e-07,6.440000000000001e-12,-2.5016e-07,6.440000000000001e-12,2.5028e-07,294117647.05881053
bot2,1.3,1,2.5062e-07,2.830000000000001e-12,-2.5052e-07,2.830000000000001e-12,2.5062e-07,277777777.7777694
bot2,1.4,1,2.51e-07,-1.64e-12,-2.513e-07,1.64e-12,2.51e-07,357142857.14285725
bot2,1.5,1,2.5118e-07,5.7700000000000005e-11,-2.5106e-07,5.7700000000000005e-11,2.5118e-07,500000000.0000285
bot2,1.6,1,2.514e-07,-3.2760000000000005e-11,-2.513e-07,3.2760000000000005e-11,2.514e-07,476190476.1904763
bot2,1.7,1,2.516e-07,-2.5800000000000003e-12,-2.5156e-07,2.5800000000000003e-12,2.516e-07,1249999999.999823
bot2,1.8,1,2.5156e-07,1.65e-12,-2.5162e-07,1.65e-12,2.5156e-07,999999999.9999256
bot2,1.9,1,2.518e-07,-3.799e-11,-2.5152e-07,3.799e-11,2.518e-07,370370370.37038606
bot2,2.0,1,2.521e-07,5.824000000000001e-11,-2.5196e-07,5.824000000000001e-11,2.521e-07,277777777.77778953
bot2,2.1,1,2.5252e-07,-2.62e-11,-2.5208e-07,2.62e-11,2.5252e-07,999999999.9999256
bot2,2.2,1,2.523e-07,-2.74e-12,-2.5212e-07,2.74e-12,2.523e-07,833333333.3333081
bot2,2.3000000000000003,1,2.5276e-07,1.3300000000000002e-12,-2.525e-07,1.3300000000000002e-12,2.5276e-07,909090909.0909708
bot2,2.4,1,2.5252e-07,-1.12e-12,-2.5276e-07,1.12e-12,2.5252e-07,-833333333.3333064
bot2,2.5,1,2.5252e-07,5.594e-11,-2.526e-07,5.594e-11,2.5252e-07,400000000.00001264
bot2,2.6,1,2.5302e-07,-5.5150000000000005e-11,-2.5308e-07,5.5150000000000005e-11,2.5302e-07,303030303.0303
bot2,2.7,1,2.5318e-07,-6.000000000000003e-13,-2.5336e-07,6.000000000000003e-13,2.5318e-07,499999999.99996287
bot2,2.8000000000000003,1,2.5342e-07,1.78e-12,-2.5336e-07,1.78e-12,2.5342e-07,5000000000.000941
bot2,2.9,1,2.5322e-07,-2.1700000000000002e-12,-2.5348e-07,2.1700000000000002e-12,2.5322e-07,526315789.4736733
bot2,3.0,1,2.538e-07,6.173e-11,-2.534e-07,6.173e-11,2.538e-07,555555555.5555797
bot2,3.1,1,2.5358e-07,-5.1150000000000006e-11,-2.5356e-07,5.1150000000000006e-11,2.5358e-07,625000000.0000156
bot2,3.2,1,2.5412e-07,-1.7200000000000001e-12,-2.537e-07,1.7200000000000001e-12,2.5412e-07,344827586.20688355
bot2,3.3000000000000003,1,2.5416e-07,2.6600000000000004e-12,-2.5404e-07,2.6600000000000004e-12,2.5416e-07,-555555555.5555785
bot2,3.4,1,2.5376e-07,-2.499e-11,-2.5428e-07,2.499e-11,2.5376e-07,1999999999.9998472
bot2,3.5,1,2.5426e-07,4.9950000000000006e-11,-2.5426e-07,4.9950000000000006e-11,2.5426e-07,294117647.0588338
bot2,3.6,1,2.5444e-07,-1.1350000000000002e-11,-2.5474e-07,1.1350000000000002e-11,2.5444e-07,344827586.206915
bot2,3.7,1,2.5484e-07,-2.52e-12,-2.544e-07,2.52e-12,2.5484e-07,555555555.5555797
bot2,3.8,1,2.548e-07,3.66e-12,-2.547e-07,3.66e-12,2.548e-07,-2500000000.0004706
bot2,3.9,1,2.5476e-07,-1.014e-11,-2.55e-07,1.014e-11,2.5476e-07,322580645.1612822
bot2,4.0,1,2.5542e-07,5.23e-11,-2.5522e-07,5.23e-11,2.5542e-07,384615384.6153786
bot2,4.1,1,2.5528e-07,-5.5960000000000006e-11,-2.5504e-07,5.5960000000000006e-11,2.5528e-07,1111111111.111159
bot2,4.2,1,2.556e-07,7.280000000000001e-12,-2.5542e-07,7.280000000000001e-12,2.556e-07,999999999.9999256
bot2,4.3,1,2.5548e-07,2.23e-12,-2.5542e-07,2.23e-12,2.5548e-07,434782608.69566
bot2,4.4,1,2.5606e-07,-1.17e-12,-2.5586e-07,1.17e-12,2.5606e-07,588235294.1177133
bot2,4.5,1,2.5582e-07,1.6800000000000001e-12,-2.5578e-07,1.6800000000000001e-12,2.5582e-07,1111111111.111159
bot2,4.6000000000000005,1,2.5624e-07,-3.952e-11,-2.5624e-07,3.952e-11,2.5624e-07,312499999.999982
bot2,4.7,1,2.5646e-07,6.130000000000001e-11,-2.5618e-07,6.130000000000001e-11,2.5646e-07,1428571428.5714245
bot2,4.8,1,2.5638e-07,-2.23e-12,-2.5616e-07,2.23e-12,2.5638e-07,769230769.2308375
bot2,4.9,1,2.5672e-07,-2.8100000000000003e-12,-2.5664e-07,2.8100000000000003e-12,2.5672e-07,333333333.3333086
bot2,5.0,1,2.5698e-07,1.7200000000000001e-12,-2.5688e-07,1.7200000000000001e-12,2.5698e-07,384615384.6153386
bot2,0.0,2,3.2426000000000003e-10,-6.064000000000001e-11,-4.0475e-10,6.064000000000001e-11,3.2426000000000003e-10,88692.13111173263
bot2,0.1,2,1.12782e-06,-5.186e-11,-1.13378e-06,5.186e-11,1.12782e-06,92743.91373398896
bot2,0.2,2,2.1568000000000003e-06,-1.9900000000000002e-12,-2.1602e-06,1.9900000000000002e-12,2.1568000000000003e-06,101808.11207036972
bot2,0.3,2,3.0923000000000004e-06,1.162e-11,-3.0951e-06,1.162e-11,3.0923000000000004e-06,112764.99774470004
bot2,0.4,2,3.9304000000000005e-06,1.6e-12,-3.933600000000001e-06,1.6e-12,3.9304000000000005e-06,126342.38787113076
bot2,0.5,2,4.675300000000001e-06,-3.853e-11,-4.6581e-06,3.853e-11,4.675300000000001e-06,144675.92592592593
bot2,0.6,2,5.3128e-06,4.606e-11,-5.316500000000001e-06,4.606e-11,5.3128e-06,165617.75422325276
bot2,0.7,2,5.882900000000001e-06,9.9e-13,-5.8876e-06,9.9e-13,5.882900000000001e-06,188146.75446848536
bot2,0.8,2,6.375800000000001e-06,-9.91e-12,-6.376500000000001e-06,9.91e-12,6.375800000000001e-06,220215.81149526528
bot2,0.9,2,6.791100000000001e-06,3.664e-11,-6.7913000000000005e-06,3.664e-11,6.791100000000001e-06,263921.87912377936
bot2,1.0,2,7.133600000000001e-06,1.04e-12,-7.133700000000001e-06,1.04e-12,7.133600000000001e-06,316255.53447185335
bot2,1.1,2,7.423500000000001e-06,-1.69e-12,-7.4211e-06,1.69e-12,7.423500000000001e-06,390091.67154281295
bot2,1.2,2,7.6463e-06,5.7160000000000006e-11,-7.649800000000001e-06,5.7160000000000006e-11,7.6463e-06,495662.949194547
bot2,1.3,2,7.827000000000001e-06,-2.163e-11,-7.826200000000001e-06,2.163e-11,7.827000000000001e-06,630914.8264984222
bot2,1.4,2,7.9633e-06,-2.0500000000000004e-12,-7.9647e-06,2.0500000000000004e-12,7.9633e-06,848896.4346349747
bot2,1.5,2,8.062600000000001e-06,1.0500000000000002e-12,-8.0608e-06,1.0500000000000002e-12,8.062600000000001e-06,1152073.732718886
bot2,1.6,2,8.136900000000002e-06,-6.234e-11,-8.1348e-06,6.234e-11,8.136900000000002e-06,1629991.8500407536
bot2,1.7,2,8.185300000000001e-06,1.028e-11,-8.1887e-06,1.028e-11,8.185300000000001e-06,2304147.465437817
bot2,1.8,2,8.2237e-06,2.03e-12,-8.2251e-06,2.03e-12,8.2237e-06,3289473.684210557
bot2,1.9,2,8.2461e-06,-1.832e-11,-8.2462e-06,1.832e-11,8.2461e-06,5235602.0942407325
bot2,2.0,2,8.261900000000001e-06,5.7670000000000006e-11,-8.264200000000001e-06,5.7670000000000006e-11,8.261900000000001e-06,6849315.06849323
bot2,2.1,2,8.2753e-06,4.0000000000000006e-14,-8.275200000000002e-06,4.0000000000000006e-14,8.2753e-06,8733624.45414871
bot2,2.2,2,8.2848e-06,-8.800000000000002e-13,-8.2824e-06,8.800000000000002e-13,8.2848e-06,14285714.28571409
bot2,2.3000000000000003,2,8.2893e-06,3.346e-11,-8.2892e-06,3.346e-11,8.2893e-06,20618556.701028906
bot2,2.4,2,8.294500000000002e-06,-4.7650000000000005e-11,-8.2953e-06,4.7650000000000005e-11,8.294500000000002e-06,19047619.04761721
bot2,2.5,2,8.299800000000001e-06,-3.05e-12,-8.299700000000001e-06,3.05e-12,8.299800000000001e-06,16393442.62295131
bot2,2.6,2,8.306700000000001e-06,1.1760000000000002e-11,-8.305900000000001e-06,1.1760000000000002e-11,8.306700000000001e-06,20202020.20202086
bot2,2.7,2,8.309700000000001e-06,-5.817e-11,-8.3116e-06,5.817e-11,8.309700000000001e-06,20408163.265307248
bot2,2.8000000000000003,2,8.3165e-06,-1.91e-12,-8.3154e-06,1.91e-12,8.3165e-06,17241379.310344767
bot2,2.9,2,8.321300000000001e-06,1.59e-12,-8.3219e-06,1.59e-12,8.321300000000001e-06,24691358.024688825
bot2,3.0,2,8.324600000000002e-06,-6.09e-11,-8.3233e-06,6.09e-11,8.324600000000002e-06,25641025.64102513
bot2,3.1,2,8.329100000000001e-06,1.15e-11,-8.329100000000001e-06,1.15e-11,8.329100000000001e-06,21505376.34408589
bot2,3.2,2,8.333900000000002e-06,2.47e-12,-8.332100000000001e-06,2.47e-12,8.333900000000002e-06,21276595.74468023
bot2,3.3000000000000003,2,8.338500000000002e-06,-1.826e-11,-8.339100000000001e-06,1.826e-11,8.338500000000002e-06,21978021.97802285
bot2,3.4,2,8.343000000000001e-06,1.286e-11,-8.340600000000001e-06,1.286e-11,8.343000000000001e-06,22727272.727275364
bot2,3.5,2,8.3473e-06,2.11e-12,-8.3459e-06,2.11e-12,8.3473e-06,31250000.00000596
bot2,3.6,2,8.3494e-06,-7.6e-12,-8.350100000000002e-06,7.6e-12,8.3494e-06,33333333.333335564
bot2,3.7,2,8.3533e-06,4.81e-11,-8.353200000000002e-06,4.81e-11,8.3533e-06,39215686.27450201
bot2,3.8,2,8.354500000000001e-06,1.4200000000000002e-12,-8.356300000000002e-06,1.4200000000000002e-12,8.354500000000001e-06,25641025.64102508
bot2,3.9,2,8.3611e-06,-7.200000000000003e-13,-8.360900000000002e-06,7.200000000000003e-13,8.3611e-06,17094017.094016716
bot2,4.0,2,8.366200000000001e-06,4.87e-11,-8.3664e-06,4.87e-11,8.366200000000001e-06,19417475.728154253
bot2,4.1,2,8.371400000000001e-06,-1.2060000000000002e-11,-8.3705e-06,1.2060000000000002e-11,8.371400000000001e-06,21978021.978022903
bot2,4.2,2,8.375300000000001e-06,-2.47e-12,-8.3728e-06,2.47e-12,8.375300000000001e-06,33333333.333335564
bot2,4.3,2,8.3774e-06,5.26e-11,-8.3768e-06,5.26e-11,8.3774e-06,32258064.51612884
bot2,4.4,2,8.381500000000001e-06,-2.052e-11,-8.3834e-06,2.052e-11,8.381500000000001e-06,24390243.902435955
bot2,4.5,2,8.385600000000002e-06,-3.1e-12,-8.3837e-06,3.1e-12,8.385600000000002e-06,25974025.97402619
bot2,4.6000000000000005,2,8.389200000000001e-06,4.0010000000000006e-11,-8.388000000000002e-06,4.0010000000000006e-11,8.389200000000001e-06,33898305.084749326
bot2,4.7,2,8.391500000000001e-06,-2.588e-11,-8.388500000000001e-06,2.588e-11,8.391500000000001e-06,30769230.769227345
bot2,4.8,2,8.395700000000002e-06,-2.44e-12,-8.398700000000001e-06,2.44e-12,8.395700000000002e-06,18181818.181817528
bot2,4.9,2,8.402500000000001e-06,3.253e-11,-8.4015e-06,3.253e-11,8.402500000000001e-06,20202020.20202086
bot2,5.0,2,8.405600000000001e-06,-4.775e-11,-8.4029e-06,4.775e-11,8.405600000000001e-06,32258064.516128697
bot2,0.0,3,9.47e-10,-8.800000000000002e-13,-6.1782e-10,8.800000000000002e-13,9.47e-10,45633.90745352301
bot2,0.1,3,2.1923e-06,-6.066e-11,-2.2048e-06,6.066e-11,2.1923e-06,46154.70179101011
bot2,0.2,3,4.334200000000001e-06,-4.291e-11,-4.3158e-06,4.291e-11,4.334200000000001e-06,47331.676724647965
bot2,0.3,3,6.417800000000001e-06,4.1940000000000006e-11,-6.4092e-06,4.1940000000000006e-11,6.417800000000001e-06,48605.035481675885
bot2,0.4,3,8.449000000000002e-06,3e-12,-8.4491e-06,3e-12,8.449000000000002e-06,49670.9300881659
bot2,0.5,3,1.04443e-05,-1.23e-12,-1.04482e-05,1.23e-12,1.04443e-05,51907.60446405399
bot2,0.6,3,1.2302e-05,-1.361e-11,-1.2254e-05,1.361e-11,1.2302e-05,54029.229813329046
bot2,0.7,3,1.4146e-05,6.19e-11,-1.4104e-05,6.19e-11,1.4146e-05,56529.11249293386
bot2,0.8,3,1.584e-05,-5.0710000000000005e-11,-1.5768000000000002e-05,5.0710000000000005e-11,1.584e-05,60938.45216331504
bot2,0.9,3,1.7428e-05,-7.700000000000002e-13,-1.7402e-05,7.700000000000002e-13,1.7428e-05,63734.86297004461
bot2,1.0,3,1.8978e-05,2.1000000000000003e-12,-1.8946e-05,2.1000000000000003e-12,1.8978e-05,67567.56756756754
bot2,1.1,3,2.0388e-05,-1.22e-12,-2.038e-05,1.22e-12,2.0388e-05,73855.24372230422
bot2,1.2,3,2.1686e-05,3.321e-11,-2.1712e-05,3.321e-11,2.1686e-05,78308.5356303837
bot2,1.3,3,2.2942e-05,-4.8420000000000006e-11,-2.2942e-05,4.8420000000000006e-11,2.2942e-05,81499.59250203766
bot2,1.4,3,2.414e-05,1.6870000000000002e-11,-2.4134e-05,1.6870000000000002e-11,2.414e-05,88028.16901408457
bot2,1.5,3,2.5214e-05,1.7200000000000001e-12,-2.5196e-05,1.7200000000000001e-12,2.5214e-05,98425.19685039368
bot2,1.6,3,2.6172e-05,-2.070000000000001e-12,-2.6192e-05,2.070000000000001e-12,2.6172e-05,107181.13612004272
bot2,1.7,3,2.708e-05,5.801e-11,-2.7074e-05,5.801e-11,2.708e-05,115340.25374855816
bot2,1.8,3,2.7906e-05,-5.6470000000000006e-11,-2.7902e-05,5.6470000000000006e-11,2.7906e-05,129533.67875647671
bot2,1.9,3,2.8624e-05,3.4220000000000006e-11,-2.8614e-05,3.4220000000000006e-11,2.8624e-05,148588.41010401183
bot2,2.0,3,2.9252e-05,1.9200000000000003e-12,-2.9248e-05,1.9200000000000003e-12,2.9252e-05,165837.4792703153
bot2,2.1,3,2.983e-05,-2.0500000000000004e-12,-2.9824e-05,2.0500000000000004e-12,2.983e-05,183486.23853211
bot2,2.2,3,3.0342e-05,3.4e-13,-3.0336e-05,3.4e-13,3.0342e-05,209643.60587002084
bot2,2.3000000000000003,3,3.0784e-05,-5.710000000000001e-12,-3.0778e-05,5.710000000000001e-12,3.0784e-05,242130.750605326
bot2,2.4,3,3.1168000000000004e-05,5.6060000000000005e-11,-3.1172e-05,5.6060000000000005e-11,3.1168000000000004e-05,280112.0448179267
bot2,2.5,3,3.1498e-05,-3.0350000000000004e-11,-3.1498e-05,3.0350000000000004e-11,3.1498e-05,336700.33670034003
bot2,2.6,3,3.1762e-05,4.42e-12,-3.1756e-05,4.42e-12,3.1762e-05,408163.2653061253
bot2,2.7,3,3.1988e-05,1.78e-12,-3.1996e-05,1.78e-12,3.1988e-05,487804.8780487754
bot2,2.8000000000000003,3,3.2172e-05,-4.1e-13,-3.2174e-05,4.1e-13,3.2172e-05,581395.348837205
bot2,2.9,3,3.2332e-05,5.857000000000001e-11,-3.2322e-05,5.857000000000001e-11,3.2332e-05,709219.8581560402
bot2,3.0,3,3.2454e-05,-5.288e-11,-3.2454e-05,5.288e-11,3.2454e-05,900900.900900906
bot2,3.1,3,3.2554e-05,2.149e-11,-3.2554e-05,2.149e-11,3.2554e-05,1123595.505617953
bot2,3.2,3,3.2632e-05,-1.4400000000000001e-12,-3.2630000000000004e-05,1.4400000000000001e-12,3.2632e-05,1388888.888888851
bot2,3.3000000000000003,3,3.2698000000000004e-05,-1.9000000000000002e-13,-3.2694e-05,1.9000000000000002e-13,3.2698000000000004e-05,1754385.96491229
bot2,3.4,3,3.2746e-05,1.5400000000000001e-12,-3.2748e-05,1.5400000000000001e-12,3.2746e-05,2040816.3265306505
bot2,3.5,3,3.2796e-05,-5.196000000000001e-11,-3.2792e-05,5.196000000000001e-11,3.2796e-05,2380952.3809523485
bot2,3.6,3,3.283e-05,4.872e-11,-3.2832e-05,4.872e-11,3.283e-05,2564102.564102513
bot2,3.7,3,3.2874000000000004e-05,1.7500000000000002e-12,-3.2872e-05,1.7500000000000002e-12,3.2874000000000004e-05,2564102.564102513
bot2,3.8,3,3.2908000000000004e-05,-1.31e-12,-3.2916e-05,1.31e-12,3.2908000000000004e-05,2777777.7777779577
bot2,3.9,3,3.2946e-05,8.800000000000002e-13,-3.295e-05,8.800000000000002e-13,3.2946e-05,2777777.7777779577
bot2,4.0,3,3.298e-05,-5.982e-11,-3.2976000000000004e-05,5.982e-11,3.298e-05,3225806.4516128767
bot2,4.1,3,3.3008e-05,5.375e-11,-3.3012e-05,5.375e-11,3.3008e-05,3124999.999999768
bot2,4.2,3,3.3044000000000004e-05,-2.286e-11,-3.3044000000000004e-05,2.286e-11,3.3044000000000004e-05,3030303.030302922
bot2,4.3,3,3.3074e-05,-4.1e-13,-3.307e-05,4.1e-13,3.3074e-05,3333333.3333335565
bot2,4.4,3,3.3104e-05,1.83e-12,-3.3098e-05,1.83e-12,3.3104e-05,3703703.703703952
bot2,4.5,3,3.3128e-05,-1.5700000000000002e-12,-3.313e-05,1.5700000000000002e-12,3.3128e-05,3703703.7037034873
bot2,4.6000000000000005,3,3.3158000000000003e-05,3.5230000000000004e-11,-3.3162e-05,3.5230000000000004e-11,3.3158000000000003e-05,3333333.33333318
bot2,4.7,3,3.3188e-05,-5.992e-11,-3.3186000000000004e-05,5.992e-11,3.3188e-05,3448275.8620690466
bot2,4.8,3,3.3216e-05,4e-11,-3.321e-05,4e-11,3.3216e-05,3571428.5714285225
bot2,4.9,3,3.3244e-05,1.83e-12,-3.324e-05,1.83e-12,3.3244e-05,3846153.846153936
bot2,5.0,3,3.3268e-05,-1.59e-12,-3.327e-05,1.59e-12,3.3268e-05,4166666.6666669273
bot2,0.0,4,9.544e-10,-4.37e-12,-7.3904e-10,4.37e-12,9.544e-10,32016.95002948121
bot2,0.1,4,3.1243000000000003e-06,6.027e-11,-3.1358e-06,6.027e-11,3.1243000000000003e-06,31925.189830371248
bot2,0.2,4,6.265600000000001e-06,5.135e-11,-6.270600000000001e-06,5.135e-11,6.265600000000001e-06,31772.761211813104
bot2,0.3,4,9.419e-06,-3.19e-11,-9.385e-06,3.19e-11,9.419e-06,32090.366471985108
bot2,0.4,4,1.2498e-05,-2e-12,-1.258e-05,2e-12,1.2498e-05,32149.17215881692
bot2,0.5,4,1.564e-05,-1.9400000000000002e-12,-1.5652000000000002e-05,1.9400000000000002e-12,1.564e-05,31847.13375796177
bot2,0.6,4,1.8778e-05,9.000000000000001e-13,-1.8786e-05,9.000000000000001e-13,1.8778e-05,32164.683177870706
bot2,0.7,4,2.1858e-05,-2.8100000000000003e-12,-2.1816e-05,2.8100000000000003e-12,2.1858e-05,32071.840923669035
bot2,0.8,4,2.5014e-05,3.548e-11,-2.499e-05,3.548e-11,2.5014e-05,33101.621979476986
bot2,0.9,4,2.79e-05,-4.589e-11,-2.8018e-05,4.589e-11,2.79e-05,33886.81802778719
bot2,1.0,4,3.0916e-05,1.354e-11,-3.0804e-05,1.354e-11,3.0916e-05,34734.28273706148
bot2,1.1,4,3.3658e-05,1.3000000000000001e-12,-3.363e-05,1.3000000000000001e-12,3.3658e-05,36456.43456069994
bot2,1.2,4,3.6402e-05,-2.09e-12,-3.6368e-05,2.09e-12,3.6402e-05,36954.915003695474
bot2,1.3,4,3.907e-05,4.440000000000001e-12,-3.9172e-05,4.440000000000001e-12,3.907e-05,37369.20777279526
bot2,1.4,4,4.1754e-05,-1.041e-11,-4.172e-05,1.041e-11,4.1754e-05,39108.33007430584
bot2,1.5,4,4.4184e-05,3.683e-11,-4.4202e-05,3.683e-11,4.4184e-05,41928.72117400415
bot2,1.6,4,4.6524e-05,-6e-12,-4.6498e-05,6e-12,4.6524e-05,43668.12227074234
bot2,1.7,4,4.8764e-05,-1.95e-12,-4.8776e-05,1.95e-12,4.8764e-05,45392.64639128462
bot2,1.8,4,5.093e-05,2.8800000000000002e-12,-5.0902e-05,2.8800000000000002e-12,5.093e-05,48146.364949446346
bot2,1.9,4,5.2918e-05,-1.13e-12,-5.2856e-05,1.13e-12,5.2918e-05,51361.06831022084
bot2,2.0,4,5.4824e-05,1.712e-11,-5.4776e-05,1.712e-11,5.4824e-05,54318.30526887565
bot2,2.1,4,5.66e-05,-5.979000000000001e-11,-5.660200000000001e-05,5.979000000000001e-11,5.66e-05,57306.59025787968
bot2,2.2,4,5.8314e-05,5.582000000000001e-11,-5.8312e-05,5.582000000000001e-11,5.8314e-05,59916.11743559021
bot2,2.3000000000000003,4,5.9938e-05,-2.365e-11,-5.9914e-05,2.365e-11,5.9938e-05,66445.18272425255
bot2,2.4,4,6.1324e-05,-2.4000000000000004e-13,-6.1326e-05,2.4000000000000004e-13,6.1324e-05,72780.20378457046
bot2,2.5,4,6.2686e-05,1.79e-12,-6.276e-05,1.79e-12,6.2686e-05,72046.10951008648
bot2,2.6,4,6.41e-05,-1.9200000000000003e-12,-6.4084e-05,1.9200000000000003e-12,6.41e-05,75815.01137225184
bot2,2.7,4,6.5324e-05,1.551e-11,-6.5338e-05,1.551e-11,6.5324e-05,83822.29673093048
bot2,2.8000000000000003,4,6.6486e-05,-5.546e-11,-6.648e-05,5.546e-11,6.6486e-05,88417.32979664003
bot2,2.9,4,6.7586e-05,5.974e-11,-6.7594e-05,5.974e-11,6.7586e-05,93632.95880149765
bot2,3.0,4,6.862200000000001e-05,-4.78e-12,-6.8594e-05,4.78e-12,6.862200000000001e-05,104275.28675703844
bot2,3.1,4,6.9504e-05,-3.07e-12,-6.9474e-05,3.07e-12,6.9504e-05,118343.19526627284
bot2,3.2,4,7.0312e-05,-4.9e-13,-7.0324e-05,4.9e-13,7.0312e-05,130890.0523560208
bot2,3.3000000000000003,4,7.103200000000001e-05,-2.5140000000000003e-11,-7.106e-05,2.5140000000000003e-11,7.103200000000001e-05,144508.67052023113
bot2,3.4,4,7.1696e-05,5.895e-11,-7.168200000000001e-05,5.895e-11,7.1696e-05,155763.2398753896
bot2,3.5,4,7.2316e-05,-1.832e-11,-7.230600000000002e-05,1.832e-11,7.2316e-05,173310.2253032916
bot2,3.6,4,7.285000000000002e-05,-1.22e-12,-7.2854e-05,1.22e-12,7.285000000000002e-05,198807.15705765487
bot2,3.7,4,7.3322e-05,1.1900000000000002e-12,-7.3318e-05,1.1900000000000002e-12,7.3322e-05,222222.2222222237
bot2,3.8,4,7.375e-05,-5.8700000000000014e-12,-7.3754e-05,5.8700000000000014e-12,7.375e-05,253807.10659898227
bot2,3.9,4,7.411e-05,4.4700000000000005e-11,-7.4098e-05,4.4700000000000005e-11,7.411e-05,291545.18950437283
bot2,4.0,4,7.4436e-05,-6.039000000000001e-11,-7.444e-05,6.039000000000001e-11,7.4436e-05,332225.9136212665
bot2,4.1,4,7.4712e-05,4.323e-11,-7.4688e-05,4.323e-11,7.4712e-05,395256.9169960492
bot2,4.2,4,7.4942e-05,4.6400000000000004e-12,-7.4934e-05,4.6400000000000004e-12,7.4942e-05,473933.64928909566
bot2,4.3,4,7.5134e-05,-1.7e-13,-7.5154e-05,1.7e-13,7.5134e-05,512820.5128205114
bot2,4.4,4,7.5332e-05,8.600000000000002e-13,-7.533e-05,8.600000000000002e-13,7.5332e-05,581395.3488372177
bot2,4.5,4,7.5478e-05,-1.8310000000000003e-11,-7.5488e-05,1.8310000000000003e-11,7.5478e-05,694444.4444444582
bot2,4.6000000000000005,4,7.562e-05,5.493e-11,-7.563e-05,5.493e-11,7.562e-05,724637.6811593976
bot2,4.7,4,7.5754e-05,-1.9860000000000003e-11,-7.5752e-05,1.9860000000000003e-11,7.5754e-05,799999.9999999778
bot2,4.8,4,7.587e-05,-1.9e-12,-7.587e-05,1.9e-12,7.587e-05,840336.1344538057
bot2,4.9,4,7.5992e-05,1.13e-12,-7.5992e-05,1.13e-12,7.5992e-05,892857.1428571306
bot2,5.0,4,7.6094e-05,-1.59e-12,-7.6082e-05,1.59e-12,7.6094e-05,980392.156862676
bot2,0.0,5,1.0663e-09,2.09e-12,-1.0147e-09,2.09e-12,1.0663e-09,28048.65218232397
bot2,0.1,5,3.5663000000000005e-06,-1.5430000000000002e-11,-3.608e-06,1.5430000000000002e-11,3.5663000000000005e-06,27393.38129613071
bot2,0.2,5,7.3021e-06,-8.600000000000002e-13,-7.258900000000002e-06,8.600000000000002e-13,7.3021e-06,26214.03761714397
bot2,0.3,5,1.11958e-05,5.903e-11,-1.1163200000000002e-05,5.903e-11,1.11958e-05,24875.93129267777
bot2,0.4,5,1.5342e-05,5.466e-11,-1.5218e-05,5.466e-11,1.5342e-05,24259.47939157225
bot2,0.5,5,1.944e-05,-1.103e-11,-1.9526e-05,1.103e-11,1.944e-05,23546.032493524835
bot2,0.6,5,2.3836e-05,-1.73e-12,-2.3706e-05,1.73e-12,2.3836e-05,22988.50574712644
bot2,0.7,5,2.814e-05,2.08e-12,-2.8146e-05,2.08e-12,2.814e-05,23348.12047630167
bot2,0.8,5,3.2402e-05,-8.500000000000002e-13,-3.2292e-05,8.500000000000002e-13,3.2402e-05,23430.17806935333
bot2,0.9,5,3.6676e-05,2.133e-11,-3.6628e-05,2.133e-11,3.6676e-05,23255.813953488352
bot2,1.0,5,4.1002000000000005e-05,-5.804000000000001e-11,-4.117e-05,5.804000000000001e-11,4.1002000000000005e-05,23364.485981308422
bot2,1.1,5,4.5236e-05,5.514e-11,-4.5444e-05,5.514e-11,4.5236e-05,23769.90729736154
bot2,1.2,5,4.9416e-05,-2.843e-11,-4.949e-05,2.843e-11,4.9416e-05,23832.22116301237
bot2,1.3,5,5.3628e-05,3.110000000000001e-12,-5.3562e-05,3.110000000000001e-12,5.3628e-05,24588.14851241704
bot2,1.4,5,5.755e-05,9.5e-13,-5.7584e-05,9.5e-13,5.755e-05,25188.91687657429
bot2,1.5,5,6.1568e-05,-3.213e-11,-6.156400000000001e-05,3.213e-11,6.1568e-05,24900.39840637452
bot2,1.6,5,6.5582e-05,5.997e-11,-6.539e-05,5.997e-11,6.5582e-05,26476.03918453797
bot2,1.7,5,6.9122e-05,-4.9000000000000005e-11,-6.9146e-05,4.9000000000000005e-11,6.9122e-05,27847.39626844889
bot2,1.8,5,7.2764e-05,1.5960000000000002e-11,-7.2738e-05,1.5960000000000002e-11,7.2764e-05,28546.959748786805
bot2,1.9,5,7.6128e-05,3.4100000000000002e-12,-7.6092e-05,3.4100000000000002e-12,7.6128e-05,29274.00468384072
bot2,2.0,5,7.9596e-05,-1.3900000000000001e-12,-7.9706e-05,1.3900000000000001e-12,7.9596e-05,28735.63218390804
bot2,2.1,5,8.3088e-05,2.8800000000000003e-11,-8.304e-05,2.8800000000000003e-11,8.3088e-05,29761.90476190477
bot2,2.2,5,8.6316e-05,-6.036e-11,-8.629e-05,6.036e-11,8.6316e-05,31959.09236177692
bot2,2.3000000000000003,5,8.9346e-05,4.167e-11,-8.9474e-05,4.167e-11,8.9346e-05,32948.929159802254
bot2,2.4,5,9.2386e-05,2.31e-12,-9.2362e-05,2.31e-12,9.2386e-05,34734.28273706147
bot2,2.5,5,9.5104e-05,-1.7200000000000001e-12,-9.5056e-05,1.7200000000000001e-12,9.5104e-05,36737.69287288763
bot2,2.6,5,9.783e-05,8.000000000000001e-14,-9.7924e-05,8.000000000000001e-14,9.783e-05,38895.37145079739
bot2,2.7,5,0.000100246,-1.446e-11,-0.000100508,1.446e-11,0.000100246,39714.05877680705
bot2,2.8000000000000003,5,0.000102866,5.3230000000000006e-11,-0.000102328,5.3230000000000006e-11,0.000102866,43047.78303917345
bot2,2.9,5,0.000104892,-2.38e-11,-0.000104788,2.38e-11,0.000104892,47281.32387706843
bot2,3.0,5,0.000107096,-2.9000000000000013e-13,-0.000106822,2.9000000000000013e-13,0.000107096,44603.0330062444
bot2,3.1,5,0.000109376,9.200000000000001e-13,-0.000109228,9.200000000000001e-13,0.000109376,48426.15012106538
bot2,3.2,5,0.000111226,-1.7560000000000002e-11,-0.000111388,1.7560000000000002e-11,0.000111226,48780.48780487804
bot2,3.3000000000000003,5,0.000113476,5.875e-11,-0.000113368,5.875e-11,0.000113476,49333.991119881546
bot2,3.4,5,0.00011528,-5.434e-11,-0.000115406,5.434e-11,0.00011528,60901.339829476085
bot2,3.5,5,0.00011676,-1.549e-11,-0.00011686,1.549e-11,0.00011676,60240.9638554217
bot2,3.6,5,0.0001186,5.3110000000000005e-11,-0.00011866,5.3110000000000005e-11,0.0001186,59523.80952380967
bot2,3.7,5,0.00012012,-3.576e-11,-0.00012038,3.576e-11,0.00012012,65789.47368421062
bot2,3.8,5,0.00012164,5.54e-12,-0.00012136,5.54e-12,0.00012164,74074.07407407367
bot2,3.9,5,0.00012282,1.8400000000000002e-12,-0.00012282,1.8400000000000002e-12,0.00012282,86956.52173913027
bot2,4.0,5,0.00012394,-2.74e-12,-0.00012408,2.74e-12,0.00012394,83333.33333333401
bot2,4.1,5,0.00012522,5.735000000000001e-11,-0.00012534,5.735000000000001e-11,0.00012522,84745.76271186456
bot2,4.2,5,0.0001263,-6.420000000000001e-11,-0.00012676,6.420000000000001e-11,0.0001263,69444.44444444451
bot2,4.3,5,0.0001281,4.2890000000000006e-11,-0.0001281,4.2890000000000006e-11,0.0001281,81967.2131147538
bot2,4.4,5,0.00012874,6.900000000000001e-13,-0.0001288,6.900000000000001e-13,0.00012874,129870.12987012866
bot2,4.5,5,0.00012964,-2.8e-12,-0.00012964,2.8e-12,0.00012964,105263.15789473738
bot2,4.6000000000000005,5,0.00013064,3.160000000000001e-12,-0.00013074,3.160000000000001e-12,0.00013064,111111.11111111184
bot2,4.7,5,0.00013144,-4.860000000000001e-12,-0.00013142,4.860000000000001e-12,0.00013144,147058.8235294112
bot2,4.8,5,0.000132,5.102e-11,-0.00013202,5.102e-11,0.000132,178571.4285714261
bot2,4.9,5,0.00013256,-5.6500000000000005e-11,-0.0001327,5.6500000000000005e-11,0.00013256,181818.18181818203
bot2,5.0,5,0.0001331,2.42e-11,-0.00013308,2.42e-11,0.0001331,185185.18518518747
