parameter,W,n_L,a1,b1,c1
Von_lin,20,4,0.003,-0.061,-0.175
Von_lin,40,4,0.004,-0.092,2.13836e-15
Von_lin,80,4,-0.003,0.081,-0.925
Von_lin,160,4,0.001,0.009,-0.675
Von_sat,20,4,-0.001,0.051,-0.825
Von_sat,40,4,-1.23681e-18,0.008,-0.45
Von_sat,80,4,-0.005,0.147,-1.425
Von_sat,160,4,-0.001,0.063,-0.975
alpha_lin,20,4,-0.000391438,0.00853116,-0.42777
alpha_lin,40,4,0.00267847,-0.0563024,-0.282315
alpha_lin,80,4,0.00258339,-0.0584184,-0.103767
alpha_lin,160,4,-0.0035902,0.0841081,-0.925698
alpha_sat,20,4,0.000440742,-0.028439,-0.187263
alpha_sat,40,4,0.00465321,-0.117696,-0.00630262
alpha_sat,80,4,0.0014846,-0.0382676,-0.216477
alpha_sat,160,4,-0.00104735,0.0232585,-0.675122
k_lin,20,4,-0.0208237,0.444782,-8.0349
k_lin,40,4,-0.00572309,0.185427,-7.84639
k_lin,80,4,-0.000754354,0.0946901,-6.70049
k_lin,160,4,0.0104772,-0.141321,-5.6097
k_sat,20,4,-0.0154778,0.422166,-8.122
k_sat,40,4,0.00550309,-0.011108,-7.37907
k_sat,80,4,-0.0128453,0.44688,-8.57313
k_sat,160,4,-0.011715,0.332175,-8.12668
G0_lin,20,4,3.96592e-06,-8.68746e-05,0.000542464
G0_lin,40,4,2.01495e-06,-4.54195e-05,0.0003384
G0_lin,80,4,3.69912e-07,-1.10486e-05,0.00017308
G0_lin,160,4,-8.27941e-07,1.72043e-05,1.52598e-08
G0_sat,20,4,9.37365e-07,-2.89633e-05,0.000232503
G0_sat,40,4,6.71973e-07,-2.05912e-05,0.000170222
G0_sat,80,4,4.6227e-07,-1.426e-05,0.000127706
G0_sat,160,4,3.42999e-08,-2.06628e-06,4.54963e-05
Ioff_lin,20,4,-3.0432e-15,7.96256e-14,2.77828e-12
Ioff_lin,40,4,-1.0836e-15,3.59756e-14,3.02911e-12
Ioff_lin,80,4,-3.246e-14,8.56481e-13,-8.1224e-13
Ioff_lin,160,4,-9.4264e-15,2.1509e-13,2.33926e-12
Ioff_sat,20,4,2.49512e-14,-8.06378e-13,9.07654e-12
Ioff_sat,40,4,-4.8052e-15,1.57262e-13,1.91901e-12
Ioff_sat,80,4,8.9464e-15,-3.00622e-13,5.38146e-12
Ioff_sat,160,4,-1.4972e-15,-1.89436e-14,3.63609e-12
