W,L,alpha_lin,alpha_sat,k_lin,k_sat,G0_lin,G0_sat,m
20,5,-0.406158,-0.305456,-6.27344,-7.25082,0.000198192,0.000246674,3.00351
20,10,-0.347684,-0.352753,-5.79423,-5.22758,8.8533e-05,2.69817e-05,1.1163
20,15,-0.42427,-0.593198,-5.95609,-5.50745,0.000115914,1.90305e-05,
20,20,-0.302907,-0.42422,-7.06541,-5.58696,0.000399142,3.66121e-05,2.00455
40,5,-0.466051,-0.434968,-6.87961,-7.72821,0.000159587,0.00016488,1.59451
40,10,-0.669891,-0.848131,-7.08448,-7.8114,8.8651e-05,2.57062e-05,1.00697
40,15,-0.431625,-0.59434,-5.80211,-5.44466,0.000104839,1.87606e-05,
40,20,-0.362492,-0.536503,-6.53902,-5.64814,0.000228342,2.56609e-05,1.23665
80,5,-0.3197,-0.2261,-6.24349,-6.91065,0.000130551,0.000107265,1.71575
80,10,-0.476054,-0.432173,-5.87475,-5.27877,9.04607e-05,3.03413e-05,1.35898
80,15,-0.364567,-0.476967,-5.29104,-4.84321,8.84896e-05,1.94673e-05,13.3394
80,20,-0.448116,-0.639418,-5.84805,-5.30764,8.93151e-05,1.47966e-05,1.40893
160,5,-0.594183,-0.601848,-6.09919,-6.90456,6.65651e-05,4.12673e-05,17.2319
160,10,-0.432114,-0.50099,-5.79952,-6.25715,8.37635e-05,3.52309e-05,1.20414
160,15,-0.526316,-0.634659,-5.27649,-5.46665,5.62737e-05,1.70874e-05,6.78905
