W,L,split,sweep,n,mae_dec,rmse_dec,bias_dec,med_rel,p90_rel,own_mae_dec
5,5,holdout,linear,54,0.229,0.4752,-0.1128,0.2713,0.6764,0.02276
5,5,holdout,output,300,0.224,0.3813,-0.1946,0.2252,0.8734,0.02187
5,5,holdout,saturation,54,0.2497,0.4918,-0.2497,0.2094,0.6599,0.03624
10,5,holdout,linear,53,0.1244,0.1708,0.02063,0.2987,0.3303,0.02677
10,5,holdout,output,300,0.1187,0.1825,-0.07739,0.1504,0.6129,0.03243
10,5,holdout,saturation,53,0.09865,0.1549,-0.09865,0.1492,0.2417,0.03657
10,10,holdout,linear,53,0.2024,0.3326,0.03967,0.4675,0.5026,0.01875
10,10,holdout,output,300,0.2782,0.3694,0.00612,0.5723,0.846,0.02826
10,10,holdout,saturation,53,0.2396,0.3656,0.06246,0.5816,0.6331,0.05282
20,5,train,linear,53,0.08049,0.1063,-0.00544,0.1729,0.2909,0.02461
20,5,train,output,300,0.1058,0.1351,-0.08606,0.1767,0.4647,0.02279
20,5,train,saturation,54,0.1203,0.1929,-0.1203,0.1775,0.2495,0.04666
20,10,train,linear,53,0.1971,0.2856,0.05604,0.4876,0.5333,0.0283
20,10,train,output,300,0.2667,0.336,0.02956,0.6145,0.8051,0.02835
20,10,train,saturation,53,0.2369,0.3272,0.08339,0.6453,0.716,0.03024
20,15,train,linear,51,0.1748,0.1847,0.137,0.5692,0.6312,0.05881
20,15,train,output,300,0.1554,0.1639,0.09275,0.4227,0.6486,0.1102
20,15,train,saturation,51,0.1449,0.1552,0.1448,0.4536,0.5052,0.0332
20,20,train,linear,51,0.01347,0.02477,-0.007228,0.01808,0.05389,0.04764
20,20,train,output,300,0.06897,0.1083,0.06831,0.08655,0.7599,0.09034
20,20,train,saturation,51,0.09257,0.1371,0.09257,0.1966,0.232,0.02609
40,5,train,linear,53,0.1033,0.1124,0.0919,0.2792,0.3336,0.03875
40,5,train,output,300,0.04977,0.06156,0.02822,0.115,0.2671,0.04399
40,5,train,saturation,53,0.02345,0.04099,0.01803,0.02699,0.1718,0.03101
40,10,train,linear,51,0.2202,0.2776,0.2202,0.4939,0.8549,0.1146
40,10,train,output,250,0.2663,0.2787,0.2663,0.7174,1.745,0.05829
40,10,train,saturation,49,0.408,0.4906,0.408,1.052,3.488,0.03851
40,15,train,linear,52,0.1999,0.2437,0.09731,0.5819,0.6183,0.08583
40,15,train,output,300,0.1681,0.208,0.03199,0.3514,0.6216,0.1247
40,15,train,saturation,51,0.1084,0.1161,0.1012,0.3327,0.3851,0.03239
40,20,train,linear,51,0.1297,0.1365,0.1013,0.391,0.4257,0.05795
40,20,train,output,300,0.06703,0.07957,0.0604,0.1296,0.4014,0.1189
40,20,train,saturation,50,0.07101,0.09369,0.07101,0.1538,0.1933,0.02599
80,5,train,linear,55,0.1263,0.3267,-0.03591,0.1083,0.3664,0.04691
80,5,train,output,300,0.07899,0.1077,-0.0002168,0.0853,0.5193,0.05001
80,5,train,saturation,55,0.141,0.3149,-0.03505,0.0725,0.834,0.0992
80,10,train,linear,53,0.103,0.1214,0.03514,0.2501,0.2902,0.07039
80,10,train,output,300,0.165,0.2218,0.004217,0.3459,0.6635,0.06213
80,10,train,saturation,53,0.1546,0.1821,0.04639,0.391,0.4681,0.04745
80,15,train,linear,53,0.2431,0.452,-0.02476,0.4492,0.5063,0.07123
80,15,train,output,300,0.2716,0.5102,-0.1956,0.2366,0.9413,0.08844
80,15,train,saturation,52,0.1212,0.2636,-0.1053,0.05189,0.4961,0.02461
80,20,train,linear,52,0.3723,0.4921,0.1499,1.16,1.248,0.07102
80,20,train,output,300,0.3282,0.5745,-0.2037,0.3529,0.9567,0.1075
80,20,train,saturation,52,0.1466,0.3066,-0.1356,0.03963,0.6127,0.04939
160,5,train,linear,55,0.2088,0.2195,-0.2088,0.3618,0.3936,0.04566
160,5,train,output,300,0.1028,0.1131,-0.08503,0.2114,0.3111,0.05371
160,5,train,saturation,55,0.05694,0.07555,-0.0005056,0.08947,0.3745,0.06053
160,10,train,linear,53,0.0183,0.03917,0.009292,0.01227,0.08654,0.07366
160,10,train,output,300,0.05592,0.08717,0.03884,0.05442,0.5697,0.09605
160,10,train,saturation,52,0.0924,0.1725,0.07762,0.06859,0.8254,0.02529
160,15,train,linear,53,0.2003,0.4135,-0.2003,0.1282,0.6348,0.1075
160,15,train,output,300,0.3444,0.4916,-0.3444,0.3727,0.9222,0.1475
160,15,train,saturation,52,0.2364,0.2562,-0.2364,0.3635,0.5362,0.03118
160,20,train,linear,50,,,,,,0.06989
160,20,train,output,250,,,,,,0.04099
160,20,train,saturation,49,,,,,,0.01667
