W,L,device,von_lin,von_sat,drop_lin,drop_sat,leak,top_ratio,out_drop,out_rough,out_cross,c_lin,c_sat,reject,score
5,5,bot1,1.4,1.3,0,0,3.774e-12,2.37,0.005587,0.1867,3,1.008,0.9882,crossing output,4.304
5,5,bot1rep,2.4,2.3,0,0,4.088e-12,3.444,0.001277,0.1634,6,1.016,0.9894,crossing output,6.193
5,5,top1,5,-0.3,1,0,7.172e-08,1.621,0.06253,0.806,0,0.9638,1.001,"noisy lin on-state, off-state leakage, non-monotonic output",9.418
5,5,top1rep,5,-0.4,1,0,5.564e-08,1.701,0.03341,0.4621,0,1.419,0.9772,"noisy lin on-state, off-state leakage",8.134
5,5,top2,-0.5,-0.5,0,0,3.623e-12,1.609,0.003371,0.06362,0,1.004,0.9964,,0.6762
5,5,top2rep,5,-0.7,1,0.001694,5.528e-09,1.973,0.07411,0.8792,0,1.241,1.071,"noisy lin on-state, off-state leakage, non-monotonic output",10.43
10,5,bot1,0.3,0.4,0,0,3.436e-12,1.883,0.02064,0.09968,0,1.01,0.991,,1.868
10,5,bot2,3.2,3.1,0,0,3.42e-12,19.25,0.01821,0.341,8,0.9841,0.9675,crossing output,8.704
10,5,top1,-0.4,-0.4,0,0,3.332e-12,1.601,0.002824,0.07342,0,1.003,0.9952,,0.5253
10,5,top2,-0.6,-1,0,0,3.379e-12,1.584,0.009143,0.05777,0,1.003,0.9966,,1.245
10,10,bot1,-0.2,0,0,0,3.801e-12,1.722,0.001654,0.07713,0,1,0.9956,,0.8403
10,10,bot2,4.7,1.7,0,0,4.856e-12,2.738,0.1908,0.736,3,1.002,0.9789,"non-monotonic output, crossing output",10.75
10,10,top1,-0.2,-0.3,0,0,3.586e-12,1.663,0.002531,0.06839,0,0.9993,0.9976,,0.495
10,10,top2,-0.4,-0.4,0,0,3.113e-12,1.625,0.004633,0.06523,0,1,0.9983,,0.478
20,5,bot1,-0.4,-0.6,0,0,3.748e-12,1.611,0.000249,0.06463,0,1.001,0.9948,,0.6798
20,5,bot2,1.3,1.3,0,0,3.264e-12,2.48,0.003081,0.1482,1,0.9792,0.9894,crossing output,4.023
20,5,top1,-0.3,-0.8,0,0,3.524e-12,1.691,0.0001973,0.06928,0,1.002,0.9948,,0.9035
20,10,bot1,2.3,-0.3,0.03837,0,6.397e-10,1.652,0.03278,0.5415,0,1.056,0.9594,off-state leakage,5.454
20,10,bot2,0.7,1,0,0,3.572e-12,2.066,0.0008857,0.09867,0,0.974,0.9965,,2.873
20,10,top1,-0.5,-0.4,0,0,3.307e-12,1.642,0.001235,0.06581,0,0.9999,0.9979,,0.5813
20,15,bot1,-0.4,-0.3,0,0,2.706e-12,1.662,0.001487,0.06949,0,0.99,0.9993,,0.4082
20,15,bot2,0.6,0.4,0,0,3.686e-12,1.807,0,0.09648,0,0.9968,0.9949,,2.141
20,20,bot1,-0.2,-0.2,0,0,3.845e-12,1.665,0.0004603,0.07089,0,0.992,0.9997,,0.6128
20,20,bot2,0.1,0.1,0,0,3.407e-12,1.719,0.002688,0.08451,0,0.9951,0.9931,,1.284
20,20,top2,-0.3,-0.5,0,0,3.446e-12,1.649,0,0.07266,0,1.001,0.9989,,0.6152
40,5,bot1,-0.8,-0.8,0,0,3.002e-12,1.635,0.00106,0.0612,0,1.007,0.9959,,1.267
40,5,bot2,0.3,0.5,0,0,3.582e-12,1.942,0.00527,0.1519,0,1.017,1.006,,2.232
40,5,top1,-0.4,-0.4,0,0,3.625e-12,1.662,9.003e-05,0.06358,0,1.003,0.9969,,0.4741
40,10,bot1,-0.4,-0.4,0,0,2.387e-12,1.718,0.004029,0.07394,0,0.9757,0.9971,,0.5472
40,10,bot2,-0.1,0,0,0,3.516e-12,1.737,0.04679,0.0791,0,0.9846,0.9964,,0.9646
40,10,top1,-0.5,-0.6,0,0,3.497e-12,1.621,0.0008494,0.06493,0,0.9994,0.9978,,0.7775
40,15,bot1,-0.6,-0.3,0,0,3.26e-12,1.656,0.001807,0.06827,0,0.9877,0.9992,,0.6045
40,15,bot2,-0.1,0.4,0,0,3.358e-12,1.922,0.0003957,0.09616,0,0.9648,0.9947,,1.472
40,20,bot1,-0.2,-0.3,0,0,3.743e-12,1.663,0.0004544,0.06967,0,0.9868,0.9994,,0.5122
40,20,bot2,0.9,1.5,0.04689,0,3.385e-12,2.235,0.07011,0.1426,3,1.061,0.847,"non-monotonic output, crossing output",3.989
80,5,bot1,-0.6,-0.8,0,0,3.198e-12,1.614,0.003021,0.05905,0,0.9971,0.9961,,1.052
80,5,bot2,0.1,0.2,0,0,3.611e-12,1.9,0.001574,0.07948,0,0.9496,0.9991,,1.4
80,10,bot1,-0.6,-0.5,0,0,3.565e-12,1.593,0.002165,0.08012,0,0.9463,1.001,,0.9071
80,10,bot2,0.1,0.5,0,0,3.382e-12,1.939,0.01576,0.09979,0,0.9477,0.9933,,1.809
80,10,top1,-0.6,-0.6,0,0,3.486e-12,1.647,0,0.06916,0,1.021,0.9973,,0.9196
80,10,top2,-0.4,-0.5,0,0,3.448e-12,1.664,0,0.06867,0,1.003,0.9979,,0.5982
80,15,bot1,-0.4,-0.3,0,0,3.182e-12,1.623,0.0008534,0.06622,0,0.9916,0.9986,,0.391
80,15,bot2,-0.1,0.1,0,0,3.509e-12,1.804,0.001439,0.08214,0,0.9897,0.9759,,1.095
80,20,bot1,-0.5,-0.5,0,0,3.451e-12,1.639,0.0002722,0.06782,0,0.9912,0.9991,,0.6987
80,20,bot2,-0.2,-0.1,0,0,3.9e-12,1.616,0,0.06225,0,0.936,0.9984,,0.729
160,5,bot1,-0.6,-0.7,0,0,3.428e-12,1.615,0,0.06031,0,0.9986,0.9964,,0.9565
160,5,bot2,-0.2,0.1,0,0,3.479e-12,1.879,0.001268,0.08278,0,0.9548,0.9985,,1.012
160,5,top1,-0.7,-0.9,0,0,3.94e-12,1.585,0.0009437,0.09575,0,1.004,0.9933,,1.439
160,10,bot1,-0.5,-0.4,0,0,3.424e-12,1.668,0.0005996,0.06672,0,0.9886,0.9983,,0.5968
160,10,bot2,0.1,0.5,0,0,3.443e-12,1.936,0.007151,0.08957,0,0.9683,0.9983,,1.732
160,15,bot1,-0.3,-0.2,0,0,3.645e-12,1.656,0.0004072,0.06189,0,1,0.9975,,0.4622
160,15,bot2,-0.3,-0.3,0,0,3.306e-12,1.652,0.000143,0.0683,0,0.9826,0.9967,,0.4123
160,15,top1,-0.6,-0.6,0,0,3.571e-12,1.67,0.003844,0.06907,0,1.001,0.9987,,0.8975
160,15,top2,-0.3,-0.3,0.01355,0.04514,3.819e-12,0.9949,0.0141,1.047,20,0.09605,0.2541,"compliance clipping, crossing output, output/transfer drift",8.998
160,20,bot1,4.6,-0.4,0,0,4.56e-07,1.662,0.002833,0.0699,0,0.9966,0.9989,off-state leakage,5.404
160,20,bot2,-0.1,-0.1,0.02715,0,3.668e-12,1.708,0.01918,0.2258,0,1.093,0.9682,,1.7
