device,W,L,split,Von_eff,Von_lin,Von_sat,alpha_lin,alpha_sat,k_lin,k_sat,G0_lin,G0_sat,Ioff_lin,Ioff_sat,DeltaL,RSD,m,RSD_kohm,DeltaL_RSD_source,Ioff_lin_own_onset,Ioff_sat_own_onset,r2_lnU_lin,r2_lnU_sat,m_traces,norm_ion_lin,norm_ion_sat,own_mae_dec_lin,own_mae_dec_sat,own_mae_dec_out
W5_L5_top2,5,5,holdout,-0.5,-0.5,-0.5,-0.254637,-0.196984,-8.47447,-9.93403,0.00138544,0.00299519,3.25408e-12,2.82176e-12,0.100156,12777,2.09048,12.777,TLM of W=10 (nearest),3.5624e-12,2.6012e-12,0.985712,0.985751,5,5.4298e-07,1.3864e-05,0.022756,0.036242,0.0218693
W10_L5_top1,10,5,holdout,-0.4,-0.4,-0.4,-0.340253,-0.341469,-7.20903,-6.52912,0.00034094,9.18319e-05,2.8834e-12,2.44336e-12,0.100156,12777,2.05899,12.777,TLM,8.02e-13,4.746e-13,0.987684,0.991152,4,5.1968e-07,1.2881e-05,0.0267714,0.0365666,0.0324341
W10_L10_top2,10,10,holdout,-0.4,-0.4,-0.4,-0.249408,-0.268997,-8.9824,-8.13967,0.00213838,0.000419843,2.7436e-12,3.13992e-12,0.100156,12777,2.11461,12.777,TLM,2.798e-13,3.2872e-12,0.993817,0.977644,4,5.51e-07,1.3002e-05,0.0187515,0.0528177,0.0282619
W20_L5_bot1,20,5,train,-0.4,-0.4,-0.6,-0.391934,-0.369749,-6.50643,-6.3628,0.000170917,7.21656e-05,3.11368e-12,5.77836e-12,0.415578,5518.97,2.07804,5.51897,TLM,2.1092e-12,1.24e-14,0.992233,0.995122,4,5.667e-07,1.4033e-05,0.0246114,0.0466599,0.0227887
W20_L10_top1,20,10,train,-0.4,-0.5,-0.4,-0.319014,-0.32835,-7.48518,-7.07243,0.000422354,0.000126031,3.23016e-12,3.17808e-12,0.415578,5518.97,2.03346,5.51897,TLM,2.5822e-12,3.2444e-12,0.990288,0.992519,4,5.248e-07,1.2184e-05,0.0283039,0.0302368,0.0283468
W20_L15_bot1,20,15,train,-0.3,-0.4,-0.3,-0.408928,-0.583672,-6.18514,-5.44605,0.00012918,1.7981e-05,3.328e-12,2.92468e-12,0.415578,5518.97,2.01034,5.51897,TLM,1.0438e-12,1.3914e-12,0.982134,0.987564,4,5.58465e-07,1.25235e-05,0.0588111,0.0332038,0.110153
W20_L20_bot1,20,20,train,-0.2,-0.2,-0.2,-0.281714,-0.402625,-7.28584,-5.82584,0.000543234,4.62213e-05,3.14016e-12,2.81952e-12,0.415578,5518.97,2.03504,5.51897,TLM,2.9618e-12,6.542e-13,0.987292,0.99189,4,5.5212e-07,1.2224e-05,0.0476355,0.0260872,0.090336
W40_L5_top1,40,5,train,-0.4,-0.4,-0.4,-0.460666,-0.386213,-5.9996,-6.75446,0.000102243,0.000100294,3.24616e-12,2.5852e-12,-1.29167,0,2.02153,0,TLM,3.635e-12,8.174e-13,0.983568,0.991139,4,5.14838e-07,1.27203e-05,0.038752,0.031014,0.043986
W40_L10_bot1,40,10,train,-0.4,-0.4,-0.4,-0.681057,-0.839051,-5.68946,-6.56277,3.54715e-05,1.15103e-05,3.08772e-12,3.01108e-12,-1.29167,0,1.92106,0,TLM,2.0558e-12,1.8268e-12,0.978325,0.984661,4,5.17125e-07,1.1177e-05,0.114559,0.0385091,0.0582908
W40_L15_bot1,40,15,train,-0.3,-0.6,-0.3,-0.425135,-0.574911,-5.77173,-5.39636,0.000103102,2.0337e-05,3.51772e-12,3.1968e-12,-1.29167,0,1.99494,0,TLM,1.8426e-12,2.6158e-12,0.985257,0.987628,4,5.54363e-07,1.25385e-05,0.0858293,0.0323898,0.124675
W40_L20_bot1,40,20,train,-0.2,-0.2,-0.3,-0.282484,-0.438234,-7.03227,-5.62498,0.000486263,3.84975e-05,3.25092e-12,3.14216e-12,-1.29167,0,2.01957,0,TLM,2.715e-12,1.9756e-12,0.991244,0.990717,4,5.5297e-07,1.225e-05,0.0579528,0.0259879,0.118925
W80_L5_bot1,80,5,train,-0.6,-0.6,-0.8,-0.501525,-0.419833,-6.22363,-7.66143,8.48539e-05,0.000117828,3.1482e-12,4.08516e-12,-0.578975,0,2.13292,0,TLM,2.572e-12,1.8696e-12,0.987138,0.961835,5,5.51956e-07,1.43737e-05,0.0469072,0.0992005,0.0500082
W80_L10_top2,80,10,train,-0.4,-0.4,-0.5,-0.49974,-0.438909,-5.49867,-5.86819,5.95695e-05,3.93497e-05,3.03796e-12,3.32044e-12,-0.578975,0,1.8916,0,TLM,1.6644e-12,6.496e-13,0.951924,0.970931,4,5.27813e-07,1.22228e-05,0.0703877,0.0474518,0.0621331
W80_L15_bot1,80,15,train,-0.3,-0.4,-0.3,-0.326316,-0.429782,-6.41425,-5.64412,0.000245667,4.13784e-05,6.20008e-12,2.83452e-12,-0.578975,0,2.0509,0,TLM,2.1004e-12,1.3998e-12,0.994682,0.993426,4,5.7195e-07,1.34149e-05,0.0712261,0.0246105,0.0884402
W80_L20_bot1,80,20,train,-0.5,-0.5,-0.5,-0.546323,-0.748793,-5.54494,-5.50428,5.1399e-05,1.11601e-05,2.84384e-12,2.96444e-12,-0.578975,0,2.1037,0,TLM,1.0638e-12,1.7776e-12,0.969802,0.974549,5,5.6195e-07,1.2843e-05,0.0710183,0.0493913,0.107489
W160_L5_bot1,160,5,train,-0.6,-0.6,-0.7,-0.51277,-0.505392,-5.94983,-6.70067,7.09896e-05,4.69118e-05,3.21188e-12,3.5408e-12,-0.823855,0,2.12859,0,TLM,2.5814e-12,2.5402e-12,0.993952,0.987852,5,5.20938e-07,1.36419e-05,0.0456584,0.0605282,0.0537144
W160_L10_bot1,160,10,train,-0.4,-0.5,-0.4,-0.475419,-0.543474,-5.85162,-6.11731,7.80416e-05,2.81199e-05,3.44904e-12,3.18636e-12,-0.823855,0,1.99736,0,TLM,2.8372e-12,2.9446e-12,0.993027,0.995181,4,5.2245e-07,1.215e-05,0.0736553,0.0252876,0.0960546
W160_L15_bot2,160,15,train,-0.3,-0.3,-0.3,-0.423086,-0.540057,-5.45538,-5.39149,8.62528e-05,2.22417e-05,3.54316e-12,3.12564e-12,-0.823855,0,2.03308,0,TLM,4.3764e-12,2.3354e-12,0.991231,0.990528,4,5.52806e-07,1.24987e-05,0.107504,0.0311782,0.147507
W160_L20_bot2,160,20,train,-0.1,-0.1,-0.1,-0.572423,-0.527407,-4.05863,-5.94226,1.59821e-05,2.19533e-05,2.83768e-12,2.62148e-12,-0.823855,0,2.72218,0,TLM,1.652e-12,8.48e-14,0.953912,0.977457,4,3.10787e-07,8.6835e-06,0.069889,0.0166702,0.0409851
