variant,W,L,cv_mae_dec
thesis,20,5,0.1713
thesis,20,10,0.2561
thesis,20,15,0.1780
thesis,20,20,0.1406
thesis,40,5,0.0510
thesis,40,10,0.2490
thesis,40,15,0.1730
thesis,40,20,0.0909
thesis,80,5,0.1119
thesis,80,10,0.1822
thesis,80,15,0.2774
thesis,80,20,0.3927
thesis,160,5,
thesis,160,10,0.0888
thesis,160,15,0.5746
thesis,160,20,
thesis_x,20,5,0.1860
thesis_x,20,10,0.3309
thesis_x,20,15,0.1781
thesis_x,20,20,0.1220
thesis_x,40,5,0.0512
thesis_x,40,10,0.2496
thesis_x,40,15,0.1732
thesis_x,40,20,0.0836
thesis_x,80,5,0.1019
thesis_x,80,10,0.2077
thesis_x,80,15,0.2380
thesis_x,80,20,0.1137
thesis_x,160,5,
thesis_x,160,10,0.1959
thesis_x,160,15,
sequential,20,5,0.1976
sequential,20,10,0.2659
sequential,20,15,
sequential,20,20,0.3015
sequential,40,5,0.0681
sequential,40,10,0.2373
sequential,40,15,
sequential,40,20,0.0807
sequential,80,5,0.0951
sequential,80,10,0.1265
sequential,80,15,0.5140
sequential,80,20,0.3815
sequential,160,5,
sequential,160,10,0.1128
sequential,160,15,0.3862
sequential,160,20,
sequential_x,20,5,0.2584
sequential_x,20,10,0.3697
sequential_x,20,15,
sequential_x,20,20,0.1219
sequential_x,40,5,0.0689
sequential_x,40,10,0.1679
sequential_x,40,15,
sequential_x,40,20,0.1207
sequential_x,80,5,0.0851
sequential_x,80,10,0.1660
sequential_x,80,15,
sequential_x,80,20,0.1383
sequential_x,160,5,
sequential_x,160,10,0.1636
sequential_x,160,15,
thesis_g,20,5,0.1786
thesis_g,20,10,0.2179
thesis_g,20,15,0.1057
thesis_g,20,20,0.1513
thesis_g,40,5,0.0624
thesis_g,40,10,0.1779
thesis_g,40,15,0.0656
thesis_g,40,20,0.0927
thesis_g,80,5,0.0949
thesis_g,80,10,0.0799
thesis_g,80,15,0.1843
thesis_g,80,20,0.3086
thesis_g,160,5,0.3662
thesis_g,160,10,0.2113
thesis_g,160,15,0.3450
thesis_g,160,20,0.1812
thesis_x_g,20,5,0.1965
thesis_x_g,20,10,0.3500
thesis_x_g,20,15,0.1254
thesis_x_g,20,20,0.1889
thesis_x_g,40,5,0.0895
thesis_x_g,40,10,0.1535
thesis_x_g,40,15,0.0506
thesis_x_g,40,20,0.0685
thesis_x_g,80,5,0.0841
thesis_x_g,80,10,0.1129
thesis_x_g,80,15,0.1804
thesis_x_g,80,20,0.1219
thesis_x_g,160,5,1.9150
thesis_x_g,160,10,0.3606
thesis_x_g,160,15,0.1738
sequential_g,20,5,0.2050
sequential_g,20,10,0.3620
sequential_g,20,15,0.1217
sequential_g,20,20,0.1306
sequential_g,40,5,0.0761
sequential_g,40,10,0.2186
sequential_g,40,15,0.1127
sequential_g,40,20,0.1228
sequential_g,80,5,0.1292
sequential_g,80,10,0.0805
sequential_g,80,15,0.1830
sequential_g,80,20,0.3138
sequential_g,160,5,0.2949
sequential_g,160,10,0.1976
sequential_g,160,15,0.1975
sequential_g,160,20,1.6668
sequential_x_g,20,5,0.2776
sequential_x_g,20,10,0.6796
sequential_x_g,20,15,0.2550
sequential_x_g,20,20,0.1026
sequential_x_g,40,5,0.1032
sequential_x_g,40,10,0.2420
sequential_x_g,40,15,0.1583
sequential_x_g,40,20,0.1176
sequential_x_g,80,5,0.1666
sequential_x_g,80,10,0.0874
sequential_x_g,80,15,0.4376
sequential_x_g,80,20,0.1403
sequential_x_g,160,5,2.6068
sequential_x_g,160,10,0.3196
sequential_x_g,160,15,0.4507
