,,n,mae_dec,rmse_dec,bias_dec,med_rel,p90_rel
W,20,1617,0.1451,0.2043,0.03136,0.2471,0.6664
W,40,1560,0.1385,0.1913,0.1018,0.2906,0.7582
W,80,1625,0.2016,0.3852,-0.07644,0.2808,0.9408
W,160,1569,0.1592,0.2801,-0.1205,,
L,5,1633,0.09062,0.1391,-0.03631,0.1528,0.3693
L,10,1567,0.1828,0.2529,0.08668,0.442,0.8069
L,15,1615,0.2206,0.3565,-0.08029,0.3618,0.6523
L,20,1556,0.1506,0.3209,-0.007193,,
VGS_bin,"(-5.0, 0.0]",773,0.4912,0.6659,-0.4137,0.5981,0.9416
VGS_bin,"(0.0, 1.0]",1118,0.1359,0.2023,0.004391,,
VGS_bin,"(1.0, 2.0]",1120,0.1005,0.1286,0.03782,,
VGS_bin,"(2.0, 3.0]",1120,0.1087,0.1366,0.06577,,
VGS_bin,"(3.0, 4.0]",1120,0.1114,0.138,0.07193,,
VGS_bin,"(4.0, 5.01]",1120,0.1082,0.1334,0.06581,,
VDS_bin,"(0.0, 0.11]",933,0.1617,0.2709,0.02348,,
VDS_bin,"(0.11, 0.5]",376,0.1807,0.2898,0.009611,,
VDS_bin,"(0.5, 1.0]",470,0.1774,0.2881,0.002268,,
VDS_bin,"(1.0, 2.0]",940,0.1672,0.2841,-0.01652,,
VDS_bin,"(2.0, 3.0]",940,0.1603,0.2823,-0.03117,,
VDS_bin,"(3.0, 4.0]",940,0.1594,0.2833,-0.03584,,
VDS_bin,"(4.0, 5.01]",1772,0.1518,0.2632,-0.007485,,
I_bin,"(-10, -9]",179,0.268,0.4424,-0.03999,,
I_bin,"(-9, -8]",218,0.8004,0.9095,-0.747,,
I_bin,"(-8, -7]",458,0.3985,0.5656,-0.3277,,
I_bin,"(-7, -6]",898,0.1239,0.1699,0.07426,,
I_bin,"(-6, -5]",2051,0.1254,0.151,0.06353,,
I_bin,"(-5, -3]",2567,0.09382,0.1211,0.02899,,
