W,L,vt_lin,vt_sat,log_lin5_norm,log_sat5_norm,golden
5,5,2.6,2.7,-6.646160676195457,-5.565542877312302,False
10,5,3.4,3.6,-7.019951154935043,-6.19657702834169,False
10,10,1.9,2.1,-7.208736137424674,-5.368333052859428,False
20,5,1.6,1.9,-6.522914937995213,-5.3487219860018556,False
20,10,1.1,1.3,-6.422922011039155,-5.196406335228655,True
20,15,0.8,0.8,-6.302104030013427,-5.013810700263176,True
20,20,0.4,0.5,-6.254519223542101,-4.934569681379631,True
40,5,0.6,1.1,-6.629926608579598,-5.241693818274693,True
40,10,0.2,0.4,-6.273904729358016,-4.935298724262303,True
40,15,0.4,0.8,-6.372460050801039,-5.128602218512516,True
40,20,1.4,1.9,-7.2560984495148215,-5.329953708396197,False
80,5,0.6,1.0,-6.629429088504891,-5.079550553335085,True
80,10,0.6,0.9,-6.372416538551562,-5.125924254776965,True
80,15,0.2,0.6,-6.278648025940359,-4.921484277049049,True
80,20,0.1,0.4,-6.2829331030461235,-4.8663014538842235,True
160,5,0.3,0.7,-6.362072694146287,-5.060106516869726,True
160,10,0.6,1.0,-6.425375601693985,-5.122628654130226,True
160,15,-0.1,0.1,-6.257427055494264,-4.903133418611751,False
160,20,0.2,0.4,-6.5075364570210406,-5.0613051913775156,True
