W,L,heldout_mae_dec,insample_mae_dec
20,10,0.5303628057722003,0.5028438987384993
20,15,0.18232124405244923,0.18103076408294302
20,20,0.2913297256161296,0.27290109593081746
40,5,0.2805414823082895,0.2547995626400939
40,10,0.2884373988816118,0.2767712286076899
40,15,0.22593994170741125,0.22161842109777577
80,5,0.21103903318038178,0.21466407657960268
80,10,0.20807115175591986,0.20475898164953885
80,15,0.27498070338615294,0.2645112334727047
80,20,0.4341837733109887,0.40858697576416564
160,5,0.2535508908224042,0.23424562817736397
160,10,0.22293176806955176,0.21936706354582136
160,20,0.3655506267525682,0.3495834630655574
