dataset,W,L,golden,camcas_mae_dec,ann_mae_dec,thesis_mae_dec,same_device
data_cleaned_2,5,5,False,1.263902026989203,1.9502990041562978,1.6287091500550934,False
data_cleaned_2,10,5,False,1.9018134623646528,2.514071448074841,1.0860006309158254,False
data_cleaned_2,10,10,False,1.0078963741816336,1.5007041978522335,1.7752341506478702,False
data_cleaned_2,20,5,False,0.8194288219236738,1.3989573739168333,2.2468096771980077,False
data_cleaned_2,20,10,True,0.5028438987384993,0.964600900036989,2.311582738196507,False
data_cleaned_2,20,15,True,0.18103076408294302,0.4949373522535309,2.291529366530046,False
data_cleaned_2,20,20,True,0.27290109593081746,0.41217553148361413,2.027685045390798,False
data_cleaned_2,40,5,True,0.2547995626400939,0.8854765804713851,2.8154413624206005,False
data_cleaned_2,40,10,True,0.2767712286076899,0.27689208408829535,2.7432469334718785,False
data_cleaned_2,40,15,True,0.22161842109777577,0.22472797898057806,2.1420767714649718,True
data_cleaned_2,40,20,False,0.8766780685929773,1.217007539552459,0.9474910226963844,False
data_cleaned_2,80,5,True,0.21466407657960268,0.7986743276758084,2.6795764942626175,False
data_cleaned_2,80,10,True,0.20475898164953885,0.19786988993268217,2.203467405398648,True
data_cleaned_2,80,15,True,0.2645112334727047,0.20033079884756344,1.8596980152546956,True
data_cleaned_2,80,20,True,0.40858697576416564,0.1662107714876242,1.3249881513179844,True
data_cleaned_2,160,5,True,0.23424562817736397,0.7649735401081816,2.183509715021588,False
data_cleaned_2,160,10,True,0.21936706354582136,0.7298945352052473,1.4600950002935955,False
data_cleaned_2,160,15,False,0.6365251095055149,0.1643624004751162,1.2089747172931558,True
data_cleaned_2,160,20,True,0.3495834630655574,0.358524849261958,0.4800719781196731,False
cleaned_output_meas,5,5,False,0.7520586561514369,0.1839072703095079,3.143445385271977,False
cleaned_output_meas,10,5,False,0.7150574930830779,0.17063686972859624,3.2115780311470643,False
cleaned_output_meas,10,10,False,0.5406447337898803,0.18632992313822194,2.8753208488622293,False
cleaned_output_meas,20,5,False,0.6579772458813663,0.18595007585510087,3.221640774455454,False
cleaned_output_meas,20,10,True,0.6527701920456045,0.21298821504837143,3.0157325983446603,False
cleaned_output_meas,20,15,True,0.5012527284349672,0.15588801702369484,2.5220293886980922,False
cleaned_output_meas,20,20,True,0.48978972231500734,0.17054940393893914,2.1240486029461945,False
cleaned_output_meas,40,5,True,0.7375119889672349,0.16397472380706107,3.305285260359084,False
cleaned_output_meas,40,10,True,0.4180177539602382,0.16323657479753914,2.7101478557635,False
cleaned_output_meas,40,15,True,0.22863599982319507,0.20002801711648294,2.0274019234291223,True
cleaned_output_meas,40,20,False,0.5125769918088013,0.17455123019333282,1.9218812921058452,False
cleaned_output_meas,80,5,True,0.7988167221274591,0.17324055218389783,3.1491028162222134,False
cleaned_output_meas,80,10,True,0.19854914936383433,0.17879602512860573,2.097503930685189,True
cleaned_output_meas,80,15,True,0.2653036186365356,0.17090034637222884,1.74775680737418,True
cleaned_output_meas,80,20,True,0.3990602699468232,0.1616957931516083,1.2405494429657833,True
cleaned_output_meas,160,5,True,0.8324208700410101,0.16465738189759907,2.6498143738487894,False
cleaned_output_meas,160,10,True,0.6635251162288719,0.151105881888743,1.9394586734734733,False
cleaned_output_meas,160,15,False,0.649010236876869,0.1601372502552404,1.1816972914331154,True
cleaned_output_meas,160,20,True,0.5063180715308009,0.14339270452487013,0.36687580166838807,False
