VG,VD,ID,IG,IS,gm,absIg,absId,W,L,Ca,mobLin,SS,d2
-5.0,0.1,4.9714e-12,-3.745e-11,4.233e-11,-6.678800000000022e-11,3.745e-11,4.9714e-12,20,5,1.33e-07,-0.0012554135338345,-4.64143430894202,5.223000000000042e-10
-4.9,0.1,-1.7074e-12,2.0700000000000007e-12,-1.02e-12,-1.4557999999999982e-11,2.0700000000000007e-12,1.7074e-12,20,5,1.33e-07,-0.0002736466165413,-1.9132682708523048,4.746000000000006e-10
-4.8,0.1,2.0598e-12,-1.2370000000000002e-11,-5.18e-12,2.8131999999999973e-11,1.2370000000000002e-11,2.0598e-12,20,5,1.33e-07,0.0005287969924812,1.8041999319622437,-9.900000000000059e-11
-4.7,0.1,3.919e-12,-4.539e-11,-1.6250000000000002e-11,-3.435800000000012e-11,4.539e-11,3.919e-12,20,5,1.33e-07,-0.0006458270676691,1.842412570030356,-1.6643000000000043e-10
-4.6000000000000005,0.1,-4.8118e-12,7.53e-12,4.2270000000000006e-11,-5.153999999999995e-12,7.53e-12,4.8118e-12,20,5,1.33e-07,-9.68796992481202e-05,-0.662739999133572,2.677000000000003e-10
-4.5,0.1,2.8882e-12,-1.98e-12,-4.440000000000001e-12,1.9181999999999983e-11,1.98e-12,2.8882e-12,20,5,1.33e-07,0.0003605639097744,-3.465624082799576,-1.3444999999999975e-10
-4.4,0.1,-9.754e-13,3.02e-12,3.0100000000000007e-12,-3.204399999999997e-11,3.02e-12,9.754e-13,20,5,1.33e-07,-0.0006023308270676,0.4299471049340293,4.437999999999992e-11
-4.3,0.1,-3.5206e-12,4.064e-11,1.17e-11,2.805799999999997e-11,4.064e-11,3.5206e-12,20,5,1.33e-07,0.0005274060150375,3.3848970568656225,1.5348499999999968e-10
-4.2,0.1,4.6362e-12,-2.1590000000000003e-11,-4.22e-11,-1.346999999999999e-12,2.1590000000000003e-11,4.6362e-12,20,5,1.33e-07,-2.5319548872180425e-05,0.1601126266493933,-2.615799999999995e-10
-4.1,0.1,-3.79e-12,1.12e-12,1.2580000000000002e-11,-2.4257999999999975e-11,1.12e-12,3.79e-12,20,5,1.33e-07,-0.000455977443609,-6.664582318333541,1.7426500000000007e-10
-4.0,0.1,-2.154e-13,1.23e-12,-2.1000000000000003e-12,3.3506000000000046e-11,1.23e-12,2.154e-13,20,5,1.33e-07,0.0006298120300751,-0.5728358369494664,2.3205500000000034e-10
-3.9,0.1,2.9112e-12,-2.9000000000000003e-11,-8.13e-12,2.215300000000003e-11,2.9000000000000003e-11,2.9112e-12,20,5,1.33e-07,0.000416409774436,6.457862433013855,-3.6296500000000093e-10
-3.8,0.1,4.2152e-12,-4.993e-11,-2.56e-11,-3.9087000000000056e-11,4.993e-11,4.2152e-12,20,5,1.33e-07,-0.0007347180451127,1.133366027787847,-1.842700000000003e-10
-3.7,0.1,-4.9062e-12,1.37e-12,3.608e-11,-1.4700999999999988e-11,1.37e-12,4.9062e-12,20,5,1.33e-07,-0.0002763345864661,-2.596540003973782,2.5833e-10
-3.6,0.1,1.275e-12,-1.86e-12,1e-12,1.257899999999999e-11,1.86e-12,1.275e-12,20,5,1.33e-07,0.000236447368421,-1.561373340002222,-5.923999999999989e-11
-3.5,0.1,-2.3904e-12,1.677e-11,5.5e-12,-2.6548999999999977e-11,1.677e-11,2.3904e-12,20,5,1.33e-07,-0.0004990413533834,2.50155913693116,1.1813000000000016e-10
-3.4,0.1,-4.0348e-12,4.77e-11,1.929e-11,3.6205000000000045e-11,4.77e-11,4.0348e-12,20,5,1.33e-07,0.0006805451127819,1.5366244114815262,1.7268500000000016e-10
-3.3000000000000003,0.1,4.8506e-12,-2.64e-12,-4.152e-11,7.98800000000001e-12,2.64e-12,4.8506e-12,20,5,1.33e-07,0.0001501503759398,-1.094654213518888,-2.693400000000005e-10
-3.2,0.1,-2.4372e-12,1.9200000000000003e-12,2.34e-12,-1.7662999999999984e-11,1.9200000000000003e-12,2.4372e-12,20,5,1.33e-07,-0.0003320112781954,-2.8294002608680886,1.1020499999999969e-10
-3.1,0.1,1.318e-12,-6.030000000000001e-12,-3.61e-12,3.002899999999997e-11,6.030000000000001e-12,1.318e-12,20,5,1.33e-07,0.000564454887218,0.8280335084753779,-6.168999999999988e-11
-3.0,0.1,3.5686e-12,-4.189e-11,-1.212e-11,-3.000099999999997e-11,4.189e-11,3.5686e-12,20,5,1.33e-07,-0.0005639285714285,2.7526727518578715,-2.885149999999997e-10
-2.9,0.1,-4.6822e-12,1.9750000000000003e-11,4.22e-11,-2.7674000000000034e-11,1.9750000000000003e-11,4.6822e-12,20,5,1.33e-07,-0.0005201879699248,-1.2943508969074298,3.0923000000000044e-10
-2.8000000000000003,0.1,-1.9662e-12,1.98e-12,-1.1000000000000001e-13,3.184500000000004e-11,1.98e-12,1.9662e-12,20,5,1.33e-07,0.0005985902255639,-2.2169318414336945,2.844000000000004e-10
-2.7,0.1,1.6868e-12,-8.93e-12,-4.47e-12,2.920599999999997e-11,8.93e-12,1.6868e-12,20,5,1.33e-07,0.000548984962406,1.473220075381548,-3.2214999999999976e-10
-2.6,0.1,3.875e-12,-4.468e-11,-1.5430000000000002e-11,-3.258499999999998e-11,4.468e-11,3.875e-12,20,5,1.33e-07,-0.0006124999999999,2.2845076062236624,-1.6433499999999964e-10
-2.5,0.1,-4.8302e-12,1.009e-11,4.242e-11,-3.660999999999995e-12,1.009e-11,4.8302e-12,20,5,1.33e-07,-6.88157894736841e-05,-0.4547748118473645,2.645599999999998e-10
-2.4,0.1,3.1428e-12,-2e-12,-6.390000000000001e-12,2.032700000000003e-11,2e-12,3.1428e-12,20,5,1.33e-07,0.0003820864661654,-4.002086171597585,-1.4721500000000048e-10
-2.3000000000000003,0.1,-7.648e-13,1.3800000000000002e-12,2.0500000000000004e-12,-3.310400000000005e-11,1.3800000000000002e-12,7.648e-13,20,5,1.33e-07,-0.0006222556390977,0.2200641659691896,3.3429999999999794e-11
-2.2,0.1,-3.478e-12,3.959e-11,1.066e-11,2.701299999999998e-11,3.959e-11,3.478e-12,20,5,1.33e-07,0.0005077631578947,3.9138206848406,3.1145499999999983e-10
-2.1,0.1,4.6378e-12,-2.458e-11,-4.1250000000000006e-11,2.9186999999999966e-11,2.458e-11,4.6378e-12,20,5,1.33e-07,0.0005486278195488,-0.842640012929791,-2.8588999999999967e-10
-2.0,0.1,2.3594e-12,-1.59e-12,-2.2700000000000002e-12,-3.016500000000001e-11,1.59e-12,2.3594e-12,20,5,1.33e-07,-0.0005670112781954,-2.6083777432383664,-2.9741e-10
-1.9,0.1,-1.3952e-12,5.07e-12,3.1400000000000004e-12,-3.0295000000000004e-11,5.07e-12,1.3952e-12,20,5,1.33e-07,-0.000569454887218,0.9767659784669827,3.03865e-10
-1.8,0.1,-3.6996e-12,4.4300000000000005e-11,1.352e-11,3.0607999999999975e-11,4.4300000000000005e-11,3.6996e-12,20,5,1.33e-07,0.0005753383458646,2.649470030216825,1.5636999999999987e-10
-1.7,0.1,4.7264e-12,-1.477e-11,-4.2960000000000006e-11,9.790000000000004e-13,1.477e-11,4.7264e-12,20,5,1.33e-07,1.8402255639097748e-05,-0.1180773124168777,-2.6568999999999994e-10
-1.6,0.1,-3.5038e-12,1.8900000000000002e-12,9.400000000000001e-12,-2.253e-11,1.8900000000000002e-12,3.5038e-12,20,5,1.33e-07,-0.0004234962406015,-6.656594417260548,1.6022500000000009e-10
-1.5,0.1,2.204e-13,-1.23e-12,-2.6800000000000007e-12,3.302400000000001e-11,1.23e-12,2.204e-13,20,5,1.33e-07,0.0006207518796992,-0.2651877102671563,2.1237000000000006e-10
-1.4,0.1,3.101e-12,-3.224e-11,-8.790000000000003e-12,1.9944000000000006e-11,3.224e-11,3.101e-12,20,5,1.33e-07,0.0003748872180451,6.404939857733034,-3.6455e-10
-1.3,0.1,4.2092e-12,-5.003e-11,-2.666e-11,-3.988599999999997e-11,5.003e-11,4.2092e-12,20,5,1.33e-07,-0.0007497368421052,0.9828987194957408,-1.7016499999999987e-10
-1.2,0.1,-4.8762e-12,1e-12,3.638e-11,-1.4089000000000004e-11,1e-12,4.8762e-12,20,5,1.33e-07,-0.0002648308270676,-2.4037378135236147,2.614799999999999e-10
-1.1,0.1,1.3914e-12,-1.4900000000000001e-12,6.3e-13,1.241e-11,1.4900000000000001e-12,1.3914e-12,20,5,1.33e-07,0.0002332706766917,-1.5446054183496476,-6.502999999999993e-11
-1.0,0.1,-2.3942e-12,1.759e-11,5.75e-12,-2.7094999999999988e-11,1.759e-11,2.3942e-12,20,5,1.33e-07,-0.0005093045112781,2.3079716658155816,1.18355e-10
-0.9,0.1,-4.0276e-12,4.772e-11,1.876e-11,3.608100000000001e-11,4.772e-11,4.0276e-12,20,5,1.33e-07,0.0006782142857142,1.5203338978744534,1.7307499999999994e-10
-0.8,0.1,4.822e-12,-3.5500000000000004e-12,-4.158e-11,7.52e-12,3.5500000000000004e-12,4.822e-12,20,5,1.33e-07,0.0001413533834586,-1.0151290672540103,-2.715000000000001e-10
-0.7,0.1,-2.5236e-12,1.4700000000000002e-12,3.1400000000000004e-12,-1.8218999999999994e-11,1.4700000000000002e-12,2.5236e-12,20,5,1.33e-07,-0.000342462406015,-3.060040938207304,1.1558499999999992e-10
-0.6,0.1,1.1782e-12,-4.74e-12,-3.680000000000001e-12,3.063699999999999e-11,4.74e-12,1.1782e-12,20,5,1.33e-07,0.0005758834586466,0.7737008110583241,-5.055500000000003e-11
-0.5,0.1,3.6038e-12,-4.133e-11,-1.218e-11,-2.8330000000000004e-11,4.133e-11,3.6038e-12,20,5,1.33e-07,-0.0005325187969924,2.904072379151757,-2.28715e-10
-0.4,0.1,-4.4878e-12,1.926e-11,4.171e-11,-1.5105999999999998e-11,1.926e-11,4.4878e-12,20,5,1.33e-07,-0.000283947368421,-3.956951003269804,1.0098599999999999e-09
-0.3,0.1,5.826e-13,1.73e-12,-2.9e-12,1.73642e-10,1.73e-12,5.826e-13,20,5,1.33e-07,0.003263947368421,4.142784547336822,9.207215e-09
-0.2,0.1,3.02406e-11,3.245e-11,-2.44e-11,1.8263369999999998e-09,3.245e-11,3.02406e-11,20,5,1.33e-07,0.0343296428571428,13.989662895388808,5.7010775e-08
-0.1,0.1,3.6585e-10,1.25e-11,-3.435e-10,1.1575797e-08,1.25e-11,3.6585e-10,20,5,1.33e-07,0.2175901691729322,9.448132585590992,2.08982065e-07
0.0,0.1,2.3454e-09,-3.778e-11,-2.2775e-09,4.362275e-08,3.778e-11,2.3454e-09,20,5,1.33e-07,0.8199765037593983,6.976399671501889,3.939960149999999e-07
0.1,0.1,9.0904e-09,1.8400000000000002e-12,-9.0586e-09,9.037499999999999e-08,1.8400000000000002e-12,9.0904e-09,20,5,1.33e-07,1.698778195488721,4.699236620446641,4.0498124999999995e-07
0.2,0.1,2.04204e-08,1.4e-12,-2.0438e-08,1.24619e-07,1.4e-12,2.04204e-08,20,5,1.33e-07,2.342462406015037,2.8653863365962406,2.7000999999999997e-07
0.3,0.1,3.4014199999999994e-08,-2.3200000000000002e-12,-3.40444e-08,1.4437699999999997e-07,2.3200000000000002e-12,3.4014199999999994e-08,20,5,1.33e-07,2.7138533834586456,1.9137283703868668,1.9363500000000013e-07
0.4,0.1,4.92958e-08,-4.75e-11,-4.93094e-08,1.63346e-07,4.75e-11,4.92958e-08,20,5,1.33e-07,3.0704135338345866,1.4617873709601703,2.069500000000003e-07
0.5,0.1,6.66834e-08,-1.3600000000000002e-11,-6.6641e-08,1.8576700000000005e-07,1.3600000000000002e-11,6.66834e-08,20,5,1.33e-07,3.491860902255639,1.2197552984465745,2.2751999999999962e-07
0.6,0.1,8.644919999999998e-08,1.74e-12,-8.633719999999999e-08,2.0884999999999994e-07,1.74e-12,8.644919999999998e-08,20,5,1.33e-07,3.925751879699245,1.0561271822907332,2.284349999999998e-07
0.7,0.1,1.084534e-07,2.096e-11,-1.083662e-07,2.31454e-07,2.096e-11,1.084534e-07,20,5,1.33e-07,4.35063909774436,0.9312041731705896,2.2141500000000074e-07
0.8,0.1,1.3274e-07,4.317e-11,-1.3266e-07,2.5313300000000013e-07,4.317e-11,1.3274e-07,20,5,1.33e-07,4.758139097744361,0.8318620533736222,2.0073000000000042e-07
0.9,0.1,1.5908e-07,1.6e-12,-1.5904e-07,2.7160000000000013e-07,1.6e-12,1.5908e-07,20,5,1.33e-07,5.105263157894737,0.7448955835169047,1.76834999999999e-07
1.0,0.1,1.8706e-07,-4.891e-11,-1.8704e-07,2.8849999999999986e-07,4.891e-11,1.8706e-07,20,5,1.33e-07,5.422932330827064,0.6720181481886153,1.5900000000000025e-07
1.1,0.1,2.1678e-07,-1.07e-12,-2.1676e-07,3.0340000000000014e-07,1.07e-12,2.1678e-07,20,5,1.33e-07,5.703007518796993,0.6100760162447028,1.3300000000000157e-07
1.2,0.1,2.4774e-07,1.652e-11,-2.4764e-07,3.1510000000000017e-07,1.652e-11,2.4774e-07,20,5,1.33e-07,5.922932330827069,0.5541424910207172,1.0999999999999797e-07
1.3,0.1,2.798e-07,-1.073e-11,-2.7976e-07,3.253999999999997e-07,1.073e-11,2.798e-07,20,5,1.33e-07,6.116541353383452,0.5064918921557644,1.0349999999999868e-07
1.4,0.1,3.1282e-07,-1.86e-12,-3.129e-07,3.357999999999999e-07,1.86e-12,3.1282e-07,20,5,1.33e-07,6.312030075187967,0.4671584949244823,9.850000000000082e-08
1.5,0.1,3.4696e-07,4.007e-11,-3.4684e-07,3.4509999999999993e-07,4.007e-11,3.4696e-07,20,5,1.33e-07,6.486842105263154,0.4329345483434466,8.750000000000129e-08
1.6,0.1,3.8184e-07,1.7600000000000002e-12,-3.818e-07,3.533000000000002e-07,1.7600000000000002e-12,3.8184e-07,20,5,1.33e-07,6.6409774436090245,0.4025093994979746,8.150000000000137e-08
1.7,0.1,4.1762e-07,-4.954e-11,-4.1754e-07,3.614000000000002e-07,4.954e-11,4.1762e-07,20,5,1.33e-07,6.793233082706768,0.3764460391196068,8.099999999999736e-08
1.8,0.1,4.5412e-07,-1.83e-12,-4.5404e-07,3.694999999999997e-07,1.83e-12,4.5412e-07,20,5,1.33e-07,6.945488721804504,0.3537995248754907,7.850000000000027e-08
1.9,0.1,4.9152e-07,2.6380000000000004e-11,-4.9114e-07,3.7710000000000017e-07,2.6380000000000004e-11,4.9152e-07,20,5,1.33e-07,7.088345864661656,0.3336407095756355,7.200000000000304e-08
2.0,0.1,5.2954e-07,-5.410000000000001e-12,-5.2952e-07,3.8390000000000025e-07,5.410000000000001e-12,5.2954e-07,20,5,1.33e-07,7.216165413533837,0.3151823101466578,7.19999999999959e-08
2.1,0.1,5.683e-07,-6.400000000000001e-13,-5.682e-07,3.914999999999994e-07,6.400000000000001e-13,5.683e-07,20,5,1.33e-07,7.359022556390963,0.2994525255670452,7.299999999999561e-08
2.2,0.1,6.0784e-07,3.3520000000000004e-11,-6.077e-07,3.984999999999994e-07,3.3520000000000004e-11,6.0784e-07,20,5,1.33e-07,7.490601503759386,0.2849867491293164,7.100000000000553e-08
2.3000000000000003,0.1,6.48e-07,3.7000000000000004e-13,-6.4794e-07,4.057000000000005e-07,3.7000000000000004e-13,6.48e-07,20,5,1.33e-07,7.625939849624067,0.2720866949892157,7.400000000000643e-08
2.4,0.1,6.8898e-07,-4.848e-11,-6.8882e-07,4.1330000000000077e-07,4.848e-11,6.8898e-07,20,5,1.33e-07,7.768796992481213,0.2607016333155213,7.39999999999948e-08
2.5,0.1,7.3066e-07,-1.86e-12,-7.3066e-07,4.2049999999999946e-07,1.86e-12,7.3066e-07,20,5,1.33e-07,7.904135338345853,0.2500891138649705,6.549999999999296e-08
2.6,0.1,7.730799999999999e-07,3.617e-11,-7.7276e-07,4.263999999999993e-07,3.617e-11,7.730799999999999e-07,20,5,1.33e-07,8.015037593984946,0.2397144581414776,6.300000000000256e-08
2.7,0.1,8.159399999999999e-07,-8.300000000000001e-13,-8.16e-07,4.331e-07,8.300000000000001e-13,8.159399999999999e-07,20,5,1.33e-07,8.140977443609021,0.2306124437838617,7.100000000000844e-08
2.8000000000000003,0.1,8.597e-07,-3.38e-12,-8.5958e-07,4.40600000000001e-07,3.38e-12,8.597e-07,20,5,1.33e-07,8.281954887218062,0.2226951510591449,7.500000000000256e-08
2.9,0.1,9.0406e-07,2.68e-11,-9.04e-07,4.481000000000005e-07,2.68e-11,9.0406e-07,20,5,1.33e-07,8.422932330827075,0.2153285191123324,6.149999999999332e-08
3.0,0.1,9.4932e-07,6.000000000000002e-13,-9.49e-07,4.528999999999996e-07,6.000000000000002e-13,9.4932e-07,20,5,1.33e-07,8.513157894736834,0.2073433313368509,4.949999999999547e-08
3.1,0.1,9.9464e-07,-4.76e-11,-9.947e-07,4.5799999999999963e-07,4.76e-11,9.9464e-07,20,5,1.33e-07,8.609022556390968,0.2000236124549912,7.69999999999999e-08
3.2,0.1,1.04092e-06,-1.85e-12,-1.041e-06,4.6829999999999966e-07,1.85e-12,1.04092e-06,20,5,1.33e-07,8.80263157894736,0.1954135426550472,7.800000000000632e-08
3.3000000000000003,0.1,1.0883e-06,3.9970000000000005e-11,-1.08778e-06,4.736000000000009e-07,3.9970000000000005e-11,1.0883e-06,20,5,1.33e-07,8.902255639097758,0.1891166398916824,3.85000000000093e-08
3.4,0.1,1.13564e-06,-6.900000000000001e-13,-1.13572e-06,4.7600000000000156e-07,6.900000000000001e-13,1.13564e-06,20,5,1.33e-07,8.947368421052657,0.1820981654644973,4.34999999999938e-08
3.5,0.1,1.1835000000000002e-06,4.924e-11,-1.1837000000000002e-06,4.822999999999996e-07,4.924e-11,1.1835000000000002e-06,20,5,1.33e-07,9.0657894736842,0.1770263827162919,7.499999999998969e-08
3.6,0.1,1.2321e-06,3.202e-11,-1.2327e-06,4.909999999999994e-07,3.202e-11,1.2321e-06,20,5,1.33e-07,9.229323308270663,0.173090610254256,7.600000000000141e-08
3.7,0.1,1.2817000000000002e-06,1.85e-12,-1.2820000000000002e-06,4.974999999999999e-07,1.85e-12,1.2817000000000002e-06,20,5,1.33e-07,9.351503759398494,0.168639144556577,6.000000000000445e-08
3.8,0.1,1.3316e-06,-2.072e-11,-1.3323e-06,5.030000000000004e-07,2.072e-11,1.3316e-06,20,5,1.33e-07,9.454887218045117,0.1640796185218997,5.75000000000044e-08
3.9,0.1,1.3823e-06,-2.5500000000000002e-12,-1.3833000000000002e-06,5.090000000000009e-07,2.5500000000000002e-12,1.3823e-06,20,5,1.33e-07,9.567669172932343,0.1599680682444584,7.250000000000608e-08
4.0,0.1,1.4334e-06,7.030000000000001e-12,-1.4343000000000002e-06,5.175000000000015e-07,7.030000000000001e-12,1.4334e-06,20,5,1.33e-07,9.727443609022583,0.1567902299617209,7.249999999999495e-08
4.1,0.1,1.4858000000000002e-06,1.424e-11,-1.4858000000000002e-06,5.234999999999997e-07,1.424e-11,1.4858000000000002e-06,20,5,1.33e-07,9.840225563909769,0.1530858601326999,3.7499999999986366e-08
4.2,0.1,1.5381000000000001e-06,8.9e-13,-1.5391000000000002e-06,5.249999999999989e-07,8.9e-13,1.5381000000000001e-06,20,5,1.33e-07,9.868421052631554,0.1482761415063337,3.49999999999973e-08
4.3,0.1,1.5908e-06,-3.048e-11,-1.5915e-06,5.304999999999992e-07,3.048e-11,1.5908e-06,20,5,1.33e-07,9.97180451127818,0.1448503585453407,8.25000000000056e-08
4.4,0.1,1.6442e-06,-1.7200000000000001e-12,-1.645e-06,5.414999999999999e-07,1.7200000000000001e-12,1.6442e-06,20,5,1.33e-07,10.178571428571423,0.1430167878671893,7.000000000000466e-08
4.5,0.1,1.6991000000000002e-06,4.388e-11,-1.6989000000000002e-06,5.445000000000003e-07,4.388e-11,1.6991000000000002e-06,20,5,1.33e-07,10.234962406015038,0.1392602293763766,1.9999999999996192e-08
4.6000000000000005,0.1,1.7531000000000002e-06,2.2000000000000003e-12,-1.7538000000000005e-06,5.454999999999993e-07,2.2000000000000003e-12,1.7531000000000002e-06,20,5,1.33e-07,10.25375939849622,0.1351376250999524,4.500000000001075e-08
4.7,0.1,1.8082e-06,-4.983e-11,-1.8087e-06,5.535000000000023e-07,4.983e-11,1.8082e-06,20,5,1.33e-07,10.404135338345904,0.1329630882655146,9.000000000000177e-08
4.8,0.1,1.8638000000000005e-06,-2.1500000000000003e-12,-1.8647e-06,5.634999999999995e-07,2.1500000000000003e-12,1.8638000000000005e-06,20,5,1.33e-07,10.59210526315788,0.131291458182292,7.249999999998738e-08
4.9,0.1,1.9209e-06,4.9980000000000005e-11,-1.9209e-06,5.679999999999998e-07,4.9980000000000005e-11,1.9209e-06,20,5,1.33e-07,10.676691729323302,0.1284761121130716,-7.49999999998785e-09
5.0,0.1,1.9774000000000003e-06,1.5e-12,-1.9780000000000004e-06,5.620000000000019e-07,1.5e-12,1.9774000000000003e-06,20,5,1.33e-07,10.563909774436125,0.1252387956289173,2.0000000000026983e-08
5.0,0.1,1.9771e-06,-6.500000000000002e-13,-1.9778000000000004e-06,5.700000000000025e-07,6.500000000000002e-13,1.9771e-06,20,5,1.33e-07,10.714285714285758,0.1270283252299457,-5.499999999996833e-08
4.9,0.1,1.9204000000000003e-06,4.7470000000000005e-11,-1.9206000000000003e-06,5.674999999999987e-07,4.7470000000000005e-11,1.9204000000000003e-06,20,5,1.33e-07,10.66729323308268,0.128379671652694,2.750000000001475e-08
4.8,0.1,1.8636000000000005e-06,1.6200000000000004e-12,-1.8639000000000005e-06,5.644999999999995e-07,1.6200000000000004e-12,1.8636000000000005e-06,20,5,1.33e-07,10.610902255639086,0.1315669566527953,4.499999999998005e-08
4.7,0.1,1.8075000000000005e-06,-4.054e-11,-1.8081e-06,5.585000000000027e-07,4.054e-11,1.8075000000000005e-06,20,5,1.33e-07,10.498120300751928,0.1342169457470414,6.249999999999963e-08
4.6000000000000005,0.1,1.7519e-06,-1.5700000000000002e-12,-1.7524000000000002e-06,5.519999999999998e-07,1.5700000000000002e-12,1.7519e-06,20,5,1.33e-07,10.375939849624052,0.1368543625324879,6.500000000001754e-08
4.5,0.1,1.6971000000000002e-06,3.183e-11,-1.6975000000000005e-06,5.454999999999993e-07,3.183e-11,1.6971000000000002e-06,20,5,1.33e-07,10.25375939849622,0.1396230922258022,4.499999999999805e-08
4.4,0.1,1.6428000000000002e-06,1.6600000000000002e-12,-1.6427000000000002e-06,5.43e-07,1.6600000000000002e-12,1.6428000000000002e-06,20,5,1.33e-07,10.206766917293232,0.1436010714845269,4.249999999999786e-08
4.3,0.1,1.5885e-06,-1.982e-11,-1.5894000000000002e-06,5.369999999999997e-07,1.982e-11,1.5885e-06,20,5,1.33e-07,10.093984962406006,0.1468157895539289,6.250000000000411e-08
4.2,0.1,1.5354000000000002e-06,-1.9e-12,-1.5362000000000002e-06,5.304999999999992e-07,1.9e-12,1.5354000000000002e-06,20,5,1.33e-07,9.97180451127818,0.150109064261623,6.999999999999937e-08
4.1,0.1,1.4824000000000002e-06,7.6e-12,-1.4830000000000002e-06,5.229999999999997e-07,7.6e-12,1.4824000000000002e-06,20,5,1.33e-07,9.830827067669166,0.1532130239694849,6.999999999998931e-08
4.0,0.1,1.4308e-06,1.262e-11,-1.4307e-06,5.165000000000013e-07,1.262e-11,1.4308e-06,20,5,1.33e-07,9.708646616541376,0.1568482392043437,3.999999999999776e-08
3.9,0.1,1.3791e-06,-1.3e-13,-1.3799e-06,5.150000000000002e-07,1.3e-13,1.3791e-06,20,5,1.33e-07,9.68045112781955,0.1622313358301499,4.000000000000306e-08
3.8,0.1,1.3278000000000002e-06,-2.9230000000000005e-11,-1.3285e-06,5.085000000000007e-07,2.9230000000000005e-11,1.3278000000000002e-06,20,5,1.33e-07,9.558270676691741,0.1663442332400324,8.000000000000082e-08
3.7,0.1,1.2774e-06,-1.6e-12,-1.2783e-06,4.99e-07,1.6e-12,1.2774e-06,20,5,1.33e-07,9.379699248120298,0.169671487528764,8.000000000000593e-08
3.6,0.1,1.228e-06,4.164e-11,-1.2283000000000002e-06,4.924999999999995e-07,4.164e-11,1.228e-06,20,5,1.33e-07,9.257518796992471,0.174249720615238,5.499999999999879e-08
3.5,0.1,1.1789e-06,2.21e-12,-1.1797e-06,4.880000000000002e-07,2.21e-12,1.1789e-06,20,5,1.33e-07,9.17293233082707,0.1798310898232323,4.499999999999805e-08
3.4,0.1,1.1304e-06,-4.993e-11,-1.1309e-06,4.834999999999999e-07,4.993e-11,1.1304e-06,20,5,1.33e-07,9.088345864661651,0.1858471905117789,6.749999999999987e-08
3.3000000000000003,0.1,1.0822000000000002e-06,-6.400000000000001e-13,-1.0832e-06,4.745000000000003e-07,6.400000000000001e-13,1.0822000000000002e-06,20,5,1.33e-07,8.91917293233083,0.1904102280551536,8.599999999999705e-08
3.2,0.1,1.0355e-06,4.873e-11,-1.0358e-06,4.663000000000005e-07,4.873e-11,1.0355e-06,20,5,1.33e-07,8.765037593984971,0.1956879314497504,6.600000000000067e-08
3.1,0.1,9.8894e-07,-8.9e-13,-9.891e-07,4.613000000000002e-07,8.9e-13,9.8894e-07,20,5,1.33e-07,8.671052631578947,0.2026394680800479,6.40000000000037e-08
3.0,0.1,9.4324e-07,-1.1100000000000001e-12,-9.4322e-07,4.534999999999998e-07,1.1100000000000001e-12,9.4324e-07,20,5,1.33e-07,8.524436090225555,0.208887761761338,6.749999999999733e-08
2.9,0.1,8.9824e-07,3.653e-11,-8.9804e-07,4.4780000000000077e-07,3.653e-11,8.9824e-07,20,5,1.33e-07,8.417293233082717,0.2166355135803768,5.499999999999653e-08
2.8000000000000003,0.1,8.5368e-07,1.3000000000000001e-12,-8.535e-07,4.4250000000000053e-07,1.3000000000000001e-12,8.5368e-07,20,5,1.33e-07,8.317669172932337,0.22523398810431,5.6500000000005376e-08
2.7,0.1,8.0974e-07,-4.9440000000000006e-11,-8.0974e-07,4.364999999999996e-07,4.9440000000000006e-11,8.0974e-07,20,5,1.33e-07,8.204887218045103,0.2342547216904298,7.350000000000332e-08
2.6,0.1,7.6638e-07,-1.23e-12,-7.664e-07,4.277999999999998e-07,1.23e-12,7.6638e-07,20,5,1.33e-07,8.041353383458642,0.2424953339502298,7.649999999999933e-08
2.5,0.1,7.2418e-07,3.113e-11,-7.238e-07,4.211999999999997e-07,3.113e-11,7.2418e-07,20,5,1.33e-07,7.917293233082701,0.2528532284604077,6.499999999999768e-08
2.4,0.1,6.8214e-07,-3.76e-12,-6.822e-07,4.148000000000003e-07,3.76e-12,6.8214e-07,20,5,1.33e-07,7.796992481203011,0.2641973338467499,7.249999999999838e-08
2.3000000000000003,0.1,6.4122e-07,-1.1100000000000001e-12,-6.412e-07,4.067000000000001e-07,1.1100000000000001e-12,6.4122e-07,20,5,1.33e-07,7.644736842105264,0.2757179643555355,7.350000000000323e-08
2.2,0.1,6.008e-07,3.187e-11,-6.0072e-07,4.000999999999996e-07,3.187e-11,6.008e-07,20,5,1.33e-07,7.5206766917293155,0.2894469870888191,7.050000000000232e-08
2.1,0.1,5.612e-07,1.91e-12,-5.6114e-07,3.9259999999999964e-07,1.91e-12,5.612e-07,20,5,1.33e-07,7.379699248120291,0.3041326427766663,7.349999999999619e-08
2.0,0.1,5.2228e-07,-4.963e-11,-5.2226e-07,3.854000000000004e-07,4.963e-11,5.2228e-07,20,5,1.33e-07,7.244360902255645,0.3208231887009072,8.049999999999625e-08
1.9,0.1,4.8412e-07,-2.2200000000000002e-12,-4.8422e-07,3.7650000000000033e-07,2.2200000000000002e-12,4.8412e-07,20,5,1.33e-07,7.077067669172937,0.3380765213200432,7.850000000000379e-08
1.8,0.1,4.4698e-07,3.253e-11,-4.4664e-07,3.696999999999996e-07,3.253e-11,4.4698e-07,20,5,1.33e-07,6.949248120300744,0.3598927193376996,6.850000000000084e-08
1.7,0.1,4.1018e-07,-2e-12,-4.1036e-07,3.628000000000002e-07,2e-12,4.1018e-07,20,5,1.33e-07,6.8195488721804525,0.3846452611938523,7.899999999999774e-08
1.6,0.1,3.7442e-07,-1.5700000000000002e-12,-3.7446e-07,3.539000000000001e-07,1.5700000000000002e-12,3.7442e-07,20,5,1.33e-07,6.652255639097745,0.4113132138347231,8.550000000000061e-08
1.5,0.1,3.394e-07,2.719e-11,-3.3926e-07,3.457000000000001e-07,2.719e-11,3.394e-07,20,5,1.33e-07,6.49812030075188,0.4433034295699923,8.900000000000033e-08
1.4,0.1,3.0528e-07,1.13e-12,-3.052e-07,3.361e-07,1.13e-12,3.0528e-07,20,5,1.33e-07,6.317669172932328,0.4792781412064074,9.800000000000157e-08
1.3,0.1,2.7218e-07,-4.7800000000000006e-11,-2.7216e-07,3.260999999999997e-07,4.7800000000000006e-11,2.7218e-07,20,5,1.33e-07,6.129699248120295,0.5218927563068027,1.0699999999999949e-07
1.2,0.1,2.4006e-07,-1.9e-12,-2.4016e-07,3.147000000000001e-07,1.9e-12,2.4006e-07,20,5,1.33e-07,5.9154135338345855,0.5710574919248846,1.2299999999999818e-07
1.1,0.1,2.0924e-07,4.243e-11,-2.0916e-07,3.015000000000001e-07,4.243e-11,2.0924e-07,20,5,1.33e-07,5.667293233082707,0.6281337117578412,1.3700000000000132e-07
1.0,0.1,1.7976e-07,7.3e-13,-1.7976e-07,2.872999999999999e-07,7.3e-13,1.7976e-07,20,5,1.33e-07,5.40037593984962,0.6971508143249181,1.5450000000000046e-07
0.9,0.1,1.5178e-07,-7.360000000000001e-12,-1.5176e-07,2.706e-07,7.360000000000001e-12,1.5178e-07,20,5,1.33e-07,5.086466165413532,0.7778256584230238,1.814999999999989e-07
0.8,0.1,1.2564e-07,1.783e-11,-1.2564e-07,2.510000000000001e-07,1.783e-11,1.2564e-07,20,5,1.33e-07,4.718045112781955,0.8720316999891821,2.0961500000000007e-07
0.7,0.1,1.0158e-07,8.600000000000001e-13,-1.0148e-07,2.28677e-07,8.600000000000001e-13,1.0158e-07,20,5,1.33e-07,4.298439849624059,0.9827807297274878,2.323100000000005e-07
0.6,0.1,7.990459999999999e-08,7.240000000000001e-12,-7.991439999999998e-08,2.0453799999999998e-07,7.240000000000001e-12,7.990459999999999e-08,20,5,1.33e-07,3.8446992481202984,1.1190851697583777,2.437349999999998e-07
0.5,0.1,6.06724e-08,1.0000000000000002e-14,-6.06956e-08,1.7993000000000002e-07,1.0000000000000002e-14,6.06724e-08,20,5,1.33e-07,3.3821428571428567,1.2996164709530336,2.376649999999997e-07
0.4,0.1,4.39186e-08,1.21e-12,-4.3884e-08,1.5700500000000002e-07,1.21e-12,4.39186e-08,20,5,1.33e-07,2.9512218045112775,1.5827384003144473,2.1729000000000025e-07
0.3,0.1,2.92714e-08,4.3140000000000006e-11,-2.92868e-08,1.3647199999999998e-07,4.3140000000000006e-11,2.92714e-08,20,5,1.33e-07,2.565263157894736,2.109538662495698,2.2047500000000013e-07
0.2,0.1,1.6624199999999998e-08,1.659e-11,-1.6652399999999998e-08,1.1291e-07,1.659e-11,1.6624199999999998e-08,20,5,1.33e-07,2.122368421052631,3.205281643173441,3.05355e-07
0.1,0.1,6.6894e-09,-1.85e-12,-6.732e-09,7.5401e-08,1.85e-12,6.6894e-09,20,5,1.33e-07,1.4173120300751876,5.160467295457528,4.0336275e-07
0.0,0.1,1.544e-09,-1.21e-12,-1.5604e-09,3.223745e-08,1.21e-12,1.544e-09,20,5,1.33e-07,0.6059671052631576,7.208666721903834,3.387793199999999e-07
-0.1,0.1,2.4191e-10,5.470000000000001e-12,-2.135e-10,7.645135999999997e-09,5.470000000000001e-12,2.4191e-10,20,5,1.33e-07,0.1437055639097743,10.066721362438154,1.55119555e-07
-0.2,0.1,1.49728e-11,8.300000000000001e-13,7.55e-12,1.213539e-09,8.300000000000001e-13,1.49728e-11,20,5,1.33e-07,0.0228108834586466,12.408798947443692,3.7894935e-08
-0.3,0.1,-7.978e-13,2.46e-12,-9.3e-13,6.614899999999999e-11,2.46e-12,7.978e-13,20,5,1.33e-07,0.001243402255639,4.670028182010473,6.18239e-09
-0.4,0.1,1.743e-12,-8.06e-12,-4.13e-12,-2.2938999999999995e-11,8.06e-12,1.743e-12,20,5,1.33e-07,-0.0004311842105263,-3.383725889971263,1.6825999999999987e-10
-0.5,0.1,3.79e-12,-4.3720000000000005e-11,-1.346e-11,3.249700000000001e-11,4.3720000000000005e-11,3.79e-12,20,5,1.33e-07,0.0006108458646616,-2.1799049166475286,-1.20575e-10
-0.6,0.1,-4.7564e-12,1.4630000000000002e-11,4.253e-11,1.1759999999999998e-12,1.4630000000000002e-11,4.7564e-12,20,5,1.33e-07,2.210526315789473e-05,0.1391201923592077,2.8141999999999994e-10
-0.7,0.1,3.5548e-12,-2.11e-12,-1.014e-11,-2.3786999999999996e-11,2.11e-12,3.5548e-12,20,5,1.33e-07,-0.0004471240601503,18.38639185219748,-1.5741999999999998e-10
-0.8,0.1,1e-15,-1.2000000000000002e-13,1.96e-12,3.2660000000000007e-11,1.2000000000000002e-13,1e-15,20,5,1.33e-07,0.000613909774436,0.3850358058819926,-2.2167000000000002e-10
-0.9,0.1,-2.9772e-12,2.95e-11,7.72e-12,2.0547000000000003e-11,2.95e-11,2.9772e-12,20,5,1.33e-07,0.0003862218045112,-18.068363602736937,3.59e-10
-1.0,0.1,-4.1084e-12,4.945e-11,2.3300000000000003e-11,-3.913999999999998e-11,4.945e-11,4.1084e-12,20,5,1.33e-07,-0.0007357142857142,-1.0600267928907043,1.6197499999999998e-10
-1.1,0.1,4.8508e-12,-1.73e-12,-3.879e-11,-1.1848000000000002e-11,1.73e-12,4.8508e-12,20,5,1.33e-07,-0.0002227067669172,1.86711544514294,-2.67935e-10
-1.2,0.1,-1.7388e-12,2.6000000000000002e-12,-6.200000000000001e-13,1.4447000000000004e-11,2.6000000000000002e-12,1.7388e-12,20,5,1.33e-07,0.0002715601503759,1.9662359896698072,8.025999999999987e-11
-1.3,0.1,1.9614e-12,-1.083e-11,-4.41e-12,-2.7899999999999976e-11,1.083e-11,1.9614e-12,20,5,1.33e-07,-0.0005244360902255,-1.7210864433647883,-9.532499999999991e-11
-1.4,0.1,3.8412e-12,-4.506e-11,-1.615e-11,3.3512000000000007e-11,4.506e-11,3.8412e-12,20,5,1.33e-07,0.00062992481203,-1.9165189217747172,-1.5614999999999992e-10
-1.5,0.1,-4.741e-12,8.15e-12,4.2410000000000005e-11,3.3300000000000018e-12,8.15e-12,4.741e-12,20,5,1.33e-07,6.259398496240603e-05,0.4134791714632514,2.724700000000001e-10
-1.6,0.1,3.1752e-12,-2.3000000000000003e-12,-7.4e-12,-2.098200000000001e-11,2.3000000000000003e-12,3.1752e-12,20,5,1.33e-07,-0.0003943984962406,4.6989615915750536,-1.4402500000000003e-10
-1.7,0.1,-5.446e-13,9.8e-13,2.72e-12,3.213500000000001e-11,9.8e-13,5.446e-13,20,5,1.33e-07,0.0006040413533834,-0.0517637041191854,-1.9688e-10
-1.8,0.1,-3.2518e-12,3.557e-11,9.61e-12,1.8393999999999983e-11,3.557e-11,3.2518e-12,20,5,1.33e-07,0.0003457518796992,-4.447922892914727,1.385149999999999e-10
-1.9,0.1,-4.2234e-12,4.9110000000000005e-11,2.8780000000000003e-11,4.432000000000003e-12,4.9110000000000005e-11,4.2234e-12,20,5,1.33e-07,8.330827067669178e-05,-0.5234382482482048,1.7535e-10
-2.0,0.1,-4.1382e-12,1.6800000000000001e-12,1.754e-11,-1.6676000000000002e-11,1.6800000000000001e-12,4.1382e-12,20,5,1.33e-07,-0.0003134586466165,3.385757233746168,1.8987999999999992e-10
-2.1,0.1,-8.882e-13,7.3e-13,-1.65e-12,-3.3543999999999965e-11,7.3e-13,8.882e-13,20,5,1.33e-07,-0.0006305263157894,1.0338848658360955,4.057499999999984e-11
-2.2,0.1,2.5706e-12,-1.985e-11,-6.35e-12,-2.4790999999999975e-11,1.985e-11,2.5706e-12,20,5,1.33e-07,-0.0004659962406015,-3.305418201937804,-3.5418999999999974e-10
-2.3000000000000003,0.1,4.07e-12,-4.854e-11,-2.0640000000000003e-11,3.729400000000005e-11,4.854e-11,4.07e-12,20,5,1.33e-07,0.0007010150375939,-1.3955723174446018,-1.693800000000002e-10
-2.4,0.1,-4.8882e-12,9.200000000000001e-13,4.064e-11,9.085000000000015e-12,9.200000000000001e-13,4.8882e-12,20,5,1.33e-07,0.0001707706766917,1.2841660875069412,2.686950000000005e-10
-2.5,0.1,2.253e-12,-1.3300000000000002e-12,-1.5800000000000001e-12,-1.6444999999999985e-11,1.3300000000000002e-12,2.253e-12,20,5,1.33e-07,-0.0003091165413533,2.4262309279211247,-1.0475999999999971e-10
-2.6,0.1,-1.5992e-12,6.7700000000000004e-12,3.66e-12,3.0036999999999975e-11,6.7700000000000004e-12,1.5992e-12,20,5,1.33e-07,0.0005646052631578,-1.1088967474030378,7.507999999999987e-11
-2.7,0.1,-3.7544e-12,4.381e-11,1.3600000000000002e-11,-3.146099999999997e-11,4.381e-11,3.7544e-12,20,5,1.33e-07,-0.0005913721804511,-2.3377388655121734,2.8648499999999976e-10
-2.8000000000000003,0.1,4.693e-12,-1.5340000000000002e-11,-4.29e-11,-2.726000000000004e-11,1.5340000000000002e-11,4.693e-12,20,5,1.33e-07,-0.0005124060150375,1.7235258732358738,-3.2365500000000047e-10
-2.9,0.1,1.6976e-12,-2.44e-12,6.500000000000002e-13,3.3270000000000044e-11,2.44e-12,1.6976e-12,20,5,1.33e-07,0.0006253759398496,1.8948648027235595,-2.7624000000000043e-10
-3.0,0.1,-1.961e-12,1.225e-11,4.5900000000000004e-12,2.798799999999997e-11,1.225e-11,1.961e-12,20,5,1.33e-07,0.0005260902255639,-1.806146202346176,3.3626499999999977e-10
-3.1,0.1,-3.9e-12,4.6120000000000005e-11,1.659e-11,-3.398299999999997e-11,4.6120000000000005e-11,3.9e-12,20,5,1.33e-07,-0.0006387781954887,-1.959863876209472,1.6043499999999972e-10
-3.2,0.1,4.8356e-12,-7.16e-12,-4.2670000000000006e-11,-4.098999999999997e-12,7.16e-12,4.8356e-12,20,5,1.33e-07,-7.704887218045106e-05,0.5124284525062345,-2.700799999999997e-10
-3.3000000000000003,0.1,-3.0802e-12,2.6500000000000002e-12,5.28e-12,2.003300000000003e-11,2.6500000000000002e-12,3.0802e-12,20,5,1.33e-07,0.0003765601503759,3.829479191797032,1.4331500000000042e-10
-3.4,0.1,8.29e-13,-2.5300000000000003e-12,-3.0900000000000004e-12,-3.276200000000005e-11,2.5300000000000003e-12,8.29e-13,20,5,1.33e-07,-0.0006158270676691,-0.2601290811096926,-3.763499999999977e-11
-3.5,0.1,3.4722e-12,-3.8110000000000005e-11,-1.0950000000000002e-11,2.755999999999997e-11,3.8110000000000005e-11,3.4722e-12,20,5,1.33e-07,0.0005180451127819,-3.759848136159031,-3.1020999999999975e-10
-3.6,0.1,-4.683e-12,2.344e-11,4.138e-11,2.927999999999997e-11,2.344e-11,4.683e-12,20,5,1.33e-07,0.0005503759398496,0.8166745865409278,2.900399999999995e-10
-3.7,0.1,-2.3838e-12,1.4300000000000002e-12,1.88e-12,-3.0447999999999966e-11,1.4300000000000002e-12,2.3838e-12,20,5,1.33e-07,-0.0005723308270676,2.611767723523461,2.9766999999999976e-10
-3.8,0.1,1.4066e-12,-5.3000000000000004e-12,-3.2700000000000004e-12,-3.0254000000000033e-11,5.3000000000000004e-12,1.4066e-12,20,5,1.33e-07,-0.0005686842105263,-0.935205472607984,-3.040950000000005e-10
-3.9,0.1,3.667e-12,-4.424e-11,-1.324e-11,3.037100000000004e-11,4.424e-11,3.667e-12,20,5,1.33e-07,0.0005708834586466,-2.60461509046419,-1.5320000000000036e-10
-4.0,0.1,-4.6676e-12,1.619e-11,4.247e-11,3.8599999999999916e-13,1.619e-11,4.6676e-12,20,5,1.33e-07,7.255639097744341e-06,0.0462032836745596,2.7342500000000043e-10
-4.1,0.1,3.5898e-12,-1.13e-12,-1.203e-11,-2.4313999999999974e-11,1.13e-12,3.5898e-12,20,5,1.33e-07,-0.0004570300751879,6.893069089197746,-1.5970499999999976e-10
-4.2,0.1,1.952e-13,-1.1500000000000001e-12,1.6e-12,3.2326999999999974e-11,1.1500000000000001e-12,1.952e-13,20,5,1.33e-07,0.0006076503759398,0.481708891430967,-2.2975999999999958e-10
-4.3,0.1,-2.8756e-12,2.775e-11,7.670000000000001e-12,2.1637999999999975e-11,2.775e-11,2.8756e-12,20,5,1.33e-07,0.0004067293233082,-6.628612697711465,3.5701499999999936e-10
-4.4,0.1,-4.1324e-12,5.065e-11,2.416e-11,-3.907599999999997e-11,5.065e-11,4.1324e-12,20,5,1.33e-07,-0.0007345112781954,-1.1748165350763606,1.6688499999999968e-10
-4.5,0.1,4.9396e-12,-1.46e-12,-3.842e-11,-1.1738999999999988e-11,1.46e-12,4.9396e-12,20,5,1.33e-07,-0.0002206578947368,1.8233073211149515,-2.6816999999999955e-10
-4.6000000000000005,0.1,-1.7846e-12,1.8100000000000002e-12,-1.0600000000000001e-12,1.4557999999999982e-11,1.8100000000000002e-12,1.7846e-12,20,5,1.33e-07,0.0002736466165413,1.933119156467347,8.517000000000049e-11
-4.7,0.1,2.028e-12,-1.302e-11,-4.900000000000001e-12,-2.8773000000000104e-11,1.302e-11,2.028e-12,20,5,1.33e-07,-0.0005408458646616,-1.7362480905656923,-9.848000000000025e-11
-4.8,0.1,3.97e-12,-4.7260000000000007e-11,-1.651e-11,3.425399999999997e-11,4.7260000000000007e-11,3.97e-12,20,5,1.33e-07,0.0006438721804511,-1.881156507891804,-1.7046000000000036e-10
-4.9,0.1,-4.8228e-12,7.17e-12,4.233e-11,5.318999999999997e-12,7.17e-12,4.8228e-12,20,5,1.33e-07,9.998120300751872e-05,0.677325041631906,5.577200000000007e-10
-5.0,0.1,2.9062e-12,-1.5200000000000002e-12,-5.94e-12,-7.729000000000027e-11,1.5200000000000002e-12,2.9062e-12,20,5,1.33e-07,-0.0014528195488721,2.19973753802928,8.260900000000054e-10
