VD,VG,ID,IG,IS,absIg,absId,r
0.0,-5,-3.48e-12,4.6270000000000005e-11,-4.1210000000000006e-11,4.6270000000000005e-11,3.48e-12,15185106447.596195
0.1,-5,3.1054e-12,-2.04e-12,-5.99e-12,2.04e-12,3.1054e-12,68087424252.740524
0.2,-5,-5.426e-13,5.6e-13,-1.8000000000000002e-12,5.6e-13,5.426e-13,-63459829927.655785
0.3,-5,-4.62e-14,3.600000000000001e-13,-2.1200000000000007e-12,3.600000000000001e-13,4.62e-14,151515151515.15152
0.4,-5,7.774e-13,-2.62e-12,-3.0400000000000004e-12,2.62e-12,7.774e-13,140706345856.19812
0.5,-5,1.3752e-12,-4.850000000000001e-12,-3.740000000000001e-12,4.850000000000001e-12,1.3752e-12,209819555182.54297
0.6,-5,1.7306e-12,-8.86e-12,-4.960000000000001e-12,8.86e-12,1.7306e-12,251509054325.95575
0.7,-5,2.1704e-12,-1.57e-11,-5.7e-12,1.57e-11,2.1704e-12,258598396689.94064
0.8,-5,2.504e-12,-2.238e-11,-6.36e-12,2.238e-11,2.504e-12,260892251500.1304
0.9,-5,2.937e-12,-2.8200000000000003e-11,-7.690000000000001e-12,2.8200000000000003e-11,2.937e-12,291375291375.29126
1.0,-5,3.1904e-12,-3.2140000000000005e-11,-8.790000000000003e-12,3.2140000000000005e-11,3.1904e-12,461893764434.1804
1.1,-5,3.37e-12,-3.692e-11,-1.008e-11,3.692e-11,3.37e-12,484496124031.0076
1.2,-5,3.6032e-12,-4.214e-11,-1.195e-11,4.214e-11,3.6032e-12,363108206245.46106
1.3,-5,3.9208e-12,-4.61e-11,-1.484e-11,4.61e-11,3.9208e-12,619578686493.1848
1.4,-5,3.926e-12,-4.7180000000000005e-11,-1.7340000000000002e-11,4.7180000000000005e-11,3.926e-12,2967359050445.09
1.5,-5,3.9882e-12,-4.874e-11,-2.094e-11,4.874e-11,3.9882e-12,1291989664082.686
1.6,-5,4.0808e-12,-4.993e-11,-2.322e-11,4.993e-11,4.0808e-12,974658869395.7113
1.7,-5,4.1934e-12,-4.992000000000001e-11,-2.708e-11,4.992000000000001e-11,4.1934e-12,-22905309450.730675
1.8,-5,-4.6508e-12,2.5630000000000003e-11,4.049e-11,2.5630000000000003e-11,4.6508e-12,271223216707.35052
1.9,-5,4.9308e-12,-1.3000000000000001e-12,-3.905e-11,1.3000000000000001e-12,4.9308e-12,25822444869.080204
2.0,-5,3.0944e-12,-1.8200000000000003e-12,-6.7300000000000014e-12,1.8200000000000003e-12,3.0944e-12,-35898908673.17633
2.1,-5,-6.404e-13,1.7000000000000002e-12,-1.64e-12,1.7000000000000002e-12,6.404e-13,-64139567699.31377
2.2,-5,-2.38e-14,6.500000000000002e-13,-2.7000000000000002e-12,6.500000000000002e-13,2.38e-14,160256410256.4104
2.3000000000000003,-5,6.076e-13,-1.6800000000000001e-12,-2.77e-12,1.6800000000000001e-12,6.076e-13,179051029543.41965
2.4,-5,1.0932e-12,-3.4900000000000007e-12,-3.780000000000001e-12,3.4900000000000007e-12,1.0932e-12,193685841564.9813
2.5,-5,1.6402e-12,-9.65e-12,-4.500000000000001e-12,9.65e-12,1.6402e-12,204918032786.8854
2.6,-5,2.0692e-12,-1.317e-11,-5.170000000000001e-12,1.317e-11,2.0692e-12,250752256770.3112
2.7,-5,2.4378e-12,-1.854e-11,-6.09e-12,1.854e-11,2.4378e-12,222074172773.7066
2.8000000000000003,-5,2.9698e-12,-2.782e-11,-7.42e-12,2.782e-11,2.9698e-12,287935502447.4514
2.9,-5,3.1324e-12,-3.2290000000000006e-11,-8.33e-12,3.2290000000000006e-11,3.1324e-12,411353352529.8228
3.0,-5,3.456e-12,-3.814e-11,-1.079e-11,3.814e-11,3.456e-12,378787878787.879
3.1,-5,3.6604e-12,-4.3500000000000005e-11,-1.2680000000000002e-11,4.3500000000000005e-11,3.6604e-12,535618639528.65607
3.2,-5,3.8294e-12,-4.577e-11,-1.5870000000000002e-11,4.577e-11,3.8294e-12,547945205479.4523
3.3000000000000003,-5,4.0254e-12,-4.921e-11,-1.8930000000000003e-11,4.921e-11,4.0254e-12,761614623000.7601
3.4,-5,4.092e-12,-4.993e-11,-2.28e-11,4.993e-11,4.092e-12,1081081081081.0812
3.5,-5,4.2104e-12,-4.994e-11,-2.672e-11,4.994e-11,4.2104e-12,-22805017103.762848
3.6,-5,-4.678e-12,2.4030000000000003e-11,4.089e-11,2.4030000000000003e-11,4.678e-12,293685756240.8226
3.7,-5,4.8914e-12,-9.600000000000002e-13,-3.874e-11,9.600000000000002e-13,4.8914e-12,26006449599.5007
3.8,-5,3.0124e-12,-2.3200000000000002e-12,-5.810000000000001e-12,2.3200000000000002e-12,3.0124e-12,-38710176905.50841
3.9,-5,-2.752e-13,2e-13,-1.74e-12,2e-13,2.752e-13,-74476800476.65143
4.0,-5,3.27e-13,-6.500000000000002e-13,-2.5300000000000003e-12,6.500000000000002e-13,3.27e-13,148942508191.83777
4.1,-5,1.0676e-12,-3.9900000000000006e-12,-3.33e-12,3.9900000000000006e-12,1.0676e-12,150398556173.86087
4.2,-5,1.6568e-12,-8.13e-12,-3.9900000000000006e-12,8.13e-12,1.6568e-12,178221350917.84015
4.3,-5,2.1898e-12,-1.4190000000000002e-11,-5.110000000000001e-12,1.4190000000000002e-11,2.1898e-12,207339829981.3396
4.4,-5,2.6214e-12,-2.0460000000000003e-11,-6.6800000000000014e-12,2.0460000000000003e-11,2.6214e-12,249066002490.66025
4.5,-5,2.9928e-12,-2.844e-11,-7.65e-12,2.844e-11,2.9928e-12,300932891965.09216
4.6000000000000005,-5,3.286e-12,-3.492e-11,-9.72e-12,3.492e-11,3.286e-12,355998576005.69635
4.7,-5,3.5546e-12,-4.062e-11,-1.118e-11,4.062e-11,3.5546e-12,322580645161.2893
4.8,-5,3.906e-12,-4.4600000000000006e-11,-1.402e-11,4.4600000000000006e-11,3.906e-12,368052999631.9474
4.9,-5,4.098e-12,-4.8570000000000007e-11,-1.717e-11,4.8570000000000007e-11,4.098e-12,537345513164.965
5.0,-5,4.2782e-12,-4.996e-11,-2.149e-11,4.996e-11,4.2782e-12,554938956714.7582
0.0,-4,-4.467e-12,2.053e-11,4.231e-11,2.053e-11,4.467e-12,331345261762.75653
0.1,-4,-4.1652e-12,5.1e-13,1.84e-11,5.1e-13,4.1652e-12,29490695685.511223
0.2,-4,2.3148e-12,-2.0200000000000007e-12,-1.32e-12,2.0200000000000007e-12,2.3148e-12,44972117287.28188
0.3,-4,2.82e-13,-1.3e-13,-2.51e-12,1.3e-13,2.82e-13,-132065504490.2272
0.4,-4,8.004e-13,-1.5800000000000001e-12,-2.7800000000000007e-12,1.5800000000000001e-12,8.004e-13,175284837861.525
0.5,-4,1.423e-12,-5.610000000000001e-12,-3.5700000000000007e-12,5.610000000000001e-12,1.423e-12,195771339075.95923
0.6,-4,1.822e-12,-1.0540000000000002e-11,-4.5400000000000004e-12,1.0540000000000002e-11,1.822e-12,253742704897.23425
0.7,-4,2.2112e-12,-1.5580000000000003e-11,-5.220000000000001e-12,1.5580000000000003e-11,2.2112e-12,273522975929.97824
0.8,-4,2.5532e-12,-2.202e-11,-6.570000000000001e-12,2.202e-11,2.5532e-12,252079657171.66623
0.9,-4,3.0046e-12,-2.9620000000000003e-11,-8.190000000000001e-12,2.9620000000000003e-11,3.0046e-12,278396436525.6125
1.0,-4,3.2716e-12,-3.634e-11,-1.019e-11,3.634e-11,3.2716e-12,365898280278.0828
1.1,-4,3.5512e-12,-4.112e-11,-1.179e-11,4.112e-11,3.5512e-12,346380325597.5058
1.2,-4,3.849e-12,-4.4380000000000006e-11,-1.391e-11,4.4380000000000006e-11,3.849e-12,459347726228.7551
1.3,-4,3.9866e-12,-4.732e-11,-1.668e-11,4.732e-11,3.9866e-12,950570342205.324
1.4,-4,4.0594e-12,-4.873e-11,-1.971e-11,4.873e-11,4.0594e-12,1620745542949.756
1.5,-4,4.11e-12,-4.9480000000000006e-11,-2.385e-11,4.9480000000000006e-11,4.11e-12,1474926253687.3203
1.6,-4,4.195e-12,-4.974e-11,-2.7340000000000003e-11,4.974e-11,4.195e-12,-22834178197.92665
1.7,-4,-4.6488e-12,2.4e-11,4.113e-11,2.4e-11,4.6488e-12,294204177699.3231
1.8,-4,4.8748e-12,-1.8200000000000003e-12,-3.832e-11,1.8200000000000003e-12,4.8748e-12,26768028267.037872
1.9,-4,2.8228e-12,-1.93e-12,-3.8900000000000006e-12,1.93e-12,2.8228e-12,-42183413481.81894
2.0,-4,1.336e-13,-7e-13,-2.49e-12,7e-13,1.336e-13,-100735368187.77072
2.1,-4,8.373999999999999e-13,-8.7e-13,-2.9600000000000007e-12,8.7e-13,8.373999999999999e-13,158881474420.08276
2.2,-4,1.3924e-12,-6.540000000000001e-12,-3.840000000000001e-12,6.540000000000001e-12,1.3924e-12,209643605870.02112
2.3000000000000003,-4,1.7914e-12,-1.007e-11,-4.450000000000001e-12,1.007e-11,1.7914e-12,221385875581.13763
2.4,-4,2.2958e-12,-1.6490000000000003e-11,-5.69e-12,1.6490000000000003e-11,2.2958e-12,236127508854.7813
2.5,-4,2.6384e-12,-2.2720000000000003e-11,-6.5e-12,2.2720000000000003e-11,2.6384e-12,297265160523.1869
2.6,-4,2.9686e-12,-2.892e-11,-7.660000000000002e-12,2.892e-11,2.9686e-12,286450873675.165
2.7,-4,3.3366e-12,-3.6220000000000005e-11,-9.29e-12,3.6220000000000005e-11,3.3366e-12,313087038196.6191
2.8000000000000003,-4,3.6074e-12,-4.068e-11,-1.149e-11,4.068e-11,3.6074e-12,424268137462.87573
2.9,-4,3.808e-12,-4.4710000000000006e-11,-1.417e-11,4.4710000000000006e-11,3.808e-12,695894224077.9388
3.0,-4,3.8948e-12,-4.7650000000000005e-11,-1.646e-11,4.7650000000000005e-11,3.8948e-12,1124859392575.927
3.1,-4,3.9858e-12,-4.836e-11,-1.979e-11,4.836e-11,3.9858e-12,727802037845.7075
3.2,-4,4.1696e-12,-4.943e-11,-2.455e-11,4.943e-11,4.1696e-12,775193798449.6134
3.3000000000000003,-4,4.2438e-12,-5.087e-11,-2.715e-11,5.087e-11,4.2438e-12,-22592743210.880634
3.4,-4,-4.6828e-12,2.382e-11,4.1320000000000006e-11,2.382e-11,4.6828e-12,317965023847.37646
3.5,-4,4.8728e-12,-6.400000000000001e-13,-3.893e-11,6.400000000000001e-13,4.8728e-12,26822595354.326508
3.6,-4,2.7736e-12,-1.9e-12,-3.75e-12,1.9e-12,2.7736e-12,-39326726443.29089
3.7,-4,-2.128e-13,8.300000000000001e-13,-2.23e-12,8.300000000000001e-13,2.128e-13,-87535014005.60233
3.8,-4,4.888e-13,-1.9400000000000002e-12,-2.92e-12,1.9400000000000002e-12,4.888e-13,145942790426.15274
3.9,-4,1.1576e-12,-4.82e-12,-3.96e-12,4.82e-12,1.1576e-12,156421085562.33362
4.0,-4,1.7674e-12,-9.71e-12,-4.450000000000001e-12,9.71e-12,1.7674e-12,184535892231.03867
4.1,-4,2.2414e-12,-1.651e-11,-5.49e-12,1.651e-11,2.2414e-12,190621425848.2655
4.2,-4,2.8166e-12,-2.57e-11,-7.27e-12,2.57e-11,2.8166e-12,201450443190.9752
4.3,-4,3.2342e-12,-3.3260000000000003e-11,-8.85e-12,3.3260000000000003e-11,3.2342e-12,262605042016.80695
4.4,-4,3.5782e-12,-4.0450000000000006e-11,-1.172e-11,4.0450000000000006e-11,3.5782e-12,404203718674.2122
4.5,-4,3.729e-12,-4.528e-11,-1.412e-11,4.528e-11,3.729e-12,664010624169.9873
4.6000000000000005,-4,3.8794e-12,-4.687e-11,-1.6980000000000002e-11,4.687e-11,3.8794e-12,643086816720.2583
4.7,-4,4.04e-12,-5.008e-11,-2.169e-11,5.008e-11,4.04e-12,677048070412.9976
4.8,-4,4.1748e-12,-5.07e-11,-2.529e-11,5.07e-11,4.1748e-12,-22955260197.874363
4.9,-4,-4.6726e-12,2.6180000000000004e-11,4.0850000000000006e-11,2.6180000000000004e-11,4.6726e-12,270197243988.11145
5.0,-4,4.915e-12,-1.86e-12,-3.956e-11,1.86e-12,4.915e-12,10430138929.450502
0.0,-3,1.3052e-12,-1.1560000000000002e-11,-4.850000000000001e-12,1.1560000000000002e-11,1.3052e-12,71571714858.28801
0.1,-3,2.7024e-12,-2.373e-11,-6.51e-12,2.373e-11,2.7024e-12,121403423576.54488
0.2,-3,2.9526e-12,-3.092e-11,-8.36e-12,3.092e-11,2.9526e-12,326157860404.4356
0.3,-3,3.3156e-12,-3.6550000000000006e-11,-9.96e-12,3.6550000000000006e-11,3.3156e-12,320821302534.4881
0.4,-3,3.576e-12,-4.083e-11,-1.142e-11,4.083e-11,3.576e-12,498753117206.9831
0.5,-3,3.7166e-12,-4.3650000000000006e-11,-1.324e-11,4.3650000000000006e-11,3.7166e-12,568504832291.0741
0.6,-3,3.9278e-12,-4.6560000000000005e-11,-1.601e-11,4.6560000000000005e-11,3.9278e-12,585823081429.4083
0.7,-3,4.058e-12,-4.8750000000000006e-11,-1.947e-11,4.8750000000000006e-11,4.058e-12,853970964987.1909
0.8,-3,4.162e-12,-5.029e-11,-2.418e-11,5.029e-11,4.162e-12,1282051282051.284
0.9,-3,4.214e-12,-4.909e-11,-2.9590000000000005e-11,4.909e-11,4.214e-12,-22614713132.36391
1.0,-3,-4.6818e-12,2.13e-11,4.213e-11,2.13e-11,4.6818e-12,320307495195.38745
1.1,-3,4.8384e-12,-1.4800000000000004e-12,-3.781e-11,1.4800000000000004e-12,4.8384e-12,27202742036.397263
1.2,-3,2.6704e-12,-2.6300000000000007e-12,-2.8900000000000004e-12,2.6300000000000007e-12,2.6704e-12,-41800777494.46139
1.3,-3,5.38e-14,-7e-14,-2.3000000000000003e-12,7e-14,5.38e-14,-95812973076.55464
1.4,-3,5.83e-13,-1.23e-12,-2.8e-12,1.23e-12,5.83e-13,186532363365.04376
1.5,-3,1.126e-12,-3.8800000000000004e-12,-3.43e-12,3.8800000000000004e-12,1.126e-12,176803394625.1768
1.6,-3,1.7142e-12,-8.890000000000003e-12,-4.32e-12,8.890000000000003e-12,1.7142e-12,198886237072.39456
1.7,-3,2.1316e-12,-1.4720000000000002e-11,-5.420000000000001e-12,1.4720000000000002e-11,2.1316e-12,248385494287.1336
1.8,-3,2.5194e-12,-2.089e-11,-6.440000000000001e-12,2.089e-11,2.5194e-12,282087447108.60394
1.9,-3,2.8406e-12,-2.591e-11,-7.180000000000001e-12,2.591e-11,2.8406e-12,330578512396.6941
2.0,-3,3.1244e-12,-3.1890000000000006e-11,-9.06e-12,3.1890000000000006e-11,3.1244e-12,351246926589.3923
2.1,-3,3.41e-12,-3.9280000000000005e-11,-1.118e-11,3.9280000000000005e-11,3.41e-12,331674958540.6306
2.2,-3,3.7274e-12,-4.3680000000000005e-11,-1.284e-11,4.3680000000000005e-11,3.7274e-12,420521446593.77686
2.3000000000000003,-3,3.8856e-12,-4.611e-11,-1.6180000000000003e-11,4.611e-11,3.8856e-12,713775874375.4442
2.4,-3,4.0076e-12,-4.786e-11,-1.942e-11,4.786e-11,4.0076e-12,827129859387.9226
2.5,-3,4.1274e-12,-4.939e-11,-2.386e-11,4.939e-11,4.1274e-12,888888888888.8915
2.6,-3,4.2326e-12,-4.88e-11,-2.903e-11,4.88e-11,4.2326e-12,-22719011268.62961
2.7,-3,-4.6758e-12,1.876e-11,4.204e-11,1.876e-11,4.6758e-12,-23628931263.438976
2.8000000000000003,-3,-4.2316e-12,1.6e-12,2.081e-11,1.6e-12,4.2316e-12,28698522026.115616
2.9,-3,2.2932e-12,-2.37e-12,-1.04e-12,2.37e-12,2.2932e-12,35243532811.729004
3.0,-3,1.4432e-12,-1.85e-12,1.12e-12,1.85e-12,1.4432e-12,-113211819313.93648
3.1,-3,5.266e-13,-1e-12,1.4800000000000004e-12,1e-12,5.266e-13,-102564102564.10266
3.2,-3,-5.068e-13,2.1000000000000001e-13,2.3300000000000004e-12,2.1000000000000001e-13,5.068e-13,-119717466778.40308
3.3000000000000003,-3,-1.144e-12,5.3000000000000004e-12,3.1400000000000004e-12,5.3000000000000004e-12,1.144e-12,-154249575813.66632
3.4,-3,-1.8034e-12,1.091e-11,4.810000000000001e-12,1.091e-11,1.8034e-12,-139178844815.58783
3.5,-3,-2.581e-12,2.079e-11,5.820000000000001e-12,2.079e-11,2.581e-12,-153917192550.40802
3.6,-3,-3.1028e-12,3.158e-11,8.03e-12,3.158e-11,3.1028e-12,-217722621380.3617
3.7,-3,-3.4996e-12,3.8620000000000005e-11,1.036e-11,3.8620000000000005e-11,3.4996e-12,-333111259160.56006
3.8,-3,-3.7032e-12,4.313e-11,1.283e-11,4.313e-11,3.7032e-12,-489236790606.65295
3.9,-3,-3.9084e-12,4.7040000000000006e-11,1.7000000000000003e-11,4.7040000000000006e-11,3.9084e-12,-624219725343.3198
4.0,-3,-4.0236e-12,4.869e-11,2.162e-11,4.869e-11,4.0236e-12,-838222967309.3022
4.1,-3,-4.147e-12,5.128e-11,2.468e-11,5.128e-11,4.147e-12,22951572182.69453
4.2,-3,4.6904e-12,-2.476e-11,-4.13e-11,2.476e-11,4.6904e-12,-247708694575.1798
4.3,-3,-4.9544e-12,1.3000000000000001e-12,3.898e-11,1.3000000000000001e-12,4.9544e-12,-26638252530.63401
4.4,-3,-2.8176e-12,1.6600000000000002e-12,4.150000000000001e-12,1.6600000000000002e-12,2.8176e-12,38933229511.38801
4.5,-3,1.826e-13,-7.100000000000001e-13,1.7700000000000001e-12,7.100000000000001e-13,1.826e-13,86617583369.42406
4.6000000000000005,-3,-5.086e-13,7.900000000000001e-13,2.75e-12,7.900000000000001e-13,5.086e-13,-161786118751.0113
4.7,-3,-1.0536e-12,3.790000000000001e-12,2.8800000000000002e-12,3.790000000000001e-12,1.0536e-12,-189789333839.4376
4.8,-3,-1.5624e-12,7.63e-12,3.8e-12,7.63e-12,1.5624e-12,-177525297354.87326
4.9,-3,-2.1802e-12,1.469e-11,5.110000000000001e-12,1.469e-11,2.1802e-12,-185253797702.8531
5.0,-3,-2.642e-12,2.377e-11,6.7200000000000004e-12,2.377e-11,2.642e-12,-216543958423.55927
0.0,-2,-4.512e-12,2e-11,4.16e-11,2e-11,4.512e-12,224215246636.77115
0.1,-2,-4.066e-12,1.8200000000000003e-12,1.784e-11,1.8200000000000003e-12,4.066e-12,30036343976.211216
0.2,-2,2.1466e-12,-1.65e-12,-9.000000000000001e-13,1.65e-12,2.1466e-12,35816618911.17478
0.3,-2,1.518e-12,-1.12e-12,1.1100000000000001e-12,1.12e-12,1.518e-12,-154942671211.65173
0.4,-2,8.557999999999999e-13,-1.9700000000000003e-12,1.2900000000000002e-12,1.9700000000000003e-12,8.557999999999999e-13,-146370023419.20377
0.5,-2,1.516e-13,-6.200000000000001e-13,1.7700000000000001e-12,6.200000000000001e-13,1.516e-13,-140666760444.50696
0.6,-2,-5.66e-13,1.21e-12,2.64e-12,1.21e-12,5.66e-13,-156421085562.33386
0.7,-2,-1.127e-12,3.0600000000000007e-12,3.35e-12,3.0600000000000007e-12,1.127e-12,-160230732254.44647
0.8,-2,-1.8142e-12,1.029e-11,4.290000000000001e-12,1.029e-11,1.8142e-12,-181884321571.48053
0.9,-2,-2.2266e-12,1.446e-11,5.07e-12,1.446e-11,2.2266e-12,-245881485124.17007
1.0,-2,-2.6276e-12,2.187e-11,6.7700000000000004e-12,2.187e-11,2.6276e-12,-263227165043.43256
1.1,-2,-2.9864e-12,2.98e-11,7.63e-12,2.98e-11,2.9864e-12,-301295570955.1069
1.2,-2,-3.2914e-12,3.347e-11,9.66e-12,3.347e-11,3.2914e-12,-362844702467.34393
1.3,-2,-3.5376e-12,4.06e-11,1.142e-11,4.06e-11,3.5376e-12,-379939209726.4439
1.4,-2,-3.8178e-12,4.399e-11,1.418e-11,4.399e-11,3.8178e-12,-502008032128.5134
1.5,-2,-3.936e-12,4.7580000000000005e-11,1.7380000000000002e-11,4.7580000000000005e-11,3.936e-12,-803212851405.6241
1.6,-2,-4.0668e-12,4.814e-11,1.941e-11,4.814e-11,4.0668e-12,-1168224299065.421
1.7,-2,-4.1072e-12,4.91e-11,2.354e-11,4.91e-11,4.1072e-12,-1420454545454.5415
1.8,-2,-4.2076e-12,4.983e-11,2.733e-11,4.983e-11,4.2076e-12,22842523642.01199
1.9,-2,4.6484e-12,-2.1390000000000003e-11,-4.191e-11,2.1390000000000003e-11,4.6484e-12,-297796307325.78925
2.0,-2,-4.8792e-12,1.4900000000000001e-12,3.781e-11,1.4900000000000001e-12,4.8792e-12,-26967988997.06048
2.1,-2,-2.7678e-12,2.26e-12,3.730000000000001e-12,2.26e-12,2.7678e-12,39707750952.98606
2.2,-2,1.576e-13,-4.2000000000000003e-13,1.65e-12,4.2000000000000003e-13,1.576e-13,90563303749.32083
2.3000000000000003,-2,-5.594e-13,1.17e-12,2.6300000000000007e-12,1.17e-12,5.594e-13,-166112956810.63098
2.4,-2,-1.0464e-12,3.65e-12,3.1e-12,3.65e-12,1.0464e-12,-190367409099.5619
2.5,-2,-1.61e-12,7.44e-12,3.9900000000000006e-12,7.44e-12,1.61e-12,-180115273775.21634
2.6,-2,-2.1568e-12,1.437e-11,5.24e-12,1.437e-11,2.1568e-12,-203128173877.71704
2.7,-2,-2.5946e-12,2.1060000000000003e-11,6.280000000000001e-12,2.1060000000000003e-11,2.5946e-12,-261096605744.1255
2.8000000000000003,-2,-2.9228e-12,2.7650000000000003e-11,7.71e-12,2.7650000000000003e-11,2.9228e-12,-277700638711.4686
2.9,-2,-3.3148e-12,3.478e-11,9.63e-12,3.478e-11,3.3148e-12,-305903946160.9051
3.0,-2,-3.5766e-12,4.178e-11,1.1350000000000002e-11,4.178e-11,3.5766e-12,-510204081632.653
3.1,-2,-3.7068e-12,4.3290000000000006e-11,1.271e-11,4.3290000000000006e-11,3.7068e-12,-634115409004.4393
3.2,-2,-3.892e-12,4.6930000000000006e-11,1.5830000000000002e-11,4.6930000000000006e-11,3.892e-12,-714796283059.3296
3.3000000000000003,-2,-3.9866e-12,4.863e-11,1.919e-11,4.863e-11,3.9866e-12,-1312335958005.2473
3.4,-2,-4.0444e-12,4.925e-11,2.1350000000000003e-11,4.925e-11,4.0444e-12,-1297016861219.1917
3.5,-2,-4.1408e-12,4.9700000000000007e-11,2.364e-11,4.9700000000000007e-11,4.1408e-12,-832639467110.7428
3.6,-2,-4.2846e-12,4.888e-11,2.775e-11,4.888e-11,4.2846e-12,22517451024.54404
3.7,-2,4.7412e-12,-1.912e-11,-4.2780000000000006e-11,1.912e-11,4.7412e-12,23302418791.070538
3.8,-2,4.2982e-12,-2.11e-12,-2.291e-11,2.11e-12,4.2982e-12,-27353045761.645523
3.9,-2,-2.5706e-12,1.78e-12,3.48e-12,1.78e-12,2.5706e-12,-47065468066.07986
4.0,-2,4.88e-14,-1.4e-12,1.91e-12,1.4e-12,4.88e-14,105207785376.11768
4.1,-2,-6.696e-13,1.98e-12,2.54e-12,1.98e-12,6.696e-13,-166833500166.83365
4.2,-2,-1.15e-12,4.62e-12,3.0100000000000007e-12,4.62e-12,1.15e-12,-203334688897.92615
4.3,-2,-1.6532e-12,8.480000000000001e-12,4.340000000000001e-12,8.480000000000001e-12,1.6532e-12,-191241155096.57693
4.4,-2,-2.1958e-12,1.445e-11,4.88e-12,1.445e-11,2.1958e-12,-192233756247.5973
4.5,-2,-2.6936e-12,2.155e-11,6.45e-12,2.155e-11,2.6936e-12,-240269101393.561
4.6000000000000005,-2,-3.0282e-12,2.98e-11,7.4e-12,2.98e-11,3.0282e-12,-321750321750.322
4.7,-2,-3.3152e-12,3.495e-11,9.26e-12,3.495e-11,3.3152e-12,-499500499500.498
4.8,-2,-3.4286e-12,3.701e-11,1.065e-11,3.701e-11,3.4286e-12,-712250712250.7124
4.9,-2,-3.596e-12,4.2920000000000005e-11,1.2780000000000002e-11,4.2920000000000005e-11,3.596e-12,-554631170271.7693
5.0,-2,-3.7892e-12,4.586e-11,1.4290000000000002e-11,4.586e-11,3.7892e-12,-517598343685.29834
0.0,-1,-4.826e-12,1.8900000000000002e-12,4.039e-11,1.8900000000000002e-12,4.826e-12,56727932834.127525
0.1,-1,-3.0632e-12,1.7700000000000001e-12,5.74e-12,1.7700000000000001e-12,3.0632e-12,36817495673.94427
0.2,-1,6.062e-13,-1.59e-12,1.3300000000000002e-12,1.59e-12,6.062e-13,64708166170.57072
0.3,-1,2.76e-14,-5.4e-13,2.0200000000000007e-12,5.4e-13,2.76e-14,-170794192997.4381
0.4,-1,-5.648e-13,1.6700000000000004e-12,2.7100000000000004e-12,1.6700000000000004e-12,5.648e-13,-206185567010.3093
0.5,-1,-9.424e-13,3.0100000000000007e-12,2.8300000000000007e-12,3.0100000000000007e-12,9.424e-13,-236294896030.24573
0.6,-1,-1.4112e-12,6.46e-12,3.97e-12,6.46e-12,1.4112e-12,-187336080929.18695
0.7,-1,-2.01e-12,1.276e-11,4.400000000000001e-12,1.276e-11,2.01e-12,-234466588511.1372
0.8,-1,-2.2642e-12,1.5340000000000002e-11,5.4500000000000004e-12,1.5340000000000002e-11,2.2642e-12,-306842589751.4576
0.9,-1,-2.6618e-12,2.151e-11,6.45e-12,2.151e-11,2.6618e-12,-275027502750.27496
1.0,-1,-2.9914e-12,2.8930000000000004e-11,8e-12,2.8930000000000004e-11,2.9914e-12,-351741118536.7569
1.1,-1,-3.2304e-12,3.4220000000000006e-11,9.68e-12,3.4220000000000006e-11,3.2304e-12,-450045004500.45
1.2,-1,-3.4358e-12,3.962e-11,1.0840000000000001e-11,3.962e-11,3.4358e-12,-450247636199.9102
1.3,-1,-3.6746e-12,4.353e-11,1.296e-11,4.353e-11,3.6746e-12,-445434298440.98047
1.4,-1,-3.8848e-12,4.608e-11,1.519e-11,4.608e-11,3.8848e-12,-612745098039.2157
1.5,-1,-4.001e-12,4.7940000000000005e-11,1.6980000000000002e-11,4.7940000000000005e-11,4.001e-12,-919117647058.8224
1.6,-1,-4.1024e-12,4.8170000000000007e-11,2.0170000000000003e-11,4.8170000000000007e-11,4.1024e-12,-2066115702479.3352
1.7,-1,-4.0978e-12,5.011e-11,2.192e-11,5.011e-11,4.0978e-12,-5524861878453.009
1.8,-1,-4.1386e-12,5.04e-11,2.473e-11,5.04e-11,4.1386e-12,-2604166666666.675
1.9,-1,-4.1746e-12,4.8710000000000006e-11,2.853e-11,4.8710000000000006e-11,4.1746e-12,22579989613.204773
2.0,-1,4.7188e-12,-2.0770000000000003e-11,-4.24e-11,2.0770000000000003e-11,4.7188e-12,-271444082519.0008
2.1,-1,-4.9114e-12,7.700000000000001e-13,3.8220000000000005e-11,7.700000000000001e-13,4.9114e-12,-26747980527.470203
2.2,-1,-2.7584e-12,2.1200000000000007e-12,3e-12,2.1200000000000007e-12,2.7584e-12,40264132710.58145
2.3000000000000003,-1,5.58e-14,-1.3300000000000002e-12,2.2500000000000003e-12,1.3300000000000002e-12,5.58e-14,84659668134.1008
2.4,-1,-3.96e-13,3.800000000000001e-13,2.1000000000000003e-12,3.800000000000001e-13,3.96e-13,-200040008001.60004
2.5,-1,-9.44e-13,2.77e-12,2.6500000000000002e-12,2.77e-12,9.44e-13,-228937728937.72916
2.6,-1,-1.2696e-12,3.67e-12,3.4900000000000007e-12,3.67e-12,1.2696e-12,-275103163686.3826
2.7,-1,-1.671e-12,8.170000000000003e-12,4.150000000000001e-12,8.170000000000003e-12,1.671e-12,-320410124959.9491
2.8000000000000003,-1,-1.8938e-12,1.1150000000000002e-11,4.400000000000001e-12,1.1150000000000002e-11,1.8938e-12,-304506699147.38086
2.9,-1,-2.3278e-12,1.6140000000000002e-11,5.33e-12,1.6140000000000002e-11,2.3278e-12,-217344055640.07797
3.0,-1,-2.814e-12,2.3590000000000003e-11,6.65e-12,2.3590000000000003e-11,2.814e-12,-277700638711.46924
3.1,-1,-3.048e-12,2.979e-11,7.890000000000001e-12,2.979e-11,3.048e-12,-454959053685.1689
3.2,-1,-3.2536e-12,3.547e-11,9.52e-12,3.547e-11,3.2536e-12,-405679513184.5845
3.3000000000000003,-1,-3.541e-12,3.954e-11,1.142e-11,3.954e-11,3.541e-12,-468384074941.4508
3.4,-1,-3.6806e-12,4.315e-11,1.29e-11,4.315e-11,3.6806e-12,-719424460431.6542
3.5,-1,-3.819e-12,4.473e-11,1.454e-11,4.473e-11,3.819e-12,-685871056241.429
3.6,-1,-3.9722e-12,4.6350000000000007e-11,1.621e-11,4.6350000000000007e-11,3.9722e-12,-1090512540894.22
3.7,-1,-4.0024e-12,4.712e-11,1.7490000000000002e-11,4.712e-11,4.0024e-12,-1742160278745.642
3.8,-1,-4.087e-12,4.887e-11,1.9530000000000003e-11,4.887e-11,4.087e-12,-1402524544179.5232
3.9,-1,-4.145e-12,4.9470000000000005e-11,2.233e-11,4.9470000000000005e-11,4.145e-12,-1328021248339.9736
4.0,-1,-4.2376e-12,4.913e-11,2.6250000000000003e-11,4.913e-11,4.2376e-12,22872827081.427235
4.1,-1,4.599e-12,-2.673e-11,-4.09e-11,2.673e-11,4.599e-12,-286779466590.19214
4.2,-1,-4.935e-12,8.300000000000001e-13,4.018e-11,8.300000000000001e-13,4.935e-12,-25168629819.792637
4.3,-1,-3.3474e-12,1.6100000000000002e-12,7.94e-12,1.6100000000000002e-12,3.3474e-12,33149903865.27882
4.4,-1,1.0982e-12,-5.500000000000001e-13,1.36e-12,5.500000000000001e-13,1.0982e-12,49414438899.04634
4.5,-1,7e-13,-1.79e-12,1.41e-12,1.79e-12,7e-13,-180375180375.1805
4.6000000000000005,-1,-1.06e-14,2.0000000000000003e-14,1.6300000000000001e-12,2.0000000000000003e-14,1.06e-14,-170386777986.02844
4.7,-1,-4.738e-13,-8.000000000000001e-14,2.29e-12,8.000000000000001e-14,4.738e-13,-214408233276.15704
4.8,-1,-9.434e-13,2.4800000000000003e-12,3.1600000000000007e-12,2.4800000000000003e-12,9.434e-13,-245218244237.3715
4.9,-1,-1.2894e-12,4.650000000000001e-12,2.82e-12,4.650000000000001e-12,1.2894e-12,-267522739432.85205
5.0,-1,-1.691e-12,8.780000000000001e-12,4.5400000000000004e-12,8.780000000000001e-12,1.691e-12,-249003984063.74408
0.0,0,-2.1116e-12,4.941000000000001e-11,2.162e-11,4.941000000000001e-11,2.1116e-12,29601461.31757999
0.1,0,3.3761e-09,-6.400000000000001e-13,-3.2989e-09,6.400000000000001e-13,3.3761e-09,51191329.74495763
0.2,0,3.9048e-09,1.09e-12,-3.939e-09,1.09e-12,3.9048e-09,247188233.8400692
0.3,0,4.1852e-09,-4.75e-11,-4.2024e-09,4.75e-11,4.1852e-09,413052457.6621234
0.4,0,4.389e-09,-1.85e-12,-4.4186e-09,1.85e-12,4.389e-09,516929439.1315586
0.5,0,4.5721e-09,-1.85e-12,-4.5326e-09,1.85e-12,4.5721e-09,683060109.2896161
0.6,0,4.6818e-09,4.519e-11,-4.6568e-09,4.519e-11,4.6818e-09,914494741.6552372
0.7,0,4.7908e-09,3.28e-12,-4.7587e-09,3.28e-12,4.7908e-09,994530084.5350574
0.8,0,4.8829e-09,1.74e-12,-4.9102e-09,1.74e-12,4.8829e-09,857632933.1046296
0.9,0,5.024e-09,-4.3250000000000006e-11,-5.0366e-09,4.3250000000000006e-11,5.024e-09,790513833.992095
1.0,0,5.1359e-09,-5.39e-12,-5.1764e-09,5.39e-12,5.1359e-09,902934537.2460513
1.1,0,5.2455e-09,-1.8400000000000002e-12,-5.2052e-09,1.8400000000000002e-12,5.2455e-09,1212121212.1212108
1.2,0,5.3009e-09,4.166e-11,-5.2903e-09,4.166e-11,5.3009e-09,1445086705.2023091
1.3,0,5.3839e-09,8.06e-12,-5.3244e-09,8.06e-12,5.3839e-09,1463057790.7827356
1.4,0,5.4376e-09,1.0600000000000001e-12,-5.4236e-09,1.0600000000000001e-12,5.4376e-09,1357773251.8669367
1.5,0,5.5312e-09,-7.61e-12,-5.5268e-09,7.61e-12,5.5312e-09,1126126126.1261263
1.6,0,5.6152e-09,-4.9070000000000005e-11,-5.6246e-09,4.9070000000000005e-11,5.6152e-09,1116071428.5714312
1.7,0,5.7104e-09,-1.1600000000000001e-12,-5.7077e-09,1.1600000000000001e-12,5.7104e-09,1249219237.9762654
1.8,0,5.7753e-09,4.63e-12,-5.7458e-09,4.63e-12,5.7753e-09,2577319587.628847
1.9,0,5.788e-09,4.9370000000000006e-11,-5.7803e-09,4.9370000000000006e-11,5.788e-09,2610966057.4412694
2.0,0,5.8519e-09,1.04e-12,-5.8294e-09,1.04e-12,5.8519e-09,2433090024.3309126
2.1,0,5.8702e-09,-2.3200000000000002e-12,-5.9035e-09,2.3200000000000002e-12,5.8702e-09,2352941176.470578
2.2,0,5.9369e-09,-5.007e-11,-5.9651e-09,5.007e-11,5.9369e-09,1297016861.2191958
2.3000000000000003,0,6.0244e-09,9e-14,-6.0313e-09,9e-14,6.0244e-09,1223990208.0783362
2.4,0,6.1003e-09,6.1e-13,-6.0678e-09,6.1e-13,6.1003e-09,2886002886.002876
2.5,0,6.0937e-09,4.975e-11,-6.0974e-09,4.975e-11,6.0937e-09,5025125628.140629
2.6,0,6.1401e-09,7.200000000000002e-13,-6.1011e-09,7.200000000000002e-13,6.1401e-09,3565062388.5918403
2.7,0,6.1498e-09,1.2000000000000001e-12,-6.1797e-09,1.2000000000000001e-12,6.1498e-09,2406738868.8327503
2.8000000000000003,0,6.2232e-09,-4.815e-11,-6.2505e-09,4.815e-11,6.2232e-09,1503759398.4962356
2.9,0,6.2828e-09,-1.6100000000000002e-12,-6.3122e-09,1.6100000000000002e-12,6.2828e-09,1494768310.911801
3.0,0,6.357e-09,-1.13e-12,-6.3126e-09,1.13e-12,6.357e-09,1966568338.2497523
3.1,0,6.3845e-09,4.476e-11,-6.3622e-09,4.476e-11,6.3845e-09,6451612903.225899
3.2,0,6.388e-09,1.45e-12,-6.3528e-09,1.45e-12,6.388e-09,14814814814.815275
3.3000000000000003,0,6.398e-09,2.16e-12,-6.4301e-09,2.16e-12,6.398e-09,2739726027.3972545
3.4,0,6.461e-09,-4.1e-11,-6.4867e-09,4.1e-11,6.461e-09,1811594202.8985355
3.5,0,6.5084e-09,-1.1560000000000002e-11,-6.5374e-09,1.1560000000000002e-11,6.5084e-09,1514004542.0136228
3.6,0,6.5931e-09,-2.39e-12,-6.5656e-09,2.39e-12,6.5931e-09,2333722287.04786
3.7,0,6.5941e-09,3.675e-11,-6.5848e-09,3.675e-11,6.5941e-09,10695187165.77568
3.8,0,6.6118e-09,1.4630000000000002e-11,-6.5781e-09,1.4630000000000002e-11,6.6118e-09,-44444444444.44301
3.9,0,6.5896e-09,1.5e-12,-6.6045e-09,1.5e-12,6.5896e-09,4219409282.7003736
4.0,0,6.6592e-09,-3.164e-11,-6.6863e-09,3.164e-11,6.6592e-09,2244668911.335564
4.1,0,6.6787e-09,-2.588e-11,-6.7119e-09,2.588e-11,6.6787e-09,2222222222.2222366
4.2,0,6.7492e-09,-1.8900000000000002e-12,-6.7029e-09,1.8900000000000002e-12,6.7492e-09,3316749585.406311
4.3,0,6.739e-09,2.2880000000000003e-11,-6.7291e-09,2.2880000000000003e-11,6.739e-09,-27027027027.027824
4.4,0,6.7418e-09,3.315e-11,-6.7263e-09,3.315e-11,6.7418e-09,15625000000.000269
4.5,0,6.7518e-09,1.7000000000000002e-12,-6.7688e-09,1.7000000000000002e-12,6.7518e-09,3861003861.0038514
4.6000000000000005,0,6.7936e-09,-1.8840000000000003e-11,-6.8153e-09,1.8840000000000003e-11,6.7936e-09,1949317738.791424
4.7,0,6.8544e-09,-3.835e-11,-6.8946e-09,3.835e-11,6.8544e-09,1736111111.1111083
4.8,0,6.9088e-09,-8.7e-13,-6.9019e-09,8.7e-13,6.9088e-09,2587322121.6041374
4.9,0,6.9317e-09,1.171e-11,-6.8589999999999996e-09,1.171e-11,6.9317e-09,-57142857142.85992
5.0,0,6.9053e-09,4.005e-11,-6.8878e-09,4.005e-11,6.9053e-09,-3787878787.8788
0.0,1,9.837e-11,6.900000000000001e-13,-8.083e-11,6.900000000000001e-13,9.837e-11,513606.3832644853
0.1,1,1.948e-07,-1.6200000000000004e-12,-1.9478e-07,1.6200000000000004e-12,1.948e-07,554106.2137941804
0.2,1,3.6104e-07,1.5e-12,-3.6106e-07,1.5e-12,3.6104e-07,652826.7397832614
0.3,1,5.0116e-07,-1.4200000000000002e-12,-5.0116e-07,1.4200000000000002e-12,5.0116e-07,779544.745868413
0.4,1,6.176e-07,2.1170000000000003e-11,-6.171e-07,2.1170000000000003e-11,6.176e-07,950751.0933637575
0.5,1,7.1152e-07,-3.616e-11,-7.1128e-07,3.616e-11,7.1152e-07,1185114.956150747
0.6,1,7.8636e-07,6.26e-12,-7.8598e-07,6.26e-12,7.8636e-07,1519987.8400972795
0.7,1,8.431e-07,1.8200000000000003e-12,-8.43e-07,1.8200000000000003e-12,8.431e-07,2043318.348998774
0.8,1,8.8424e-07,-1.5800000000000001e-12,-8.827999999999999e-07,1.5800000000000001e-12,8.8424e-07,2962085.308056876
0.9,1,9.1062e-07,4.938e-11,-9.1006e-07,4.938e-11,9.1062e-07,4668534.080298788
1.0,1,9.2708e-07,-4.177e-11,-9.2708e-07,4.177e-11,9.2708e-07,7535795.026375279
1.1,1,9.3716e-07,8.55e-12,-9.3772e-07,8.55e-12,9.3716e-07,11806375.442739043
1.2,1,9.4402e-07,1.07e-12,-9.447e-07,1.07e-12,9.4402e-07,15748031.496062988
1.3,1,9.4986e-07,-3.000000000000001e-13,-9.515e-07,3.000000000000001e-13,9.4986e-07,15600624.024961105
1.4,1,9.5684e-07,4.515e-11,-9.5566e-07,4.515e-11,9.5684e-07,23640661.93853439
1.5,1,9.5832e-07,-4.6200000000000006e-11,-9.5948e-07,4.6200000000000006e-11,9.5832e-07,32786885.245901447
1.6,1,9.6294e-07,-1.7700000000000001e-12,-9.6276e-07,1.7700000000000001e-12,9.6294e-07,26737967.914438456
1.7,1,9.658e-07,1.59e-12,-9.6538e-07,1.59e-12,9.658e-07,33783783.783784136
1.8,1,9.6886e-07,-6.900000000000001e-12,-9.69e-07,6.900000000000001e-12,9.6886e-07,27472527.47252751
1.9,1,9.7308e-07,1.928e-11,-9.7158e-07,1.928e-11,9.7308e-07,34129692.83276465
2.0,1,9.7472e-07,-4.9080000000000007e-11,-9.7398e-07,4.9080000000000007e-11,9.7472e-07,56497175.14124139
2.1,1,9.7662e-07,1.052e-11,-9.7632e-07,1.052e-11,9.7662e-07,48780487.80487695
2.2,1,9.7882e-07,1.17e-12,-9.7772e-07,1.17e-12,9.7882e-07,53191489.36170177
2.3000000000000003,1,9.8038e-07,-1.36e-12,-9.8142e-07,1.36e-12,9.8038e-07,49504950.49505039
2.4,1,9.8286e-07,1.2900000000000002e-12,-9.8364e-07,1.2900000000000002e-12,9.8286e-07,40485829.9595142
2.5,1,9.8532e-07,-2.539e-11,-9.8606e-07,2.539e-11,9.8532e-07,45454545.45454426
2.6,1,9.8726e-07,3.066e-11,-9.8694e-07,3.066e-11,9.8726e-07,56497175.14124482
2.7,1,9.8886e-07,-1.7700000000000001e-12,-9.8878e-07,1.7700000000000001e-12,9.8886e-07,64102564.10256544
2.8000000000000003,1,9.9038e-07,-2.0700000000000007e-12,-9.9076e-07,2.0700000000000007e-12,9.9038e-07,47846889.952153325
2.9,1,9.9304e-07,7e-13,-9.9264e-07,7e-13,9.9304e-07,46728971.96261695
3.0,1,9.9466e-07,-2.575e-11,-9.954e-07,2.575e-11,9.9466e-07,50761421.31979537
3.1,1,9.9698e-07,5.048e-11,-9.9696e-07,5.048e-11,9.9698e-07,50505050.50505
3.2,1,9.9862e-07,-8.03e-12,-9.9692e-07,8.03e-12,9.9862e-07,67567567.56756835
3.3000000000000003,1,9.9994e-07,-1.6100000000000002e-12,-1.00024e-06,1.6100000000000002e-12,9.9994e-07,68027210.88435246
3.4,1,1.00156e-06,2.49e-12,-1.00144e-06,2.49e-12,1.00156e-06,58479532.16374329
3.5,1,1.00336e-06,-4.8e-11,-1.00242e-06,4.8e-11,1.00336e-06,62499999.999999486
3.6,1,1.00476e-06,3.0610000000000005e-11,-1.00412e-06,3.0610000000000005e-11,1.00476e-06,53191489.36170177
3.7,1,1.00712e-06,2.13e-12,-1.00464e-06,2.13e-12,1.00712e-06,68965517.24137923
3.8,1,1.00766e-06,-9.000000000000001e-13,-1.0069e-06,9.000000000000001e-13,1.00766e-06,116279069.7674387
3.9,1,1.00884e-06,2.16e-11,-1.0088e-06,2.16e-11,1.00884e-06,104166666.6666748
4.0,1,1.00958e-06,-3.488e-11,-1.00974e-06,3.488e-11,1.00958e-06,238095238.09526792
4.1,1,1.00968e-06,7.01e-12,-1.01134e-06,7.01e-12,1.00968e-06,50761421.31979537
4.2,1,1.01352e-06,2.1700000000000002e-12,-1.0125e-06,2.1700000000000002e-12,1.01352e-06,54945054.94505342
4.3,1,1.01332e-06,-6.700000000000002e-13,-1.01358e-06,6.700000000000002e-13,1.01332e-06,88495575.22124232
4.4,1,1.01578e-06,1.5e-12,-1.01564e-06,1.5e-12,1.01578e-06,60975609.756099336
4.5,1,1.0166e-06,-3.143e-11,-1.01702e-06,3.143e-11,1.0166e-06,75757575.75757499
4.6000000000000005,1,1.01842e-06,3.288e-11,-1.01858e-06,3.288e-11,1.01842e-06,70422535.21126658
4.7,1,1.01944e-06,1.59e-12,-1.01966e-06,1.59e-12,1.01944e-06,62499999.99999922
4.8,1,1.02162e-06,-1.09e-12,-1.0217e-06,1.09e-12,1.02162e-06,75757575.75757499
4.9,1,1.02208e-06,1.04e-12,-1.02228e-06,1.04e-12,1.02208e-06,149253731.34329137
5.0,1,1.02296e-06,-1.863e-11,-1.02268e-06,1.863e-11,1.02296e-06,113636363.63637112
0.0,2,1.4836000000000002e-10,6.81e-12,-1.2504000000000001e-10,6.81e-12,1.4836000000000002e-10,186305.90490603808
0.1,2,5.369e-07,1.2400000000000002e-12,-5.3668e-07,1.2400000000000002e-12,5.369e-07,192932.5637793576
0.2,2,1.03678e-06,-3.2460000000000003e-11,-1.03686e-06,3.2460000000000003e-11,1.03678e-06,207900.2079002078
0.3,2,1.4989000000000002e-06,1.0000000000000002e-14,-1.4987000000000002e-06,1.0000000000000002e-14,1.4989000000000002e-06,224789.82151688173
0.4,2,1.9265e-06,1.5010000000000002e-11,-1.9275e-06,1.5010000000000002e-11,1.9265e-06,242895.31212047607
0.5,2,2.3223e-06,1.95e-12,-2.3223e-06,1.95e-12,2.3223e-06,263678.3124588002
0.6,2,2.685e-06,-4.486e-11,-2.6854e-06,4.486e-11,2.685e-06,287356.3218390805
0.7,2,3.0183000000000004e-06,2.508e-11,-3.0186e-06,2.508e-11,3.0183000000000004e-06,313971.7425431712
0.8,2,3.322e-06,4.9e-13,-3.323e-06,4.9e-13,3.322e-06,343938.0911435942
0.9,2,3.5998e-06,-2.609e-11,-3.6009000000000005e-06,2.609e-11,3.5998e-06,379218.8092529384
1.0,2,3.849400000000001e-06,2.892e-11,-3.8496e-06,2.892e-11,3.849400000000001e-06,421674.0459624709
1.1,2,4.0741000000000005e-06,2.5000000000000007e-12,-4.0733000000000005e-06,2.5000000000000007e-12,4.0741000000000005e-06,473036.89687795687
1.2,2,4.2722e-06,-1.8130000000000003e-11,-4.2737e-06,1.8130000000000003e-11,4.2722e-06,534616.4127238712
1.3,2,4.4482e-06,4.425e-11,-4.4472e-06,4.425e-11,4.4482e-06,611433.8122898205
1.4,2,4.5993e-06,4.1e-13,-4.599500000000001e-06,4.1e-13,4.5993e-06,716075.9040458265
1.5,2,4.727500000000001e-06,-1.07e-12,-4.7269e-06,1.07e-12,4.727500000000001e-06,853242.32081911
1.6,2,4.833700000000001e-06,4.006e-11,-4.834800000000001e-06,4.006e-11,4.833700000000001e-06,1030396.7027305536
1.7,2,4.9216e-06,-2.9100000000000003e-12,-4.9227e-06,2.9100000000000003e-12,4.9216e-06,1264222.503160559
1.8,2,4.9919e-06,-1.59e-12,-4.9935000000000006e-06,1.59e-12,4.9919e-06,1607717.0418006445
1.9,2,5.0460000000000005e-06,4.9990000000000007e-11,-5.047700000000001e-06,4.9990000000000007e-11,5.0460000000000005e-06,2053388.0903490728
2.0,2,5.0893000000000006e-06,-2.746e-11,-5.089700000000001e-06,2.746e-11,5.0893000000000006e-06,2617801.047120425
2.1,2,5.1224e-06,-1.91e-12,-5.121900000000001e-06,1.91e-12,5.1224e-06,3311258.2781456816
2.2,2,5.149700000000001e-06,2.18e-12,-5.149700000000001e-06,2.18e-12,5.149700000000001e-06,4008016.03206412
2.3000000000000003,2,5.1723e-06,-4.9580000000000005e-11,-5.1722e-06,4.9580000000000005e-11,5.1723e-06,4926108.37438422
2.4,2,5.190300000000001e-06,2.4e-11,-5.191300000000001e-06,2.4e-11,5.190300000000001e-06,5405405.4054054255
2.5,2,5.2093e-06,2.04e-12,-5.2089e-06,2.04e-12,5.2093e-06,6024096.385542182
2.6,2,5.223500000000001e-06,-1.6940000000000002e-11,-5.223900000000001e-06,1.6940000000000002e-11,5.223500000000001e-06,7092198.5815602895
2.7,2,5.2375e-06,4.509e-11,-5.2391e-06,4.509e-11,5.2375e-06,7067137.809187442
2.8000000000000003,2,5.2518e-06,1.03e-12,-5.2514e-06,1.03e-12,5.2518e-06,7936507.936507863
2.9,2,5.2627000000000005e-06,-1.4400000000000001e-12,-5.264000000000001e-06,1.4400000000000001e-12,5.2627000000000005e-06,8695652.173912857
3.0,2,5.274800000000001e-06,3.222e-11,-5.275e-06,3.222e-11,5.274800000000001e-06,8771929.824561404
3.1,2,5.2855000000000005e-06,-3.761e-11,-5.2878e-06,3.761e-11,5.2855000000000005e-06,9661835.748792445
3.2,2,5.2955e-06,-1.4200000000000002e-12,-5.296400000000001e-06,1.4200000000000002e-12,5.2955e-06,9523809.523809394
3.3000000000000003,2,5.306500000000001e-06,1.69e-12,-5.3059e-06,1.69e-12,5.306500000000001e-06,9478672.985781742
3.4,2,5.316600000000001e-06,-4.582e-11,-5.317000000000001e-06,4.582e-11,5.316600000000001e-06,10362694.300518138
3.5,2,5.325800000000001e-06,8.300000000000001e-13,-5.327300000000001e-06,8.300000000000001e-13,5.325800000000001e-06,10309278.350515824
3.6,2,5.336e-06,1.8000000000000002e-12,-5.335400000000001e-06,1.8000000000000002e-12,5.336e-06,10752688.172042947
3.7,2,5.344400000000001e-06,-4.778e-11,-5.344700000000001e-06,4.778e-11,5.344400000000001e-06,11299435.028248154
3.8,2,5.353700000000001e-06,1.8100000000000002e-12,-5.3543000000000006e-06,1.8100000000000002e-12,5.353700000000001e-06,11627906.97674444
3.9,2,5.3616000000000005e-06,4.800000000000001e-13,-5.362900000000001e-06,4.800000000000001e-13,5.3616000000000005e-06,12738853.503184944
4.0,2,5.369400000000001e-06,-5.0090000000000005e-11,-5.3696e-06,5.0090000000000005e-11,5.369400000000001e-06,11560693.641618604
4.1,2,5.3789e-06,-1.6200000000000004e-12,-5.379500000000001e-06,1.6200000000000004e-12,5.3789e-06,12345679.012345731
4.2,2,5.385600000000001e-06,9.600000000000002e-13,-5.3855e-06,9.600000000000002e-13,5.385600000000001e-06,13698630.136985682
4.3,2,5.393500000000001e-06,-4.941000000000001e-11,-5.394200000000001e-06,4.941000000000001e-11,5.393500000000001e-06,11428571.428571273
4.4,2,5.403100000000001e-06,-6.400000000000001e-13,-5.4025e-06,6.400000000000001e-13,5.403100000000001e-06,12195121.951219866
4.5,2,5.4099000000000005e-06,1.26e-12,-5.408500000000001e-06,1.26e-12,5.4099000000000005e-06,14084507.042253736
4.6000000000000005,2,5.417300000000001e-06,-3.208e-11,-5.4165000000000006e-06,3.208e-11,5.417300000000001e-06,14285714.28571409
4.7,2,5.423900000000001e-06,3.794e-11,-5.426e-06,3.794e-11,5.423900000000001e-06,13157894.736841803
4.8,2,5.432500000000001e-06,6.8e-13,-5.433500000000001e-06,6.8e-13,5.432500000000001e-06,12500000.000000397
4.9,2,5.4399e-06,-8.800000000000002e-13,-5.440100000000001e-06,8.800000000000002e-13,5.4399e-06,15625000.000000907
5.0,2,5.4453e-06,4.985e-11,-5.446300000000001e-06,4.985e-11,5.4453e-06,18518518.518518515
0.0,3,3.3118000000000004e-10,5.79e-12,-2.9742000000000004e-10,5.79e-12,3.3118000000000004e-10,104711.07481499492
0.1,3,9.5534e-07,-3.774e-11,-9.5522e-07,3.774e-11,9.5534e-07,107171.44014869994
0.2,3,1.8665000000000005e-06,-1.5600000000000002e-12,-1.8672e-06,1.5600000000000002e-12,1.8665000000000005e-06,112469.49265011864
0.3,3,2.7336000000000004e-06,5.65e-12,-2.7338000000000004e-06,5.65e-12,2.7336000000000004e-06,118196.32409432063
0.4,3,3.5586000000000005e-06,2.5500000000000002e-12,-3.5591000000000004e-06,2.5500000000000002e-12,3.5586000000000005e-06,124347.17731907488
0.5,3,4.342e-06,-1.312e-11,-4.3429e-06,1.312e-11,4.342e-06,131113.15064901006
0.6,3,5.084000000000001e-06,3.485e-11,-5.0845e-06,3.485e-11,5.084000000000001e-06,138350.85777531823
0.7,3,5.7876e-06,1.8000000000000002e-12,-5.788700000000001e-06,1.8000000000000002e-12,5.7876e-06,146060.03067260652
0.8,3,6.4533000000000005e-06,-1.246e-11,-6.4529000000000005e-06,1.246e-11,6.4533000000000005e-06,154750.85112968113
0.9,3,7.080000000000001e-06,4.579e-11,-7.081100000000001e-06,4.579e-11,7.080000000000001e-06,164068.90894175542
1.0,3,7.672300000000001e-06,-4.600000000000002e-13,-7.673000000000001e-06,4.600000000000002e-13,7.672300000000001e-06,173988.6907351022
1.1,3,8.229500000000001e-06,-1.4900000000000001e-12,-8.230100000000001e-06,1.4900000000000001e-12,8.229500000000001e-06,185305.2904660428
1.2,3,8.751600000000001e-06,4.932e-11,-8.750800000000001e-06,4.932e-11,8.751600000000001e-06,198019.80198019824
1.3,3,9.2395e-06,-3.15e-12,-9.2403e-06,3.15e-12,9.2395e-06,211126.35912593704
1.4,3,9.6989e-06,-1.5e-12,-9.6979e-06,1.5e-12,9.6989e-06,226065.33288120257
1.5,3,1.01242e-05,2.518e-11,-1.01234e-05,2.518e-11,1.01242e-05,243842.96513045608
1.6,3,1.05191e-05,-5.670000000000001e-12,-1.05194e-05,5.670000000000001e-12,1.05191e-05,262054.5073375257
1.7,3,1.0887400000000002e-05,-1.6800000000000001e-12,-1.0887e-05,1.6800000000000001e-12,1.0887400000000002e-05,283808.71292748675
1.8,3,1.12238e-05,1.7690000000000002e-11,-1.12247e-05,1.7690000000000002e-11,1.12238e-05,310269.93484331446
1.9,3,1.1532e-05,1.7000000000000002e-12,-1.1530200000000002e-05,1.7000000000000002e-12,1.1532e-05,340020.401224074
2.0,3,1.1812e-05,9.9e-13,-1.1814e-05,9.9e-13,1.1812e-05,374531.83520599216
2.1,3,1.2066e-05,-1.1900000000000002e-12,-1.2068e-05,1.1900000000000002e-12,1.2066e-05,413223.14049586747
2.2,3,1.2296e-05,1.37e-12,-1.2298e-05,1.37e-12,1.2296e-05,458715.5963302768
2.3000000000000003,3,1.2502e-05,-8.670000000000001e-12,-1.25e-05,8.670000000000001e-12,1.2502e-05,518134.71502590686
2.4,3,1.2682e-05,4.016e-11,-1.2684e-05,4.016e-11,1.2682e-05,588235.2941176461
2.5,3,1.2842e-05,-4.746e-11,-1.284e-05,4.746e-11,1.2842e-05,671140.9395973133
2.6,3,1.298e-05,3.0460000000000004e-11,-1.2978e-05,3.0460000000000004e-11,1.298e-05,781249.9999999987
2.7,3,1.3098e-05,-5.08e-12,-1.3098e-05,5.08e-12,1.3098e-05,917431.1926605571
2.8000000000000003,3,1.3198e-05,-1.8100000000000002e-12,-1.3198e-05,1.8100000000000002e-12,1.3198e-05,1075268.8172043022
2.9,3,1.3284e-05,1.3300000000000002e-12,-1.3282e-05,1.3300000000000002e-12,1.3284e-05,1219512.195121946
3.0,3,1.3362e-05,-7.800000000000002e-13,-1.3362e-05,7.800000000000002e-13,1.3362e-05,1470588.2352941183
3.1,3,1.342e-05,1.2e-11,-1.342e-05,1.2e-11,1.342e-05,1754385.964912268
3.2,3,1.3476e-05,-4.697000000000001e-11,-1.3476e-05,4.697000000000001e-11,1.3476e-05,1960784.3137254915
3.3000000000000003,3,1.3522e-05,4.6630000000000005e-11,-1.3522e-05,4.6630000000000005e-11,1.3522e-05,2222222.2222222406
3.4,3,1.3566e-05,-2.314e-11,-1.3568e-05,2.314e-11,1.3566e-05,2499999.999999968
3.5,3,1.3602e-05,1.08e-12,-1.3606e-05,1.08e-12,1.3602e-05,2777777.777777768
3.6,3,1.3638e-05,1.5400000000000001e-12,-1.3642e-05,1.5400000000000001e-12,1.3638e-05,2702702.702702719
3.7,3,1.3676e-05,-1.3500000000000001e-12,-1.3678e-05,1.3500000000000001e-12,1.3676e-05,2857142.857142887
3.8,3,1.3708e-05,3.789e-11,-1.3702e-05,3.789e-11,1.3708e-05,3333333.333333361
3.9,3,1.3736e-05,-4.946e-11,-1.3734e-05,4.946e-11,1.3736e-05,3703703.7037037113
4.0,3,1.3762e-05,3.355e-11,-1.3762e-05,3.355e-11,1.3762e-05,3846153.8461538022
4.1,3,1.3788e-05,-6.7e-12,-1.3788e-05,6.7e-12,1.3788e-05,3846153.846153811
4.2,3,1.3814e-05,-9.600000000000002e-13,-1.3816e-05,9.600000000000002e-13,1.3814e-05,4166666.666666652
4.3,3,1.3836e-05,8.7e-13,-1.3834e-05,8.7e-13,1.3836e-05,4347826.08695644
4.4,3,1.386e-05,-9.26e-12,-1.3862e-05,9.26e-12,1.386e-05,4347826.086956599
4.5,3,1.3882e-05,4.629e-11,-1.3882e-05,4.629e-11,1.3882e-05,4761904.761904889
4.6000000000000005,3,1.3902e-05,-4.6350000000000007e-11,-1.3904e-05,4.6350000000000007e-11,1.3902e-05,4166666.666666652
4.7,3,1.393e-05,1.22e-12,-1.3928e-05,1.22e-12,1.393e-05,4347826.08695642
4.8,3,1.3948e-05,2.21e-12,-1.3948e-05,2.21e-12,1.3948e-05,5000000.000000052
4.9,3,1.397e-05,-2.39e-12,-1.3974e-05,2.39e-12,1.397e-05,5000000.000000052
5.0,3,1.3988e-05,1.91e-11,-1.399e-05,1.91e-11,1.3988e-05,5555555.55555538
0.0,4,4.0157e-10,-1.7700000000000001e-12,-3.0101000000000003e-10,1.7700000000000001e-12,4.0157e-10,69531.43454620514
0.1,4,1.4386e-06,8.03e-12,-1.4392e-06,8.03e-12,1.4386e-06,70701.39670573841
0.2,4,2.8292000000000004e-06,3.3260000000000003e-11,-2.8295e-06,3.3260000000000003e-11,2.8292000000000004e-06,73294.97562942057
0.3,4,4.167300000000001e-06,1.9400000000000002e-12,-4.1683e-06,1.9400000000000002e-12,4.167300000000001e-06,76060.08746910057
0.4,4,5.458700000000001e-06,-1.9200000000000003e-12,-5.459500000000001e-06,1.9200000000000003e-12,5.458700000000001e-06,78876.79444707368
0.5,4,6.702900000000001e-06,4.826e-11,-6.7024e-06,4.826e-11,6.702900000000001e-06,82007.54469411186
0.6,4,7.8975e-06,-1.8310000000000003e-11,-7.898100000000002e-06,1.8310000000000003e-11,7.8975e-06,85313.31314251592
0.7,4,9.0472e-06,-2.3500000000000007e-12,-9.0477e-06,2.3500000000000007e-12,9.0472e-06,88746.89385871492
0.8,4,1.0151100000000002e-05,1.7600000000000002e-12,-1.0150300000000002e-05,1.7600000000000002e-12,1.0151100000000002e-05,92348.89412199284
0.9,4,1.12129e-05,-5.054e-11,-1.12129e-05,5.054e-11,1.12129e-05,96483.18780452512
1.0,4,1.2224e-05,-1.6670000000000002e-11,-1.2224e-05,1.6670000000000002e-11,1.2224e-05,100649.18725781293
1.1,4,1.32e-05,-1.6100000000000002e-12,-1.3202e-05,1.6100000000000002e-12,1.32e-05,105042.01680672262
1.2,4,1.4128e-05,2.0700000000000007e-12,-1.4132e-05,2.0700000000000007e-12,1.4128e-05,109769.48408342476
1.3,4,1.5022e-05,-9.9e-13,-1.5026e-05,9.9e-13,1.5022e-05,114416.4759725401
1.4,4,1.5876000000000002e-05,4.6270000000000005e-11,-1.5878e-05,4.6270000000000005e-11,1.5876000000000002e-05,119760.47904191609
1.5,4,1.6692000000000002e-05,-4.8130000000000006e-11,-1.6694e-05,4.8130000000000006e-11,1.6692000000000002e-05,125628.14070351774
1.6,4,1.7468e-05,1.437e-11,-1.747e-05,1.437e-11,1.7468e-05,132275.13227513238
1.7,4,1.8204e-05,1.08e-12,-1.8206e-05,1.08e-12,1.8204e-05,139082.0584144643
1.8,4,1.8906e-05,-1.98e-12,-1.8906e-05,1.98e-12,1.8906e-05,146198.83040935674
1.9,4,1.9572e-05,7e-13,-1.9574e-05,7e-13,1.9572e-05,154083.2049306625
2.0,4,2.0204e-05,-2.39e-12,-2.0206e-05,2.39e-12,2.0204e-05,162866.44951140074
2.1,4,2.08e-05,4.1390000000000005e-11,-2.08e-05,4.1390000000000005e-11,2.08e-05,171821.30584192488
2.2,4,2.1368e-05,-4.619e-11,-2.137e-05,4.619e-11,2.1368e-05,182149.36247723168
2.3000000000000003,4,2.1898e-05,2.662e-11,-2.19e-05,2.662e-11,2.1898e-05,193423.59767891647
2.4,4,2.2402e-05,2.0700000000000007e-12,-2.2402e-05,2.0700000000000007e-12,2.2402e-05,206185.56701030847
2.5,4,2.2868e-05,-6.700000000000002e-13,-2.2866e-05,6.700000000000002e-13,2.2868e-05,220750.5518763796
2.6,4,2.3308e-05,3.5e-13,-2.3308e-05,3.5e-13,2.3308e-05,235849.056603774
2.7,4,2.3716e-05,-3.073e-11,-2.3718e-05,3.073e-11,2.3716e-05,253164.5569620253
2.8000000000000003,4,2.4098e-05,3.339e-11,-2.4102e-05,3.339e-11,2.4098e-05,273972.6027397264
2.9,4,2.4446e-05,-5.95e-12,-2.445e-05,5.95e-12,2.4446e-05,295857.98816568084
3.0,4,2.4774e-05,-1.51e-12,-2.4772e-05,1.51e-12,2.4774e-05,319488.8178913739
3.1,4,2.5072e-05,1.12e-12,-2.5074e-05,1.12e-12,2.5072e-05,353356.89045936364
3.2,4,2.534e-05,-9.5e-13,-2.534e-05,9.5e-13,2.534e-05,387596.89922480664
3.3000000000000003,4,2.5588e-05,2.466e-11,-2.559e-05,2.466e-11,2.5588e-05,423728.81355932314
3.4,4,2.5812e-05,-3.1700000000000004e-11,-2.5812e-05,3.1700000000000004e-11,2.5812e-05,467289.7196261676
3.5,4,2.6016e-05,4.6860000000000007e-11,-2.6012e-05,4.6860000000000007e-11,2.6016e-05,526315.789473685
3.6,4,2.6192e-05,-2.9590000000000005e-11,-2.6192e-05,2.9590000000000005e-11,2.6192e-05,595238.095238093
3.7,4,2.6352e-05,3.02e-12,-2.6354e-05,3.02e-12,2.6352e-05,653594.7712418304
3.8,4,2.6498e-05,1.98e-12,-2.6502e-05,1.98e-12,2.6498e-05,729927.007299266
3.9,4,2.6626e-05,-2.1500000000000003e-12,-2.6628e-05,2.1500000000000003e-12,2.6626e-05,813008.1300812976
4.0,4,2.6744e-05,1.3000000000000001e-12,-2.6742e-05,1.3000000000000001e-12,2.6744e-05,900900.9009009042
4.1,4,2.6848e-05,-1.6890000000000003e-11,-2.685e-05,1.6890000000000003e-11,2.6848e-05,990099.0099009789
4.2,4,2.6946000000000003e-05,4.819e-11,-2.6944e-05,4.819e-11,2.6946000000000003e-05,1063829.7872340498
4.3,4,2.7036e-05,-4.538e-11,-2.703e-05,4.538e-11,2.7036e-05,1204819.2771084488
4.4,4,2.7112e-05,-4.600000000000002e-13,-2.711e-05,4.600000000000002e-13,2.7112e-05,1388888.888888884
4.5,4,2.718e-05,1.9200000000000003e-12,-2.718e-05,1.9200000000000003e-12,2.718e-05,1428571.4285714088
4.6000000000000005,4,2.7252000000000003e-05,-1.3500000000000001e-12,-2.7248e-05,1.3500000000000001e-12,2.7252000000000003e-05,1515151.5151515
4.7,4,2.7312e-05,9.41e-12,-2.7312e-05,9.41e-12,2.7312e-05,1666666.6666666768
4.8,4,2.7372e-05,-4.9480000000000006e-11,-2.738e-05,4.9480000000000006e-11,2.7372e-05,1639344.2622950857
4.9,4,2.7434e-05,2.582e-11,-2.7428e-05,2.582e-11,2.7434e-05,1694915.2542373205
5.0,4,2.749e-05,-1.4900000000000001e-12,-2.7486e-05,1.4900000000000001e-12,2.749e-05,1785714.2857143614
0.0,5,8.884e-10,4.695e-11,-4.17e-10,4.695e-11,8.884e-10,50499.65367337511
0.1,5,1.9811000000000004e-06,-1.106e-11,-1.9809000000000004e-06,1.106e-11,1.9811000000000004e-06,51180.84968194684
0.2,5,3.9086e-06,-3.515e-11,-3.908800000000001e-06,3.515e-11,3.9086e-06,52678.7125322657
0.3,5,5.777700000000001e-06,-1.8400000000000002e-12,-5.7784e-06,1.8400000000000002e-12,5.777700000000001e-06,54244.64334147003
0.4,5,7.5956e-06,1.7600000000000002e-12,-7.5956e-06,1.7600000000000002e-12,7.5956e-06,55809.80020091527
0.5,5,9.3613e-06,-4.899e-11,-9.361e-06,4.899e-11,9.3613e-06,57560.58251309501
0.6,5,1.10702e-05,1.965e-11,-1.10695e-05,1.965e-11,1.10702e-05,59370.08341496724
0.7,5,1.273e-05,5.300000000000002e-13,-1.273e-05,5.300000000000002e-13,1.273e-05,61240.73733847757
0.8,5,1.4336e-05,1.2000000000000001e-12,-1.4338e-05,1.2000000000000001e-12,1.4336e-05,63171.19393556534
0.9,5,1.5896e-05,-1.5200000000000002e-12,-1.5902e-05,1.5200000000000002e-12,1.5896e-05,65104.16666666668
1.0,5,1.7408e-05,4.99e-12,-1.7408e-05,4.99e-12,1.7408e-05,67249.49562878281
1.1,5,1.887e-05,-4.517e-11,-1.8876e-05,4.517e-11,1.887e-05,69492.703266157
1.2,5,2.0286e-05,4.681e-11,-2.0284e-05,4.681e-11,2.0286e-05,71787.5089734386
1.3,5,2.1656e-05,-2.3500000000000003e-11,-2.1656e-05,2.3500000000000003e-11,2.1656e-05,74239.04974016342
1.4,5,2.298e-05,2.1000000000000001e-13,-2.298e-05,2.1000000000000001e-13,2.298e-05,76745.970836531
1.5,5,2.4262000000000003e-05,1.3900000000000001e-12,-2.4264e-05,1.3900000000000001e-12,2.4262000000000003e-05,79365.07936507936
1.6,5,2.55e-05,-2.06e-12,-2.5494e-05,2.06e-12,2.55e-05,82372.32289950583
1.7,5,2.669e-05,5.012e-11,-2.669e-05,5.012e-11,2.669e-05,85689.80291345321
1.8,5,2.7834e-05,-3.876e-11,-2.784e-05,3.876e-11,2.7834e-05,88652.48226950361
1.9,5,2.8946e-05,7.73e-12,-2.8952e-05,7.73e-12,2.8946e-05,91491.30832570909
2.0,5,3.002e-05,1.1900000000000002e-12,-3.0022e-05,1.1900000000000002e-12,3.002e-05,95238.0952380952
2.1,5,3.1046e-05,-6.200000000000001e-13,-3.1046e-05,6.200000000000001e-13,3.1046e-05,99403.5785288271
2.2,5,3.2032e-05,1.116e-11,-3.204e-05,1.116e-11,3.2032e-05,103199.1744066048
2.3000000000000003,5,3.2984e-05,-4.282e-11,-3.2988e-05,4.282e-11,3.2984e-05,107181.1361200428
2.4,5,3.3898e-05,4.821e-11,-3.3900000000000004e-05,4.821e-11,3.3898e-05,112107.62331838538
2.5,5,3.4768e-05,-2.6030000000000003e-11,-3.4776e-05,2.6030000000000003e-11,3.4768e-05,116822.42990654217
2.6,5,3.561e-05,2.2200000000000002e-12,-3.561e-05,2.2200000000000002e-12,3.561e-05,121506.68286755802
2.7,5,3.6414e-05,1.14e-12,-3.6416e-05,1.14e-12,3.6414e-05,127713.9208173688
2.8000000000000003,5,3.717600000000001e-05,-1.7200000000000001e-12,-3.717600000000001e-05,1.7200000000000001e-12,3.717600000000001e-05,133333.33333333294
2.9,5,3.7914e-05,1.03e-12,-3.7912e-05,1.03e-12,3.7914e-05,139664.80446927398
3.0,5,3.8608e-05,-1.6340000000000002e-11,-3.8608e-05,1.6340000000000002e-11,3.8608e-05,147928.99408284074
3.1,5,3.9266e-05,4.4960000000000006e-11,-3.9268e-05,4.4960000000000006e-11,3.9266e-05,155038.75968992227
3.2,5,3.9898e-05,-1.325e-11,-3.9902e-05,1.325e-11,3.9898e-05,162074.55429497556
3.3000000000000003,5,4.05e-05,-1.1000000000000002e-12,-4.05e-05,1.1000000000000002e-12,4.05e-05,171232.87671232858
3.4,5,4.1066e-05,2.01e-12,-4.107e-05,2.01e-12,4.1066e-05,181818.18181818165
3.5,5,4.16e-05,-9.8e-13,-4.1602e-05,9.8e-13,4.16e-05,194552.52918288
3.6,5,4.2094e-05,3.186e-11,-4.2102e-05,3.186e-11,4.2094e-05,205761.31687242884
3.7,5,4.2572e-05,-3.965e-11,-4.2576e-05,3.965e-11,4.2572e-05,216919.739696312
3.8,5,4.3016e-05,2.174e-11,-4.3018e-05,2.174e-11,4.3016e-05,233100.2331002316
3.9,5,4.343e-05,1.2000000000000002e-13,-4.3434000000000005e-05,1.2000000000000002e-13,4.343e-05,248756.218905472
4.0,5,4.382e-05,-1.46e-12,-4.3816e-05,1.46e-12,4.382e-05,268096.5147453094
4.1,5,4.4176e-05,1.8100000000000002e-12,-4.4176e-05,1.8100000000000002e-12,4.4176e-05,291545.18950437347
4.2,5,4.4506e-05,-1.5800000000000001e-12,-4.4512e-05,1.5800000000000001e-12,4.4506e-05,306748.46625766903
4.3,5,4.4828e-05,2.362e-11,-4.483e-05,2.362e-11,4.4828e-05,328947.36842105386
4.4,5,4.5114e-05,-5.0490000000000005e-11,-4.5114e-05,5.0490000000000005e-11,4.5114e-05,362318.8405797077
4.5,5,4.538e-05,4.447e-11,-4.5386e-05,4.447e-11,4.538e-05,390625.0000000021
4.6000000000000005,5,4.5626e-05,-2.018e-11,-4.5624e-05,2.018e-11,4.5626e-05,423728.813559324
4.7,5,4.5852e-05,-6.6e-13,-4.5848e-05,6.6e-13,4.5852e-05,454545.45454545034
4.8,5,4.6066e-05,1.7500000000000002e-12,-4.6062e-05,1.7500000000000002e-12,4.6066e-05,497512.437810945
4.9,5,4.6254e-05,-1.113e-11,-4.6256e-05,1.113e-11,4.6254e-05,552486.187845303
5.0,5,4.6428e-05,4.9730000000000006e-11,-4.6432e-05,4.9730000000000006e-11,4.6428e-05,574712.6436781521
