device,VG,VD,ID,IG,IS,W,L,sqrt_ID,gm,absIg,Ca,Mob_Sat,SS,absId
bot1,-2.0,5,-2.6128e-12,3.3e-12,1.74e-12,40,5,1.61641578809414e-06,-1.7302000000000002e-11,3.3e-12,1.33e-07,4.842968227087573e-05,-2.667680207942312,2.6128e-12
bot1,-1.9,5,1.4322e-12,-7.16e-12,-3.8300000000000004e-12,40,5,1.1967455869983394e-06,3.250800000000001e-11,7.16e-12,1.33e-07,5.941871091860962e-06,0.8635472033694571,1.4322e-12
bot1,-1.8,5,3.8888e-12,-5.593000000000001e-11,-1.209e-11,40,5,1.972004056790959e-06,-3.156799999999997e-11,5.593000000000001e-11,1.33e-07,4.818828923673016e-05,2.662703637115313,3.8888e-12
bot1,-1.7,5,-4.8814e-12,1.127e-11,3.641e-11,40,5,2.2093890558251615e-06,-4.432000000000003e-12,1.127e-11,1.33e-07,2.6901136802755923e-06,-0.5617352833072965,4.8814e-12
bot1,-1.6,5,3.0024e-12,-2.9400000000000004e-12,-3.86e-12,40,5,1.7327434893832382e-06,1.8724000000000003e-11,2.9400000000000004e-12,1.33e-07,6.142278413097206e-05,-3.1646837255237434,3.0024e-12
bot1,-1.5,5,-1.1366e-12,2.6000000000000002e-12,2.26e-12,40,5,1.0661144403862092e-06,-3.340700000000001e-11,2.6000000000000002e-12,1.33e-07,1.6140337309708574e-06,0.4413061821305054,1.1366e-12
bot1,-1.4,5,-3.679e-12,5.016e-11,1.008e-11,40,5,1.918071948598384e-06,2.929800000000001e-11,5.016e-11,1.33e-07,5.760062120502188e-05,3.093051469339932,3.679e-12
bot1,-1.3,5,4.723e-12,-2.209e-11,-3.607e-11,40,5,2.173246419530008e-06,2.7185999999999974e-11,2.209e-11,1.33e-07,1.6474771064249215e-05,-1.6033075605636324,4.723e-12
bot1,-1.2,5,1.7582e-12,-2.23e-12,7.900000000000001e-13,40,5,1.325971342073425e-06,-3.536300000000001e-11,2.23e-12,1.33e-07,1.9272544225442992e-05,-1.5161200603097762,1.7582e-12
bot1,-1.1,5,-2.3496e-12,1.7960000000000002e-11,4.13e-12,40,5,1.5328405005087777e-06,-2.9741e-11,1.7960000000000002e-11,1.33e-07,2.442710102235508e-05,1.8857287362394808,2.3496e-12
bot1,-1.0,5,-4.19e-12,6.032e-11,1.5940000000000002e-11,40,5,2.046948949045872e-06,3.5806999999999984e-11,6.032e-11,1.33e-07,2.051591774025292e-05,1.5565681715035935,4.19e-12
bot1,-0.9,5,4.8118e-12,-2.5300000000000003e-12,-3.437e-11,40,5,2.1935815462389355e-06,1.1844000000000002e-11,2.5300000000000003e-12,1.33e-07,2.285758107294701e-05,-1.80928190665072,4.8118e-12
bot1,-0.8,5,-1.8212e-12,2.5000000000000007e-12,-5.6e-13,40,5,1.349518432626987e-06,-1.2847000000000005e-11,2.5000000000000007e-12,1.33e-07,2.2771565270095864e-05,-1.657972415316165,1.8212e-12
bot1,-0.7,5,2.2424e-12,-1.2160000000000002e-11,-4.68e-12,40,5,1.4974645237867907e-06,4.033499999999998e-11,1.2160000000000002e-11,1.33e-07,6.210880680676655e-05,2.676152158559554,2.2424e-12
bot1,-0.6,5,6.2458e-12,-5.7670000000000006e-11,-1.639e-11,40,5,2.499159858832564e-06,9.027399999999997e-11,5.7670000000000006e-11,1.33e-07,0.0004251278989112,4.783615231711121,6.2458e-12
bot1,-0.5,5,2.02972e-11,7.000000000000001e-12,1.192e-11,40,5,4.505241391978903e-06,1.1188710000000002e-09,7.000000000000001e-12,1.33e-07,0.0075403774708655,7.830887628826189,2.02972e-11
bot1,-0.4,5,2.3002e-10,5.1110000000000005e-11,-2.1675000000000003e-10,40,5,1.5166410254242763e-05,6.803014e-09,5.1110000000000005e-11,1.33e-07,0.0501110662195658,9.163630492595917,2.3002e-10
bot1,-0.3,5,1.3809e-09,1.23e-12,-1.3936e-09,40,5,3.71604628604112e-05,2.38744e-08,1.23e-12,1.33e-07,0.1451604779768133,6.6881490270146235,1.3809e-09
bot1,-0.2,5,5.0049e-09,-3.1100000000000007e-12,-4.9466e-09,40,5,7.074531786627296e-05,5.598949999999999e-08,3.1100000000000007e-12,1.33e-07,0.2642959600343902,4.797384911915206,5.0049e-09
bot1,-0.1,5,1.25788e-08,-1.69e-12,-1.2436799999999998e-08,40,5,0.0001121552495427,1.1050449999999997e-07,1.69e-12,1.33e-07,0.4142814521451395,3.668334125237851,1.25788e-08
bot1,0.0,5,2.71058e-08,1.2000000000000001e-12,-2.7057e-08,40,5,0.0001646383916345,2.1093100000000002e-07,1.2000000000000001e-12,1.33e-07,0.697877336831844,3.194319400043648,2.71058e-08
bot1,0.1,5,5.4765e-08,6.079e-11,-5.45384e-08,40,5,0.000234019229979,4.00042e-07,6.079e-11,1.33e-07,1.243105614209969,2.9839240948954027,5.4765e-08
bot1,0.2,5,1.0711420000000001e-07,6.0600000000000004e-12,-1.0681460000000001e-07,40,5,0.0003272830579177,7.103750000000002e-07,6.0600000000000004e-12,1.33e-07,2.065413308550028,2.7780513217831757,1.0711420000000001e-07
bot1,0.3,5,1.9684e-07,-1.9700000000000003e-12,-1.9624e-07,40,5,0.0004436665414475,1.117829e-06,1.9700000000000003e-12,1.33e-07,2.8847452706962367,2.447804402064291,1.9684e-07
bot1,0.4,5,3.3068e-07,6.221000000000001e-11,-3.307e-07,40,5,0.0005750478240981,1.6126e-06,6.221000000000001e-11,1.33e-07,3.605681322459016,2.1067757089204746,3.3068e-07
bot1,0.5,5,5.1936e-07,2.37e-12,-5.1804e-07,40,5,0.0007206663583101,2.2042000000000004e-06,2.37e-12,1.33e-07,4.323287467832712,1.8396962987081271,5.1936e-07
bot1,0.6,5,7.7152e-07,-2.335e-11,-7.717e-07,40,5,0.0008783621121154,2.926999999999999e-06,2.335e-11,1.33e-07,5.130182946993046,1.6389972161330353,7.7152e-07
bot1,0.7,5,1.10476e-06,1.407e-11,-1.1016e-06,40,5,0.0010510756395236,3.7339e-06,1.407e-11,1.33e-07,5.883290186584902,1.4700520166554516,1.10476e-06
bot1,0.8,5,1.5183e-06,5.351e-11,-1.5140000000000002e-06,40,5,0.0012321931666747,4.652200000000001e-06,5.351e-11,1.33e-07,6.626965221346516,1.3266957629778722,1.5183e-06
bot1,0.9,5,2.0352e-06,1.489e-11,-2.0362e-06,40,5,0.0014266043600101,5.742500000000003e-06,1.489e-11,1.33e-07,7.55043997072249,1.223164272125379,2.0352e-06
bot1,1.0,5,2.6668000000000005e-06,8.33e-12,-2.6685000000000004e-06,40,5,0.0016330339861742,6.8675e-06,8.33e-12,1.33e-07,8.276142586284223,1.1199084332260774,2.6668000000000005e-06
bot1,1.1,5,3.4087000000000005e-06,-4.31e-12,-3.4061000000000003e-06,40,5,0.0018462665029729,7.934500000000002e-06,4.31e-12,1.33e-07,8.665324831274537,1.013882053888824,3.4087000000000005e-06
bot1,1.2,5,4.2537000000000005e-06,-2.428e-11,-4.257e-06,40,5,0.0020624499993939,9.033500000000003e-06,2.428e-11,1.33e-07,8.992949269068943,0.9234942102473422,4.2537000000000005e-06
bot1,1.3,5,5.215400000000001e-06,-4.600000000000002e-13,-5.2129000000000005e-06,40,5,0.0022837250272307,1.0120499999999992e-05,4.600000000000002e-13,1.33e-07,9.22655101396273,0.84520309235851,5.215400000000001e-06
bot1,1.4,5,6.2778e-06,3.9610000000000006e-11,-6.2783000000000005e-06,40,5,0.0025055538309922,1.1115500000000002e-05,3.9610000000000006e-11,1.33e-07,9.248740493490537,0.770988723418933,6.2778e-06
bot1,1.5,5,7.438500000000002e-06,1.9900000000000002e-12,-7.438e-06,40,5,0.002727361362196,1.2130000000000008e-05,1.9900000000000002e-12,1.33e-07,9.29174323361016,0.709507136717007,7.438500000000002e-06
bot1,1.6,5,8.703800000000001e-06,-5.5040000000000005e-11,-8.7059e-06,40,5,0.0029502203307549,1.3149000000000006e-05,5.5040000000000005e-11,1.33e-07,9.334863924546449,0.657353900867519,8.703800000000001e-06
bot1,1.7,5,1.0068300000000002e-05,-2.52e-12,-1.00687e-05,40,5,0.0031730584614847,1.4071e-05,2.52e-12,1.33e-07,9.247124600416,0.608340855737466,1.0068300000000002e-05
bot1,1.8,5,1.1518e-05,6.079e-11,-1.15219e-05,40,5,0.0033938179090811,1.5028499999999982e-05,6.079e-11,1.33e-07,9.211413982402316,0.5672616655480262,1.1518e-05
bot1,1.9,5,1.3074e-05,1.8400000000000002e-12,-1.3072e-05,40,5,0.0036157986669614,1.603e-05,1.8400000000000002e-12,1.33e-07,9.237578955349939,0.5332436729037094,1.3074e-05
bot1,2.0,5,1.4724e-05,-6.121e-11,-1.4724e-05,40,5,0.0038371864692766,1.7020000000000003e-05,6.121e-11,1.33e-07,9.243541185994385,0.5024800894588655,1.4724e-05
bot1,2.1,5,1.6478e-05,-2.82e-12,-1.6472e-05,40,5,0.0040593102862432,1.8039999999999983e-05,2.82e-12,1.33e-07,9.2806934333482,0.4759201989905999,1.6478e-05
bot1,2.2,5,1.8332e-05,3.5780000000000005e-11,-1.8334e-05,40,5,0.0042815884902685,1.9099999999999987e-05,3.5780000000000005e-11,1.33e-07,9.348390158637205,0.452743748249755,1.8332e-05
bot1,2.3000000000000003,5,2.0298e-05,-5.53e-12,-2.0296e-05,40,5,0.0045053301765797,2.0160000000000037e-05,5.53e-12,1.33e-07,9.409302128278464,0.4316981750694332,2.0298e-05
bot1,2.4,5,2.2364e-05,-6.500000000000002e-13,-2.2364e-05,40,5,0.0047290591030351,2.1230000000000025e-05,6.500000000000002e-13,1.33e-07,9.4678229276882,0.4124604704863138,2.2364e-05
bot1,2.5,5,2.4544e-05,3.9940000000000006e-11,-2.4544e-05,40,5,0.0049541901457251,2.2349999999999977e-05,3.9940000000000006e-11,1.33e-07,9.562359073951296,0.3956796592627617,2.4544e-05
bot1,2.6,5,2.6834e-05,1.09e-12,-2.683e-05,40,5,0.0051801544378522,2.340999999999998e-05,1.09e-12,1.33e-07,9.597247982813732,0.379120188432633,2.6834e-05
bot1,2.7,5,2.9226e-05,-6.058e-11,-2.9224e-05,40,5,0.0054061076570856,2.4499999999999965e-05,6.058e-11,1.33e-07,9.64921799724732,0.3641970098172017,2.9226e-05
bot1,2.8000000000000003,5,3.1734e-05,-2.77e-12,-3.1732e-05,40,5,0.0056332938854634,2.5670000000000044e-05,2.77e-12,1.33e-07,9.755693431855914,0.3514188760189589,3.1734e-05
bot1,2.9,5,3.436e-05,3.817e-11,-3.4354000000000003e-05,40,5,0.0058617403559011,2.681000000000004e-05,3.817e-11,1.33e-07,9.829572707894478,0.3390113274255983,3.436e-05
bot1,3.0,5,3.7096e-05,-4.090000000000001e-12,-3.71e-05,40,5,0.0060906485697337,2.790999999999995e-05,4.090000000000001e-12,1.33e-07,9.867147488886502,0.3268832608805458,3.7096e-05
bot1,3.1,5,3.9942e-05,-6.700000000000002e-13,-3.9946e-05,40,5,0.0063199683543511,2.9099999999999986e-05,6.700000000000002e-13,1.33e-07,9.96012587929948,0.3164607686568518,3.9942e-05
bot1,3.2,5,4.2916e-05,3.9240000000000005e-11,-4.2914e-05,40,5,0.0065510304532951,3.0349999999999975e-05,3.9240000000000005e-11,1.33e-07,10.084448447396728,0.3072065189199688,4.2916e-05
bot1,3.3000000000000003,5,4.6012e-05,1.7200000000000001e-12,-4.6016e-05,40,5,0.006783214577175,3.158000000000003e-05,1.7200000000000001e-12,1.33e-07,10.183749052185252,0.2981412114213237,4.6012e-05
bot1,3.4,5,4.9232e-05,-6.180000000000001e-11,-4.9226e-05,40,5,0.00701655185971,3.274000000000007e-05,6.180000000000001e-11,1.33e-07,10.23156476900868,0.2889212271620826,4.9232e-05
bot1,3.5,5,5.2560000000000005e-05,-2.72e-12,-5.2562e-05,40,5,0.0072498275841567,3.391999999999998e-05,2.72e-12,1.33e-07,10.28508788733054,0.2803230725878733,5.2560000000000005e-05
bot1,3.6,5,5.6016e-05,3.2070000000000005e-11,-5.601e-05,40,5,0.007484383742166,3.5189999999999946e-05,3.2070000000000005e-11,1.33e-07,10.387111841405078,0.2728816465182502,5.6016e-05
bot1,3.7,5,5.9598e-05,-6.470000000000001e-12,-5.9592e-05,40,5,0.0077199740932207,3.639999999999996e-05,6.470000000000001e-12,1.33e-07,10.446764391548705,0.2653208608005461,5.9598e-05
bot1,3.8,5,6.3296e-05,-6.500000000000002e-13,-6.3296e-05,40,5,0.0079558783298891,3.761000000000008e-05,6.500000000000002e-13,1.33e-07,10.500495874416648,0.2581013098263488,6.3296e-05
bot1,3.9,5,6.712000000000001e-05,4.211e-11,-6.711400000000001e-05,40,5,0.0081926796593056,3.877000000000009e-05,4.211e-11,1.33e-07,10.524158204217647,0.2509390834121075,6.712000000000001e-05
bot1,4.0,5,7.105e-05,1.9900000000000002e-12,-7.104e-05,40,5,0.0084291162051546,3.993000000000006e-05,1.9900000000000002e-12,1.33e-07,10.544371924093612,0.2441134254652291,7.105e-05
bot1,4.1,5,7.510600000000002e-05,-6.161000000000001e-11,-7.5104e-05,40,5,0.0086663717898553,4.112999999999996e-05,6.161000000000001e-11,1.33e-07,10.584422506379706,0.2378882336472985,7.510600000000002e-05
bot1,4.2,5,7.9276e-05,-2.85e-12,-7.9266e-05,40,5,0.0089037070931157,4.212999999999991e-05,2.85e-12,1.33e-07,10.523027200513422,0.2308912344736134,7.9276e-05
bot1,4.3,5,8.3532e-05,3.616e-11,-8.3522e-05,40,5,0.0091395842356203,4.320999999999997e-05,3.616e-11,1.33e-07,10.50259414915884,0.2246803549989582,8.3532e-05
bot1,4.4,5,8.7918e-05,-4.140000000000001e-12,-8.7928e-05,40,5,0.0093764598863323,4.443999999999996e-05,4.140000000000001e-12,1.33e-07,10.555761554039789,0.2195654218713681,8.7918e-05
bot1,4.5,5,9.242e-05,-4.800000000000001e-13,-9.2422e-05,40,5,0.0096135321292436,4.547999999999994e-05,4.800000000000001e-13,1.33e-07,10.518410610970092,0.2137830571416008,9.242e-05
bot1,4.6000000000000005,5,9.7014e-05,3.643e-11,-9.7012e-05,40,5,0.0098495685184682,4.635999999999997e-05,3.643e-11,1.33e-07,10.412158668209829,0.2076041230260748,9.7014e-05
bot1,4.7,5,0.000101692,1.22e-12,-0.000101686,40,5,0.0100842451378375,4.721000000000015e-05,1.22e-12,1.33e-07,10.300539708039144,0.2016786622529161,0.000101692
bot1,4.8,5,0.000106456,-5.993000000000001e-11,-0.000106436,40,5,0.0103177516930773,4.804999999999994e-05,5.993000000000001e-11,1.33e-07,10.192928499744768,0.1960808975525372,0.000106456
bot1,4.9,5,0.000111302,-2.28e-12,-0.00011128,40,5,0.0105499763032909,4.872e-05,2.28e-12,1.33e-07,10.024128245273577,0.1901799209133424,0.000111302
bot1,5.0,5,0.0001162,1.08e-12,-0.000116226,40,5,0.0107796103825694,4.878000000000021e-05,1.08e-12,1.33e-07,9.832067676612894,0.186284038418006,0.0001162
bot2,-2.0,5,-4.6874e-12,2.53e-11,3.489e-11,40,5,2.1650404153271595e-06,-2.5646000000000004e-11,2.53e-11,1.33e-07,1.5028251964909128e-05,-1.5751293894913148,4.6874e-12
bot2,-1.9,5,-1.6732e-12,2.03e-12,-6.000000000000002e-13,40,5,1.29352232296161e-06,3.5408000000000006e-11,2.03e-12,1.33e-07,1.7931305691266013e-05,-1.4588579461072817,1.6732e-12
bot2,-1.8,5,2.3942e-12,-1.919e-11,-5.23e-12,40,5,1.5473202641987211e-06,2.8470999999999973e-11,1.919e-11,1.33e-07,2.380387704303458e-05,1.903931085971589,2.3942e-12
bot2,-1.7,5,4.021e-12,-5.947e-11,-1.7380000000000002e-11,40,5,2.005243127403757e-06,-3.6104000000000005e-11,5.947e-11,1.33e-07,1.983185887459416e-05,1.5224044104546324,4.021e-12
bot2,-1.6,5,-4.8266e-12,5e-13,3.27e-11,40,5,2.196952434623927e-06,-1.2847000000000005e-11,5e-13,1.33e-07,3.0106736754830663e-05,-2.2124355678719625,4.8266e-12
bot2,-1.5,5,1.4516e-12,-3.3400000000000007e-12,6.1e-13,40,5,1.2048236385463228e-06,1.1707e-11,3.3400000000000007e-12,1.33e-07,1.8093099007622e-05,-1.4413998180819656,1.4516e-12
bot2,-1.4,5,-2.4852e-12,2.3390000000000003e-11,5.23e-12,40,5,1.5764517119150843e-06,-2.7930000000000004e-11,2.3390000000000003e-11,1.33e-07,3.225611865250539e-05,2.2728276622522614,2.4852e-12
bot2,-1.3,5,-4.1344e-12,5.966e-11,1.8820000000000003e-11,40,5,2.0333224043422136e-06,-1.0142999999999989e-11,5.966e-11,1.33e-07,1.4118151081133612e-05,1.2959048363087688,4.1344e-12
bot2,-1.2,5,-4.5138e-12,1.5700000000000002e-12,1.855e-11,40,5,2.124570544839592e-06,1.5698000000000004e-11,1.5700000000000002e-12,1.33e-07,5.04296169610833e-05,-3.093383576905363,4.5138e-12
bot2,-1.1,5,-9.948e-13,2.41e-12,-1.8100000000000002e-12,40,5,9.973966111833346e-07,3.6832e-11,2.41e-12,1.33e-07,8.916959841635408e-06,-0.9965071716593868,9.948e-13
bot2,-1.0,5,2.8526e-12,-2.89e-11,-5.9700000000000014e-12,40,5,1.6889641796083183e-06,2.6085999999999992e-11,2.89e-11,1.33e-07,5.2547146791778816e-05,3.139117981390375,2.8526e-12
bot2,-0.9,5,4.2224e-12,-5.947e-11,-2.145e-11,40,5,2.054847926246612e-06,6.749000000000002e-12,5.947e-11,1.33e-07,6.124494952658969e-06,0.8412825496204858,4.2224e-12
bot2,-0.8,5,4.2024e-12,-1.3300000000000002e-12,-1.639e-11,40,5,2.0499756096110023e-06,-1.7882000000000005e-11,1.3300000000000002e-12,1.33e-07,7.35558228667122e-05,-4.076634274404444,4.2024e-12
bot2,-0.7,5,6.46e-13,-1.2900000000000002e-12,1.6100000000000002e-12,40,5,8.037412518964048e-07,-3.640299999999999e-11,1.2900000000000002e-12,1.33e-07,4.103273832537151e-06,-0.6760027697588809,6.46e-13
bot2,-0.6,5,-3.0782e-12,3.3890000000000005e-11,6.490000000000001e-12,40,5,1.7544799799370753e-06,-2.4249999999999997e-11,3.3890000000000005e-11,1.33e-07,7.302973760988353e-05,4.067150946805603,3.0782e-12
bot2,-0.5,5,-4.204e-12,5.963e-11,2.254e-11,40,5,2.0503658210182886e-06,-4.873000000000001e-12,5.963e-11,1.33e-07,3.1444388398407e-06,0.5972916930159845,4.204e-12
bot2,-0.4,5,-4.0528e-12,1.46e-12,1.397e-11,40,5,2.013156725145859e-06,1.926e-11,1.46e-12,1.33e-07,9.976751955016177e-05,-5.385600219390368,4.0528e-12
bot2,-0.3,5,-3.52e-13,1.3500000000000001e-12,-2e-12,40,5,5.932958789676531e-07,3.5979e-11,1.3500000000000001e-12,1.33e-07,2.7136716217560885e-06,-0.5520539571444693,3.52e-13
bot2,-0.2,5,3.143e-12,-3.7930000000000005e-11,-7.11e-12,40,5,1.7728508115461943e-06,2.3185e-11,3.7930000000000005e-11,1.33e-07,0.0001024777443423,5.42704081390542,3.143e-12
bot2,-0.1,5,4.285e-12,-5.7700000000000005e-11,-2.444e-11,40,5,2.070024154448445e-06,5.280000000000002e-12,5.7700000000000005e-11,1.33e-07,3.5873647365583643e-06,0.6290074681018076,4.285e-12
bot2,0.0,5,4.199e-12,-1.3500000000000001e-12,-1.454e-11,40,5,2.049146163649631e-06,-1.9388e-11,1.3500000000000001e-12,1.33e-07,9.632962269111475e-05,-5.109649007975348,4.199e-12
bot2,0.1,5,4.074e-13,-1.8000000000000002e-12,1.9200000000000003e-12,40,5,6.38278935889318e-07,-3.6886e-11,1.8000000000000002e-12,1.33e-07,3.3348943502060133e-06,-0.6048232565934963,4.074e-13
bot2,0.2,5,-3.1782e-12,3.5590000000000003e-11,6.92e-12,40,5,1.7827506836347028e-06,-2.3743000000000003e-11,3.5590000000000003e-11,1.33e-07,9.815892405980927e-05,5.137943848369364,3.1782e-12
bot2,0.3,5,-4.3412e-12,6.065e-11,2.263e-11,40,5,2.083554654910689e-06,-4.355000000000001e-12,6.065e-11,1.33e-07,2.475358636048554e-06,0.5259400242861911,4.3412e-12
bot2,0.4,5,-4.0492e-12,1.31e-12,1.3070000000000001e-11,40,5,2.0122624083354536e-06,2.128e-11,1.31e-12,1.33e-07,0.0001508487235325,-8.535850997856596,4.0492e-12
bot2,0.5,5,-8.519999999999998e-14,9.100000000000002e-13,-2.0500000000000004e-12,40,5,2.918903903865285e-07,3.9713e-11,9.100000000000002e-13,1.33e-07,7.181453927992859e-08,-0.0852010181704088,8.519999999999998e-14
bot2,0.6,5,3.8934e-12,-3.9280000000000005e-11,-8.26e-12,40,5,1.9731700382886417e-06,7.313599999999998e-11,3.9280000000000005e-11,1.33e-07,0.0005827543170953,11.16092272770573,3.8934e-12
bot2,0.7,5,1.4542e-11,-5.922e-11,-3.495e-11,40,5,3.81339743535866e-06,5.042329999999998e-10,5.922e-11,1.33e-07,0.0032070274716947,7.148917725115342,1.4542e-11
bot2,0.8,5,1.0474e-10,5.4500000000000004e-12,-7.862000000000001e-11,40,5,1.0234256201600585e-05,4.24774e-09,5.4500000000000004e-12,1.33e-07,0.0307537243671555,8.869674194117716,1.0474e-10
bot2,0.9,5,8.6409e-10,1.4800000000000004e-12,-8.9548e-10,40,5,2.9395407804621458e-05,2.1316300000000003e-08,1.4800000000000004e-12,1.33e-07,0.1466145999669374,8.10085030065607,8.6409e-10
bot2,1.0,5,4.368e-09,5.965000000000001e-11,-4.2823e-09,40,5,6.609084656743322e-05,7.069454999999997e-08,5.965000000000001e-11,1.33e-07,0.4072366075312198,6.198095650679701,4.368e-09
bot2,1.1,5,1.5003e-08,-5.653e-11,-1.48944e-08,40,5,0.0001224867339755,1.77576e-07,5.653e-11,1.33e-07,0.8389796355490494,4.802536833238774,1.5003e-08
bot2,1.2,5,3.98832e-08,4.8310000000000006e-11,-3.96562e-08,40,5,0.0001997077865282,3.589410000000001e-07,4.8310000000000006e-11,1.33e-07,1.3921131658649708,3.811487919108872,3.98832e-08
bot2,1.3,5,8.67912e-08,-2.36e-12,-8.64538e-08,40,5,0.0002946034623014,6.226839999999994e-07,2.36e-12,1.33e-07,1.9899075801190915,3.0758232376234687,8.67912e-08
bot2,1.4,5,1.6442e-07,-2.6e-13,-1.6364e-07,40,5,0.0004054873610853,9.601440000000005e-07,2.6e-13,1.33e-07,2.5606136211647,2.534241148867032,1.6442e-07
bot2,1.5,5,2.7882e-07,5.331e-11,-2.7874e-07,40,5,0.0005280340898086,1.3717000000000004e-06,5.331e-11,1.33e-07,3.1014458302400283,2.1313619197083966,2.7882e-07
bot2,1.6,5,4.3876e-07,2.06e-12,-4.3808e-07,40,5,0.0006623896134451,1.8564000000000008e-06,2.06e-12,1.33e-07,3.6383985698124066,1.838281215884848,4.3876e-07
bot2,1.7,5,6.501e-07,-5.5230000000000006e-11,-6.4872e-07,40,5,0.000806287789812,2.3864e-06,5.5230000000000006e-11,1.33e-07,4.081488989477509,1.5984370513375583,6.501e-07
bot2,1.8,5,9.1604e-07,-2.04e-12,-9.1534e-07,40,5,0.0009570997858112,2.897999999999997e-06,2.04e-12,1.33e-07,4.303819612266017,1.3840950349834178,9.1604e-07
bot2,1.9,5,1.2297e-06,2.1350000000000003e-11,-1.2226000000000002e-06,40,5,0.0011089183919477,3.464300000000002e-06,2.1350000000000003e-11,1.33e-07,4.554647690829659,1.2230730680220472,1.2297e-06
bot2,2.0,5,1.6089000000000002e-06,-1.4700000000000002e-12,-1.6096000000000002e-06,40,5,0.0012684242192578,4.138500000000003e-06,1.4700000000000002e-12,1.33e-07,4.977200405499752,1.1175978123121193,1.6089000000000002e-06
bot2,2.1,5,2.0574000000000004e-06,4.1760000000000006e-11,-2.0528e-06,40,5,0.0014343639705458,4.771499999999997e-06,4.1760000000000006e-11,1.33e-07,5.1976711563095055,1.0112672136070693,2.0574000000000004e-06
bot2,2.2,5,2.5632000000000003e-06,2.6500000000000002e-12,-2.5652000000000004e-06,40,5,0.0016009996876951,5.404999999999994e-06,2.6500000000000002e-12,1.33e-07,5.342877609486365,0.916947798114455,2.5632000000000003e-06
bot2,2.3000000000000003,5,3.1384000000000003e-06,-5.444e-11,-3.1369000000000004e-06,40,5,0.0017715529910222,6.06150000000001e-06,5.444e-11,1.33e-07,5.498514907344505,0.8409599009995016,3.1384000000000003e-06
bot2,2.4,5,3.775500000000001e-06,-2.21e-12,-3.7741e-06,40,5,0.0019430645897653,6.703500000000012e-06,2.21e-12,1.33e-07,5.58794558985548,0.772412317262826,3.775500000000001e-06
bot2,2.5,5,4.479100000000001e-06,6.016e-11,-4.477500000000001e-06,40,5,0.0021163884331568,7.351499999999996e-06,6.016e-11,1.33e-07,5.66831983371199,0.7141862708399574,4.479100000000001e-06
bot2,2.6,5,5.245800000000001e-06,2.64e-12,-5.2456e-06,40,5,0.0022903711489625,8.015999999999989e-06,2.64e-12,1.33e-07,5.7514324178223335,0.6643853933155113,5.245800000000001e-06
bot2,2.7,5,6.0823e-06,-6.027e-11,-6.084800000000001e-06,40,5,0.0024662319436743,8.730999999999993e-06,6.027e-11,1.33e-07,5.884514606971684,0.6239484542715562,6.0823e-06
bot2,2.8000000000000003,5,6.992000000000001e-06,-1.2500000000000001e-12,-6.990400000000001e-06,40,5,0.0026442390209661,9.39200000000002e-06,1.2500000000000001e-12,1.33e-07,5.930214423093187,0.58441710273566,6.992000000000001e-06
bot2,2.9,5,7.960700000000002e-06,5.531000000000001e-11,-7.9539e-06,40,5,0.0028214712474168,1.0068500000000012e-05,5.531000000000001e-11,1.33e-07,5.979446207083144,0.5495802796071833,7.960700000000002e-06
bot2,3.0,5,9.005700000000001e-06,1.27e-12,-9.0062e-06,40,5,0.0030009498496309,1.0845999999999987e-05,1.27e-12,1.33e-07,6.133581473330216,0.5232695017188278,9.005700000000001e-06
bot2,3.1,5,1.01299e-05,-5.029e-11,-1.01258e-05,40,5,0.0031827503829235,1.1604999999999991e-05,5.029e-11,1.33e-07,6.245709608306217,0.4979296117611427,1.01299e-05
bot2,3.2,5,1.13267e-05,-1.7600000000000002e-12,-1.1327700000000002e-05,40,5,0.0033655163051157,1.2200499999999984e-05,1.7600000000000002e-12,1.33e-07,6.180871554857004,0.4686505977895679,1.13267e-05
bot2,3.3000000000000003,5,1.257e-05,-1.597e-11,-1.2528e-05,40,5,0.0035454195802471,1.2796500000000014e-05,1.597e-11,1.33e-07,6.1199024900102605,0.4423688151026101,1.257e-05
bot2,3.4,5,1.3886e-05,-8.400000000000001e-13,-1.3874e-05,40,5,0.003726392357227,1.3670000000000023e-05,8.400000000000001e-13,1.33e-07,6.316033553531296,0.4273483966664054,1.3886e-05
bot2,3.5,5,1.5304e-05,4.603e-11,-1.5306000000000002e-05,40,5,0.0039120327196995,1.452999999999999e-05,4.603e-11,1.33e-07,6.4824635283780365,0.412626323269047,1.5304e-05
bot2,3.6,5,1.6792e-05,1.3800000000000002e-12,-1.6798e-05,40,5,0.0040978042901046,1.5389999999999986e-05,1.3800000000000002e-12,1.33e-07,6.62209654316952,0.3979390237423882,1.6792e-05
bot2,3.7,5,1.8382e-05,-6.007e-11,-1.838e-05,40,5,0.0042874234687047,1.6299999999999983e-05,6.007e-11,1.33e-07,6.790774785490542,0.3852763518333587,1.8382e-05
bot2,3.8,5,2.0052e-05,-2.0200000000000007e-12,-2.0042e-05,40,5,0.0044779459576908,1.7060000000000026e-05,2.0200000000000007e-12,1.33e-07,6.820794136812559,0.3697209239667791,2.0052e-05
bot2,3.9,5,2.1794e-05,2.928e-11,-2.1784e-05,40,5,0.0046684044383493,1.7810000000000028e-05,2.928e-11,1.33e-07,6.838598225339238,0.355059314813531,2.1794e-05
bot2,4.0,5,2.3614e-05,-8.580000000000001e-12,-2.3602e-05,40,5,0.0048594238341597,1.8720000000000024e-05,8.580000000000001e-12,1.33e-07,6.969412069490534,0.3442496803487409,2.3614e-05
bot2,4.1,5,2.5538e-05,-9.9e-13,-2.5528e-05,40,5,0.0050535136291495,1.9419999999999977e-05,9.9e-13,1.33e-07,6.944840341795406,0.3306577436235388,2.5538e-05
bot2,4.2,5,2.7498e-05,4.928e-11,-2.75e-05,40,5,0.0052438535448656,2.0009999999999983e-05,4.928e-11,1.33e-07,6.84145928814192,0.3161180417255501,2.7498e-05
bot2,4.3,5,2.954e-05,1.26e-12,-2.9546e-05,40,5,0.0054350712966804,2.082e-05,1.26e-12,1.33e-07,6.894940838505423,0.3061861846616895,2.954e-05
bot2,4.4,5,3.1662e-05,-6.045000000000001e-11,-3.1688e-05,40,5,0.0056268996792194,2.179999999999999e-05,6.045000000000001e-11,1.33e-07,7.048909305179756,0.2989460361357562,3.1662e-05
bot2,4.5,5,3.3900000000000004e-05,-2.09e-12,-3.3916e-05,40,5,0.0058223706512038,2.221999999999998e-05,2.09e-12,1.33e-07,6.854716004707738,0.2852051662770402,3.3900000000000004e-05
bot2,4.6000000000000005,5,3.6106e-05,2.2370000000000003e-11,-3.593e-05,40,5,0.0060088268405737,2.254999999999996e-05,2.2370000000000003e-11,1.33e-07,6.615704191744163,0.2712230448104688,3.6106e-05
bot2,4.7,5,3.841e-05,-1.121e-11,-3.8472e-05,40,5,0.0061975801729384,2.273000000000008e-05,1.121e-11,1.33e-07,6.331621268758328,0.2575126954523385,3.841e-05
bot2,4.8,5,4.0652e-05,-1.7200000000000001e-12,-4.0646e-05,40,5,0.0063758920944445,2.362e-05,1.7200000000000001e-12,1.33e-07,6.4356288736836795,0.2518771341500156,4.0652e-05
bot2,4.9,5,4.3134e-05,4.99e-11,-4.3108e-05,40,5,0.0065676479808223,2.601999999999997e-05,4.99e-11,1.33e-07,7.362242581564265,0.2615712590530348,4.3134e-05
bot2,5.0,5,4.5856e-05,4.22e-12,-4.6318e-05,40,5,0.006771705841219,3.070000000000007e-05,4.22e-12,1.33e-07,9.918069929437056,0.2985984118712458,4.5856e-05
top1,-2.0,5,-2.2356e-12,2.36e-12,9.5e-13,40,5,1.4951922953252537e-06,-1.6154000000000002e-11,2.36e-12,1.33e-07,4.007153357431829e-05,-2.3480887224875784,2.2356e-12
top1,-1.9,5,1.658e-12,-8.54e-12,-4.31e-12,40,5,1.2876334882255898e-06,3.051700000000001e-11,8.54e-12,1.33e-07,1.0446118902729068e-05,1.1903495406110312,1.658e-12
top1,-1.8,5,3.8678e-12,-4.5180000000000006e-11,-1.47e-11,40,5,1.966672316376066e-06,-3.246999999999997e-11,4.5180000000000006e-11,1.33e-07,3.903920524028239e-05,2.324508829872396,3.8678e-12
top1,-1.7,5,-4.836e-12,1.3380000000000002e-11,4.243e-11,40,5,2.1990907211845536e-06,-2.5876000000000006e-11,1.3380000000000002e-11,1.33e-07,3.1849204406625875e-05,-2.355277642180865,4.836e-12
top1,-1.6,5,-1.3074e-12,1.4300000000000002e-12,-1.4900000000000001e-12,40,5,1.1434159348198713e-06,3.6443000000000005e-11,1.4300000000000002e-12,1.33e-07,1.883013286111888e-05,-1.4742978413100352,1.3074e-12
top1,-1.5,5,2.4526e-12,-1.7600000000000003e-11,-5.820000000000001e-12,40,5,1.566077903553971e-06,2.6732000000000005e-11,1.7600000000000003e-11,1.33e-07,3.526756271791884e-05,2.4493268627004388,2.4526e-12
top1,-1.4,5,4.039e-12,-4.8530000000000006e-11,-1.9970000000000003e-11,40,5,2.009726349531199e-06,-3.661300000000001e-11,4.8530000000000006e-11,1.33e-07,1.9292039792801627e-05,1.4895111864395365,4.039e-12
top1,-1.3,5,-4.87e-12,1.0100000000000001e-12,4.083e-11,40,5,2.2068076490713912e-06,-9.102999999999991e-12,1.0100000000000001e-12,1.33e-07,1.272128260752082e-05,-1.301169983000915,4.87e-12
top1,-1.2,5,2.2184e-12,-2.26e-12,-1.0500000000000002e-12,40,5,1.4894294209528694e-06,1.5863000000000004e-11,2.26e-12,1.33e-07,3.840000025131314e-05,-2.2887238168700024,2.2184e-12
top1,-1.1,5,-1.6974e-12,8.62e-12,4.21e-12,40,5,1.3028430450365078e-06,-3.011500000000001e-11,8.62e-12,1.33e-07,9.991610844337312e-06,1.1713457350039926,1.6974e-12
top1,-1.0,5,-3.8046e-12,4.6310000000000006e-11,1.533e-11,40,5,1.9505383872151813e-06,3.2582999999999986e-11,4.6310000000000006e-11,1.33e-07,3.742582956438133e-05,2.265953761719767,3.8046e-12
top1,-0.9,5,4.8192e-12,-9.22e-12,-4.2740000000000006e-11,40,5,2.1952676374419587e-06,4.1360000000000026e-12,9.22e-12,1.33e-07,2.3795012969208323e-06,-0.532359097687678,4.8192e-12
top1,-0.8,5,-2.9774e-12,1.7600000000000002e-12,5.060000000000001e-12,40,5,1.7255144160510511e-06,-1.96e-11,1.7600000000000002e-12,1.33e-07,7.307444262194056e-05,-3.645593259798004,2.9774e-12
top1,-0.7,5,8.991999999999999e-13,-2.3500000000000007e-12,-3.4100000000000002e-12,40,5,9.482615672903759e-07,3.285999999999999e-11,2.3500000000000007e-12,1.33e-07,1.3649396089812442e-06,0.4090669297047088,8.991999999999999e-13
top1,-0.6,5,3.5946e-12,-4.184e-11,-1.249e-11,40,5,1.8959430371189955e-06,-2.768299999999999e-11,4.184e-11,1.33e-07,6.825699599012728e-05,3.5620912972828287,3.5946e-12
top1,-0.5,5,-4.6374e-12,1.772e-11,4.213e-11,40,5,2.153462328437625e-06,-1.3886000000000004e-11,1.772e-11,1.33e-07,4.6228811592950816e-05,-3.21607968299218,4.6374e-12
top1,-0.4,5,8.174e-13,2.2000000000000003e-12,-3.28e-12,40,5,9.041017641836564e-07,2.04175e-10,2.2000000000000003e-12,1.33e-07,0.0007012513354719,4.462026094463907,8.174e-13
top1,-0.3,5,3.61976e-11,3.6730000000000005e-11,-2.8760000000000003e-11,40,5,6.016444132542078e-06,2.5676630000000003e-09,3.6730000000000005e-11,1.33e-07,0.02228189076931,13.994120553975256,3.61976e-11
top1,-0.2,5,5.143500000000001e-10,1.98e-11,-4.862500000000001e-10,40,5,2.2679285703037475e-05,2.3480012000000003e-08,1.98e-11,1.33e-07,0.1851806076304727,10.581916573176676,5.143500000000001e-10
top1,-0.1,5,4.7322e-09,-1.4510000000000002e-11,-4.5906e-09,40,5,6.879098778183084e-05,1.1791325000000001e-07,1.4510000000000002e-11,1.33e-07,0.8256693806014128,8.35352116742686,4.7322e-09
top1,0.0,5,2.4097e-08,2.2390000000000003e-11,-2.3977e-08,40,5,0.0001552320843124,2.8367e-07,2.2390000000000003e-11,1.33e-07,1.5079208998919422,5.567866367645764,2.4097e-08
top1,0.1,5,6.14662e-08,-3.9e-11,-6.125819999999999e-08,40,5,0.0002479237786094,4.45842e-07,3.9e-11,1.33e-07,1.5449208564497812,3.360671426969009,6.14662e-08
top1,0.2,5,1.1326539999999998e-07,-2.3430000000000003e-11,-1.1299859999999998e-07,40,5,0.0003365492534533,6.344690000000001e-07,2.3430000000000003e-11,1.33e-07,1.6271651864343253,2.431761585159311,1.1326539999999998e-07
top1,0.3,5,1.8836e-07,1.02e-12,-1.8782e-07,40,5,0.0004340046082704,9.211730000000001e-07,1.02e-12,1.33e-07,2.050446812415189,2.096948535073841,1.8836e-07
top1,0.4,5,2.975e-07,-3.2720000000000004e-11,-2.9722e-07,40,5,0.0005454356057317,1.305e-06,3.2720000000000004e-11,1.33e-07,2.624808641949355,1.8880286454870052,2.975e-07
top1,0.5,5,4.4936e-07,2.7300000000000007e-12,-4.486e-07,40,5,0.0006703431956841,1.7976e-06,2.7300000000000007e-12,1.33e-07,3.303337811408084,1.720458099130822,4.4936e-07
top1,0.6,5,6.5702e-07,1.93e-12,-6.5482e-07,40,5,0.0008105677022926,2.409299999999999e-06,1.93e-12,1.33e-07,4.079939173642621,1.5822894198409316,6.5702e-07
top1,0.7,5,9.3122e-07,-3.194e-11,-9.307e-07,40,5,0.0009649974093229,3.1039e-06,3.194e-11,1.33e-07,4.806932407900084,1.4444214695269415,9.3122e-07
top1,0.8,5,1.2778e-06,-4.95e-11,-1.2736000000000002e-06,40,5,0.0011303981599418,3.917900000000001e-06,4.95e-11,1.33e-07,5.577283835452564,1.325805900011612,1.2778e-06
top1,0.9,5,1.7148e-06,-2.929e-11,-1.7151e-06,40,5,0.0013095037227896,4.871000000000001e-06,2.929e-11,1.33e-07,6.442606081380016,1.2305275119159378,1.7148e-06
top1,1.0,5,2.252e-06,-1.0500000000000002e-12,-2.2535e-06,40,5,0.0015006665185843,5.8949999999999995e-06,1.0500000000000002e-12,1.33e-07,7.206822280004987,1.1362751873346562,2.252e-06
top1,1.1,5,2.8938e-06,1.79e-11,-2.8946e-06,40,5,0.0017011172799075,6.915500000000004e-06,1.79e-11,1.33e-07,7.743278910415904,1.039739882150026,2.8938e-06
top1,1.2,5,3.635100000000001e-06,2.9e-12,-3.6361e-06,40,5,0.0019065938214522,7.919500000000001e-06,2.9e-12,1.33e-07,8.090954653301697,0.9479324037706685,3.635100000000001e-06
top1,1.3,5,4.4777e-06,-5.4000000000000004e-12,-4.477500000000001e-06,40,5,0.0021160576551691,8.907499999999996e-06,5.4000000000000004e-12,1.33e-07,8.319706337736443,0.8660520139508457,4.4777e-06
top1,1.4,5,5.416600000000001e-06,-1.54e-11,-5.418200000000001e-06,40,5,0.0023273590182866,9.830500000000004e-06,1.54e-11,1.33e-07,8.384737161641137,0.7904352972207243,5.416600000000001e-06
top1,1.5,5,6.443800000000001e-06,7.200000000000002e-13,-6.4439e-06,40,5,0.0025384641025628,1.0737000000000002e-05,7.200000000000002e-13,1.33e-07,8.404886927201282,0.7251237738675931,6.443800000000001e-06
top1,1.6,5,7.564e-06,2.908e-11,-7.565300000000002e-06,40,5,0.0027502727137504,1.1586500000000008e-05,2.908e-11,1.33e-07,8.346866238618441,0.6670829246789812,7.564e-06
top1,1.7,5,8.761100000000002e-06,8.2e-13,-8.7599e-06,40,5,0.0029599155393355,1.2357500000000003e-05,8.2e-13,1.33e-07,8.195518400386845,0.6139374754953587,8.761100000000002e-06
top1,1.8,5,1.00355e-05,-4.024e-11,-1.00356e-05,40,5,0.0031678857302623,1.3147999999999983e-05,4.024e-11,1.33e-07,8.097008162241721,0.5699588821860807,1.00355e-05
top1,1.9,5,1.13907e-05,-2.18e-12,-1.13897e-05,40,5,0.0033750111110928,1.39125e-05,2.18e-12,1.33e-07,7.989774466856223,0.5314062598798764,1.13907e-05
top1,2.0,5,1.2818e-05,-4.349e-11,-1.281e-05,40,5,0.0035802234567132,1.46665e-05,4.349e-11,1.33e-07,7.8876858752364996,0.4975694923152397,1.2818e-05
top1,2.1,5,1.4324e-05,-1.9700000000000003e-12,-1.4326e-05,40,5,0.003784706065205,1.5529999999999995e-05,1.9700000000000003e-12,1.33e-07,7.909659924066011,0.4711595083200621,1.4324e-05
top1,2.2,5,1.5924000000000002e-05,1.699e-11,-1.5924000000000002e-05,40,5,0.0039904886918772,1.6419999999999992e-05,1.699e-11,1.33e-07,7.956672808885382,0.448228586027128,1.5924000000000002e-05
top1,2.3000000000000003,5,1.7608e-05,-1.096e-11,-1.7608e-05,40,5,0.0041961887469464,1.7270000000000013e-05,1.096e-11,1.33e-07,7.959519630533622,0.4262839132895562,1.7608e-05
top1,2.4,5,1.9378e-05,-1.1100000000000001e-12,-1.9382e-05,40,5,0.0044020449793249,1.8160000000000016e-05,1.1100000000000001e-12,1.33e-07,7.996014049145994,0.4072224143207053,1.9378e-05
top1,2.5,5,2.124e-05,4.22e-11,-2.124e-05,40,5,0.0046086874487211,1.9059999999999984e-05,4.22e-11,1.33e-07,8.03700500822027,0.3899589853400794,2.124e-05
top1,2.6,5,2.319e-05,1.8900000000000002e-12,-2.3192e-05,40,5,0.0048155996511338,1.9959999999999992e-05,1.8900000000000002e-12,1.33e-07,8.07219184404762,0.3739858178769758,2.319e-05
top1,2.7,5,2.5232e-05,-5.0100000000000007e-11,-2.5236e-05,40,5,0.0050231464243041,2.0949999999999998e-05,5.0100000000000007e-11,1.33e-07,8.171104408599286,0.360663475799918,2.5232e-05
top1,2.8000000000000003,5,2.738e-05,-1.96e-12,-2.7374000000000003e-05,40,5,0.0052325901807804,2.1940000000000027e-05,1.96e-12,1.33e-07,8.261057501131662,0.3481668910018158,2.738e-05
top1,2.9,5,2.962e-05,2.53e-11,-2.9626e-05,40,5,0.0054424259296751,2.290000000000001e-05,2.53e-11,1.33e-07,8.318212863355889,0.3358666342199128,2.962e-05
top1,3.0,5,3.196e-05,-6.980000000000001e-12,-3.1962e-05,40,5,0.005653317610041,2.388999999999997e-05,6.980000000000001e-12,1.33e-07,8.390631295624901,0.3247406898656454,3.196e-05
top1,3.1,5,3.4398e-05,-1.21e-12,-3.4396e-05,40,5,0.0058649808183829,2.490999999999998e-05,1.21e-12,1.33e-07,8.475059357730737,0.3145681666658581,3.4398e-05
top1,3.2,5,3.6942e-05,3.3850000000000005e-11,-3.6944e-05,40,5,0.0060779930898282,2.594999999999999e-05,3.3850000000000005e-11,1.33e-07,8.564831155168127,0.3051518471732481,3.6942e-05
top1,3.3000000000000003,5,3.9588e-05,1.3900000000000001e-12,-3.9594e-05,40,5,0.0062918995541887,2.706000000000005e-05,1.3900000000000001e-12,1.33e-07,8.688990324643125,0.2968701415210088,3.9588e-05
top1,3.4,5,4.2354e-05,-5.032000000000001e-11,-4.2352e-05,40,5,0.0065079950829729,2.818000000000003e-05,5.032000000000001e-11,1.33e-07,8.80974423378734,0.289027054295468,4.2354e-05
top1,3.5,5,4.5224e-05,-1.6300000000000001e-12,-4.522e-05,40,5,0.0067248791810708,2.9209999999999983e-05,1.6300000000000001e-12,1.33e-07,8.865141413755737,0.2805828171405886,4.5224e-05
top1,3.6,5,4.8196e-05,2.775e-11,-4.8196e-05,40,5,0.006942333901506,3.0299999999999967e-05,2.775e-11,1.33e-07,8.949711703137531,0.2730645953108943,4.8196e-05
top1,3.7,5,5.1284e-05,-5.520000000000001e-12,-5.1284e-05,40,5,0.0071612848009278,3.146999999999996e-05,5.520000000000001e-12,1.33e-07,9.072962136015782,0.2665290609833179,5.1284e-05
top1,3.8,5,5.449e-05,-1.7700000000000001e-12,-5.4492e-05,40,5,0.0073817342135842,3.261000000000005e-05,1.7700000000000001e-12,1.33e-07,9.169879409390527,0.2599551351934928,5.449e-05
top1,3.9,5,5.7806e-05,3.2830000000000005e-11,-5.7808e-05,40,5,0.0076030257134906,3.369000000000006e-05,3.2830000000000005e-11,1.33e-07,9.22631036477104,0.25316632811788,5.7806e-05
top1,4.0,5,6.1228e-05,1.74e-12,-6.1228e-05,40,5,0.0078248322665728,3.482000000000006e-05,1.74e-12,1.33e-07,9.303820856092448,0.2470048925047677,6.1228e-05
top1,4.1,5,6.477e-05,-4.873e-11,-6.477800000000001e-05,40,5,0.0080479811132979,3.605999999999996e-05,4.873e-11,1.33e-07,9.43220571170492,0.2417996367068873,6.477e-05
top1,4.2,5,6.844e-05,-1.2000000000000001e-12,-6.843600000000001e-05,40,5,0.0082728471519785,3.718999999999993e-05,1.2000000000000001e-12,1.33e-07,9.49686793901928,0.236057095610884,6.844e-05
top1,4.3,5,7.2208e-05,3.343e-11,-7.2214e-05,40,5,0.0084975290526128,3.8309999999999936e-05,3.343e-11,1.33e-07,9.549794431089223,0.2304303476777345,7.2208e-05
top1,4.4,5,7.6102e-05,-3.2700000000000004e-12,-7.6102e-05,40,5,0.0087236460267482,3.948e-05,3.2700000000000004e-12,1.33e-07,9.624332613545402,0.2253444349062448,7.6102e-05
top1,4.5,5,8.0104e-05,-2.7e-13,-8.0104e-05,40,5,0.0089500837984903,4.053e-05,2.7e-13,1.33e-07,9.636710889210532,0.2197864113429657,8.0104e-05
top1,4.6000000000000005,5,8.4208e-05,3.354e-11,-8.4212e-05,40,5,0.0091764917043497,4.168999999999997e-05,3.354e-11,1.33e-07,9.69772061831714,0.215021759306637,8.4208e-05
top1,4.7,5,8.8442e-05,1.4400000000000001e-12,-8.8442e-05,40,5,0.0094043606906583,4.281000000000017e-05,1.4400000000000001e-12,1.33e-07,9.738316530685719,0.2102710196213538,8.8442e-05
top1,4.8,5,9.277e-05,-4.883e-11,-9.2768e-05,40,5,0.0096317184344228,4.3859999999999976e-05,4.883e-11,1.33e-07,9.74381936976959,0.2053512905319541,9.277e-05
top1,4.9,5,9.7214e-05,-1.83e-12,-9.722e-05,40,5,0.0098597160202512,4.495999999999994e-05,1.83e-12,1.33e-07,9.771294295023878,0.2008903864248677,9.7214e-05
top1,5.0,5,0.000101762,3.285e-11,-0.000101766,40,5,0.0100877153012959,4.556000000000018e-05,3.285e-11,1.33e-07,9.805383316036608,0.1989096139236597,0.000101762
