path,fname,W,L,pos,rep,run,label,vd_monotonic_frac,sign_flips,spikes,vg_order_violation_frac,off_state_max_abs_id,on_state_max_abs_id,off_state_leaky,vd_rise_ratio,vg_modulation_ratio,no_vd_dependence,no_vg_modulation,score
/home/user/igzoANN/scripts/../data/tft output [s5tft5-5top1rep(2) ; 6_5_2026 9_58_55 am].csv_s5_W5_L5_top_1.csv,tft output [s5tft5-5top1rep(2) ; 6_5_2026 9_58_55 am].csv_s5_W5_L5_top_1.csv,5,5,top,1,,top_1,0.984,0,0,0.0,2.3727e-09,9.9571e-06,False,8.038995640238978,46.3595306825589,False,False,99.36
/home/user/igzoANN/scripts/../data/tft output [s5tft5-5bot1(1) ; 6_5_2026 1_59_40 pm].csv_s5_W5_L5_bot_1.csv,tft output [s5tft5-5bot1(1) ; 6_5_2026 1_59_40 pm].csv_s5_W5_L5_bot_1.csv,5,5,bot,1,,bot_1,0.968,1,0,0.004901960784313725,4.9712e-12,5.5772000000000006e-06,False,3.4883662747060287,111544.00000000001,False,False,98.02392156862744
/home/user/igzoANN/scripts/../data/tft output [s5tft5-5top1(1) ; 6_5_2026 9_55_05 am].csv_s5_W5_L5_top_1.csv,tft output [s5tft5-5top1(1) ; 6_5_2026 9_55_05 am].csv_s5_W5_L5_top_1.csv,5,5,top,1,,top_1,0.9480000000000001,0,0,0.004901960784313725,3.0229e-09,1.03714e-05,False,7.7583782166367445,39.21134215500945,False,False,97.72392156862745
/home/user/igzoANN/scripts/../data/tft output [s5tft5-5top2rep(2) ; 6_5_2026 11_12_18 am].csv_s5_W5_L5_top_2.csv,tft output [s5tft5-5top2rep(2) ; 6_5_2026 11_12_18 am].csv_s5_W5_L5_top_2.csv,5,5,top,2,,top_2,0.9480000000000001,0,0,0.004901960784313725,3.7745e-09,2.8242000000000004e-06,False,40.3097261916874,54.779282374432285,False,False,97.72392156862745
/home/user/igzoANN/scripts/../data/tft output [s5tft5-5top2(1) ; 6_5_2026 11_07_59 am].csv_s5_W5_L5_top_2.csv,tft output [s5tft5-5top2(1) ; 6_5_2026 11_07_59 am].csv_s5_W5_L5_top_2.csv,5,5,top,2,,top_2,1.0,0,0,0.0,1.8113e-08,1.3814e-05,True,5.323314065510597,31.40116384797236,False,False,85.0
/home/user/igzoANN/scripts/../data/tft output [s5tft5-5bot1rep(2) ; 6_5_2026 2_03_34 pm].csv_s5_W5_L5_bot_1.csv,tft output [s5tft5-5bot1rep(2) ; 6_5_2026 2_03_34 pm].csv_s5_W5_L5_bot_1.csv,5,5,bot,1,,bot_1,0.908,0,0,0.05392156862745098,5.103e-12,2.6906e-06,False,2.6275390625,53812.0,True,False,34.163137254901955
/home/user/igzoANN/scripts/../data/tft output [s5tft5-5bot2rep(2) ; 6_5_2026 3_37_42 pm].csv_s5_W5_L5_bot_2.csv,tft output [s5tft5-5bot2rep(2) ; 6_5_2026 3_37_42 pm].csv_s5_W5_L5_bot_2.csv,5,5,bot,2,,bot_2,0.9040000000000001,0,0,0.15196078431372548,5.5997e-11,5.6598599999999997e-11,False,1.1131959999999999,1.1131959999999999,True,True,-29.91843137254901
/home/user/igzoANN/scripts/../data/tft output [s5tft5-5bot2(1) ; 6_5_2026 3_33_48 pm].csv_s5_W5_L5_bot_2.csv,tft output [s5tft5-5bot2(1) ; 6_5_2026 3_33_48 pm].csv_s5_W5_L5_bot_2.csv,5,5,bot,2,,bot_2,0.7440000000000001,0,0,0.16176470588235295,4.9774e-12,5.1106e-12,False,0.08552399999999999,0.08552399999999999,True,True,-36.7105882352941
/home/user/igzoANN/scripts/../data/tft output [s5tft10-5bot1(1) ; 6_5_2026 2_25_09 pm].csv_s5_W10_L5_bot_1.csv,tft output [s5tft10-5bot1(1) ; 6_5_2026 2_25_09 pm].csv_s5_W10_L5_bot_1.csv,10,5,bot,1,,bot_1,1.0,0,0,0.0,5.0272e-12,1.7096e-05,False,4.2644050885507605,4500.368537432874,False,False,100.0
/home/user/igzoANN/scripts/../data/tft output [s5tft10-5top1(1) ; 6_5_2026 10_03_17 am].csv_s5_W10_L5_top_1.csv,tft output [s5tft10-5top1(1) ; 6_5_2026 10_03_17 am].csv_s5_W10_L5_top_1.csv,10,5,top,1,,top_1,1.0,0,0,0.0,1.17482e-08,2.5638e-05,True,5.187568289425761,35.75034163482723,False,False,85.0
/home/user/igzoANN/scripts/../data/tft output [s5tft10-5top2(1) ; 6_5_2026 11_17_06 am].csv_s5_W10_L5_top_2.csv,tft output [s5tft10-5top2(1) ; 6_5_2026 11_17_06 am].csv_s5_W10_L5_top_2.csv,10,5,top,2,,top_2,1.0,0,0,0.0,9.3295e-09,2.9244e-05,True,5.443883914443679,54.456072399538186,False,False,85.0
/home/user/igzoANN/scripts/../data/tft output [s5tft10-5bot2(1) ; 6_5_2026 3_43_53 pm].csv_s5_W10_L5_bot_2.csv,tft output [s5tft10-5bot2(1) ; 6_5_2026 3_43_53 pm].csv_s5_W10_L5_bot_2.csv,10,5,bot,2,,bot_2,0.9120000000000001,0,0,0.10294117647058823,4.9578e-12,1.2313000000000002e-06,False,1.6505700871898055,24609.999999999996,True,False,32.36235294117648
/home/user/igzoANN/scripts/../data/tft output [s5tft10-10bot1(1) ; 6_5_2026 2_42_58 pm].csv_s5_W10_L10_bot_1.csv,tft output [s5tft10-10bot1(1) ; 6_5_2026 2_42_58 pm].csv_s5_W10_L10_bot_1.csv,10,10,bot,1,,bot_1,1.0,0,0,0.004901960784313725,5.1674e-12,1.1166200000000002e-05,False,4.608419314898886,83.4170028387868,False,False,99.80392156862744
/home/user/igzoANN/scripts/../data/tft output [s5tft10-10top1(1) ; 6_5_2026 10_32_37 am].csv_s5_W10_L10_top_1.csv,tft output [s5tft10-10top1(1) ; 6_5_2026 10_32_37 am].csv_s5_W10_L10_top_1.csv,10,10,top,1,,top_1,1.0,0,0,0.004901960784313725,9.5024e-10,1.1656e-05,False,4.816528925619834,46.00931554432778,False,False,99.80392156862744
/home/user/igzoANN/scripts/../data/tft output [s5tft10-10bot2(1) ; 6_5_2026 4_03_18 pm].csv_s5_W10_L10_bot_2.csv,tft output [s5tft10-10bot2(1) ; 6_5_2026 4_03_18 pm].csv_s5_W10_L10_bot_2.csv,10,10,bot,2,,bot_2,0.8879999999999999,0,0,0.0,5.1012e-12,4.1917e-06,False,7.2478127053290455,83834.0,False,False,95.52
/home/user/igzoANN/scripts/../data/tft output [s5tft10-10top2(1) ; 6_5_2026 11_45_42 am].csv_s5_W10_L10_top_2.csv,tft output [s5tft10-10top2(1) ; 6_5_2026 11_45_42 am].csv_s5_W10_L10_top_2.csv,10,10,top,2,,top_2,1.0,0,0,0.00980392156862745,5.1568e-09,1.298e-05,True,4.977184708002607,42.88924134284959,False,False,84.6078431372549
/home/user/igzoANN/scripts/../data/tft output [s5tft20-5bot2(1) ; 6_5_2026 3_47_55 pm].csv_s5_W20_L5_bot_2.csv,tft output [s5tft20-5bot2(1) ; 6_5_2026 3_47_55 pm].csv_s5_W20_L5_bot_2.csv,20,5,bot,2,,bot_2,0.9719999999999999,0,0,0.0,4.9322e-12,1.773e-05,False,3.311419072877367,354600.0,False,False,98.88
/home/user/igzoANN/scripts/../data/tft output [s5tft20-5bot1(1) ; 6_5_2026 2_28_34 pm].csv_s5_W20_L5_bot_1.csv,tft output [s5tft20-5bot1(1) ; 6_5_2026 2_28_34 pm].csv_s5_W20_L5_bot_1.csv,20,5,bot,1,,bot_1,1.0,0,0,0.0,1.77474e-08,5.5842000000000005e-05,True,5.181927006486457,34.577089783281735,False,False,85.0
/home/user/igzoANN/scripts/../data/tft output [s5tft20-5top1(2) ; 6_5_2026 10_07_28 am].csv_s5_W20_L5_top_1_run2.csv,tft output [s5tft20-5top1(2) ; 6_5_2026 10_07_28 am].csv_s5_W20_L5_top_1_run2.csv,20,5,top,1,_run2,top_1_run2,1.0,0,0,0.0,6.9317e-09,4.6428e-05,True,4.959567581425657,45.38593884413858,False,False,85.0
/home/user/igzoANN/scripts/../data/tft output [s5tft20-5top2(1) ; 6_5_2026 11_19_05 am].csv_s5_W20_L5_top_2.csv,tft output [s5tft20-5top2(1) ; 6_5_2026 11_19_05 am].csv_s5_W20_L5_top_2.csv,20,5,top,2,,top_2,1.0,5,0,0.0,0.0088034,7.1314e-05,True,69.91202808789302,0.9940264183750737,False,True,22.5
/home/user/igzoANN/scripts/../data/tft output [s5tft20-10bot1(1) ; 6_5_2026 2_46_22 pm].csv_s5_W20_L10_bot_1.csv,tft output [s5tft20-10bot1(1) ; 6_5_2026 2_46_22 pm].csv_s5_W20_L10_bot_1.csv,20,10,bot,1,,bot_1,0.984,0,0,0.00980392156862745,5.438800000000001e-10,1.7678e-05,False,9.37848779954043,58.14789687924016,False,False,98.9678431372549
/home/user/igzoANN/scripts/../data/tft output [s5tft20-10bot2(1) ; 6_5_2026 4_07_29 pm].csv_s5_W20_L10_bot_2.csv,tft output [s5tft20-10bot2(1) ; 6_5_2026 4_07_29 pm].csv_s5_W20_L10_bot_2.csv,20,10,bot,2,,bot_2,0.9640000000000001,0,0,0.0,4.9644e-12,1.268e-05,False,3.7277671615463763,219491.08533841095,False,False,98.56
/home/user/igzoANN/scripts/../data/tft output [s5tft20-10top1(1) ; 6_5_2026 10_36_54 am].csv_s5_W20_L10_top_1.csv,tft output [s5tft20-10top1(1) ; 6_5_2026 10_36_54 am].csv_s5_W20_L10_top_1.csv,20,10,top,1,,top_1,1.0,0,0,0.0,8.6019e-09,2.4316e-05,True,4.898567658494328,37.545549996911866,False,False,85.0
/home/user/igzoANN/scripts/../data/tft output [s5tft20-10top2(1) ; 6_5_2026 11_47_35 am].csv_s5_W20_L10_top_2.csv,tft output [s5tft20-10top2(1) ; 6_5_2026 11_47_35 am].csv_s5_W20_L10_top_2.csv,20,10,top,2,,top_2,0.9719999999999999,5,0,0.16176470588235295,4.5526e-05,2.6178e-05,True,51.362467866323904,0.9922071968828787,False,True,14.90941176470588
/home/user/igzoANN/scripts/../data/tft output [s5tft20-15bot1(1) ; 6_5_2026 3_00_47 pm].csv_s5_W20_L15_bot_1.csv,tft output [s5tft20-15bot1(1) ; 6_5_2026 3_00_47 pm].csv_s5_W20_L15_bot_1.csv,20,15,bot,1,,bot_1,1.0,0,0,0.0,4.1501000000000005e-10,1.6686e-05,False,4.791247918222017,45.9593455627169,False,False,100.0
/home/user/igzoANN/scripts/../data/tft output [s5tft20-15bot2(1) ; 6_5_2026 4_22_15 pm].csv_s5_W20_L15_bot_2.csv,tft output [s5tft20-15bot2(1) ; 6_5_2026 4_22_15 pm].csv_s5_W20_L15_bot_2.csv,20,15,bot,2,,bot_2,1.0,0,0,0.004901960784313725,4.9286e-12,1.285e-05,False,4.124538597335901,555.6468421098149,False,False,99.80392156862744
/home/user/igzoANN/scripts/../data/tft output [s5tft20-15top1(2) ; 6_5_2026 10_50_55 am].csv_s5_W20_L15_top_1_run2.csv,tft output [s5tft20-15top1(2) ; 6_5_2026 10_50_55 am].csv_s5_W20_L15_top_1_run2.csv,20,15,top,1,_run2,top_1_run2,1.0,5,0,0.0,1.4156e-05,1.4128e-05,True,907.2411883636177,0.9973103057757645,False,True,22.5
/home/user/igzoANN/scripts/../data/tft output [s5tft20-15top2(1) ; 6_5_2026 11_57_18 am].csv_s5_W20_L15_top_2.csv,tft output [s5tft20-15top2(1) ; 6_5_2026 11_57_18 am].csv_s5_W20_L15_top_2.csv,20,15,top,2,,top_2,1.0,5,0,0.0,1.4924e-05,1.4904e-05,True,5113.7222565794,0.9986580783682233,False,True,22.5
/home/user/igzoANN/scripts/../data/tft output [s5tft20-20bot1(1) ; 6_5_2026 3_15_45 pm].csv_s5_W20_L20_bot_1.csv,tft output [s5tft20-20bot1(1) ; 6_5_2026 3_15_45 pm].csv_s5_W20_L20_bot_1.csv,20,20,bot,1,,bot_1,1.0,0,0,0.0,3.6389e-10,1.222e-05,False,4.724348565684682,40.13136288998358,False,False,100.0
/home/user/igzoANN/scripts/../data/tft output [s5tft20-20bot2(1) ; 6_5_2026 4_36_42 pm].csv_s5_W20_L20_bot_2.csv,tft output [s5tft20-20bot2(1) ; 6_5_2026 4_36_42 pm].csv_s5_W20_L20_bot_2.csv,20,20,bot,2,,bot_2,1.0,0,0,0.004901960784313725,4.9328e-12,1.1546e-05,False,4.413271156639399,100.59243770691758,False,False,99.80392156862744
/home/user/igzoANN/scripts/../data/tft output [s5tft20-20top2(1) ; 6_5_2026 12_07_32 pm].csv_s5_W20_L20_top_2.csv,tft output [s5tft20-20top2(1) ; 6_5_2026 12_07_32 pm].csv_s5_W20_L20_top_2.csv,20,20,top,2,,top_2,1.0,0,0,0.004901960784313725,1.7181e-09,1.08118e-05,False,4.738899846592155,34.06793546760777,False,False,99.80392156862744
/home/user/igzoANN/scripts/../data/tft output [s5tft20-20top1(2) ; 6_5_2026 11_00_12 am].csv_s5_W20_L20_top_1_run2.csv,tft output [s5tft20-20top1(2) ; 6_5_2026 11_00_12 am].csv_s5_W20_L20_top_1_run2.csv,20,20,top,1,_run2,top_1_run2,0.9960000000000001,5,0,0.00980392156862745,1.1197900000000002e-05,1.11876e-05,True,1846.4324699811455,0.9978815831813795,False,True,21.947843137254907
/home/user/igzoANN/scripts/../data/tft output [s5tft40-5bot2(1) ; 6_5_2026 3_51_35 pm].csv_s5_W40_L5_bot_2.csv,tft output [s5tft40-5bot2(1) ; 6_5_2026 3_51_35 pm].csv_s5_W40_L5_bot_2.csv,40,5,bot,2,,bot_2,1.0,0,0,0.0,4.9024e-12,4.6258e-05,False,4.914217514545725,1047.5766441928506,False,False,100.0
/home/user/igzoANN/scripts/../data/tft output [s5tft40-5bot1(1) ; 6_5_2026 2_31_56 pm].csv_s5_W40_L5_bot_1.csv,tft output [s5tft40-5bot1(1) ; 6_5_2026 2_31_56 pm].csv_s5_W40_L5_bot_1.csv,40,5,bot,1,,bot_1,1.0,0,0,0.0,3.2534399999999994e-08,0.00011572,True,5.503662132597736,40.72926932282134,False,False,85.0
/home/user/igzoANN/scripts/../data/tft output [s5tft40-5top1(1) ; 6_5_2026 10_22_02 am].csv_s5_W40_L5_top_1.csv,tft output [s5tft40-5top1(1) ; 6_5_2026 10_22_02 am].csv_s5_W40_L5_top_1.csv,40,5,top,1,,top_1,1.0,0,0,0.0,2.47784e-08,0.000101446,True,5.1837506387327545,45.250011151255634,False,False,85.0
/home/user/igzoANN/scripts/../data/tft output [s5tft40-5top2(1) ; 6_5_2026 11_20_56 am].csv_s5_W40_L5_top_2.csv,tft output [s5tft40-5top2(1) ; 6_5_2026 11_20_56 am].csv_s5_W40_L5_top_2.csv,40,5,top,2,,top_2,1.0,5,0,0.0784313725490196,9.8328e-05,9.8638e-05,True,46944.97699386503,0.9929844481842698,False,True,19.362745098039213
/home/user/igzoANN/scripts/../data/tft output [s5tft40-10bot2(1) ; 6_5_2026 4_11_05 pm].csv_s5_W40_L10_bot_2.csv,tft output [s5tft40-10bot2(1) ; 6_5_2026 4_11_05 pm].csv_s5_W40_L10_bot_2.csv,40,10,bot,2,,bot_2,1.0,0,0,0.0,1.3732e-11,4.626e-05,False,4.678303432373941,292.63663967611336,False,False,100.0
/home/user/igzoANN/scripts/../data/tft output [s5tft40-10bot1(1) ; 6_5_2026 2_50_01 pm].csv_s5_W40_L10_bot_1.csv,tft output [s5tft40-10bot1(1) ; 6_5_2026 2_50_01 pm].csv_s5_W40_L10_bot_1.csv,40,10,bot,1,,bot_1,1.0,0,0,0.00980392156862745,7.7277e-11,4.4578e-05,False,4.688571488672458,78.70965463662687,False,False,99.6078431372549
/home/user/igzoANN/scripts/../data/tft output [s5tft40-10top1(2) ; 6_5_2026 10_41_44 am].csv_s5_W40_L10_top_1_run2.csv,tft output [s5tft40-10top1(2) ; 6_5_2026 10_41_44 am].csv_s5_W40_L10_top_1_run2.csv,40,10,top,1,_run2,top_1_run2,1.0,0,0,0.004901960784313725,1.94534e-08,4.7468e-05,True,5.10677668879302,36.429777436684574,False,False,84.80392156862746
/home/user/igzoANN/scripts/../data/tft output [s5tft40-10top2(1) ; 6_5_2026 11_48_51 am].csv_s5_W40_L10_top_2.csv,tft output [s5tft40-10top2(1) ; 6_5_2026 11_48_51 am].csv_s5_W40_L10_top_2.csv,40,10,top,2,,top_2,1.0,5,0,0.06862745098039216,0.00010552,5.6970000000000005e-05,True,41.354521377222845,0.9646273872983373,False,True,19.75490196078431
/home/user/igzoANN/scripts/../data/tft output [s5tft40-15bot1(1) ; 6_5_2026 3_04_11 pm].csv_s5_W40_L15_bot_1.csv,tft output [s5tft40-15bot1(1) ; 6_5_2026 3_04_11 pm].csv_s5_W40_L15_bot_1.csv,40,15,bot,1,,bot_1,1.0,0,0,0.0,1.1724e-09,3.341e-05,False,4.838592883314747,44.31152019947479,False,False,100.0
/home/user/igzoANN/scripts/../data/tft output [s5tft40-15bot2(1) ; 6_5_2026 4_25_51 pm].csv_s5_W40_L15_bot_2.csv,tft output [s5tft40-15bot2(1) ; 6_5_2026 4_25_51 pm].csv_s5_W40_L15_bot_2.csv,40,15,bot,2,,bot_2,1.0,0,0,0.0,4.9856e-12,1.9726e-05,False,3.903201551307926,197.95561603474607,False,False,100.0
/home/user/igzoANN/scripts/../data/tft output [s5tft40-15top1(1) ; 6_5_2026 10_52_22 am].csv_s5_W40_L15_top_1.csv,tft output [s5tft40-15top1(1) ; 6_5_2026 10_52_22 am].csv_s5_W40_L15_top_1.csv,40,15,top,1,,top_1,1.0,5,0,0.004901960784313725,2.8954e-05,2.9284e-05,True,5102.631120404251,1.0143401454797367,False,True,22.30392156862746
/home/user/igzoANN/scripts/../data/tft output [s5tft40-15top2(1) ; 6_5_2026 11_58_29 am].csv_s5_W40_L15_top_2.csv,tft output [s5tft40-15top2(1) ; 6_5_2026 11_58_29 am].csv_s5_W40_L15_top_2.csv,40,15,top,2,,top_2,0.9960000000000001,5,0,0.15196078431372548,0.00026196,0.00014256,True,29.788123197793464,1.054281910959917,False,True,16.261568627450984
/home/user/igzoANN/scripts/../data/tft output [s5tft40-20bot1(1) ; 6_5_2026 3_19_17 pm].csv_s5_W40_L20_bot_1.csv,tft output [s5tft40-20bot1(1) ; 6_5_2026 3_19_17 pm].csv_s5_W40_L20_bot_1.csv,40,20,bot,1,,bot_1,1.0,0,0,0.0,5.660200000000001e-10,2.4486e-05,False,4.752994157268474,39.72549401343327,False,False,100.0
/home/user/igzoANN/scripts/../data/tft output [s5tft40-20bot2(1) ; 6_5_2026 4_40_40 pm].csv_s5_W40_L20_bot_2.csv,tft output [s5tft40-20bot2(1) ; 6_5_2026 4_40_40 pm].csv_s5_W40_L20_bot_2.csv,40,20,bot,2,,bot_2,0.96,0,0,0.0,5.4902e-12,7.9239e-06,False,7.849642383056288,158478.0,False,False,98.4
/home/user/igzoANN/scripts/../data/tft output [s5tft40-20top1(1) ; 6_5_2026 11_01_32 am].csv_s5_W40_L20_top_1.csv,tft output [s5tft40-20top1(1) ; 6_5_2026 11_01_32 am].csv_s5_W40_L20_top_1.csv,40,20,top,1,,top_1,1.0,5,0,0.004901960784313725,2.0332e-05,2.1452e-05,True,1474.1211071713258,1.056124458448208,False,True,22.30392156862746
/home/user/igzoANN/scripts/../data/tft output [s5tft40-20top2(2) ; 6_5_2026 12_10_45 pm].csv_s5_W40_L20_top_2_run2.csv,tft output [s5tft40-20top2(2) ; 6_5_2026 12_10_45 pm].csv_s5_W40_L20_top_2_run2.csv,40,20,top,2,_run2,top_2_run2,0.5640000000000001,0,0,0.20098039215686275,3.1439000000000004e-10,3.0757e-10,False,0.9209015591362777,1.0328516553868667,True,True,-45.4792156862745
/home/user/igzoANN/scripts/../data/tft output [s5tft80-5bot2(1) ; 6_5_2026 3_55_22 pm].csv_s5_W80_L5_bot_2.csv,tft output [s5tft80-5bot2(1) ; 6_5_2026 3_55_22 pm].csv_s5_W80_L5_bot_2.csv,80,5,bot,2,,bot_2,1.0,0,0,0.0,4.958e-12,0.0001331,False,6.846707818930041,517.9391392326252,False,False,100.0
/home/user/igzoANN/scripts/../data/tft output [s5tft80-5bot1(1) ; 6_5_2026 2_35_33 pm].csv_s5_W80_L5_bot_1.csv,tft output [s5tft80-5bot1(1) ; 6_5_2026 2_35_33 pm].csv_s5_W80_L5_bot_1.csv,80,5,bot,1,,bot_1,1.0,0,0,0.004901960784313725,7.59546e-08,0.00022908,True,5.482743765257767,67.98836588116578,False,False,84.80392156862746
/home/user/igzoANN/scripts/../data/tft output [s5tft80-5top1(1) ; 6_5_2026 10_25_10 am].csv_s5_W80_L5_top_1.csv,tft output [s5tft80-5top1(1) ; 6_5_2026 10_25_10 am].csv_s5_W80_L5_top_1.csv,80,5,top,1,,top_1,1.0,0,0,0.0,2.7478e-05,3.2504e-05,True,77.42365775808679,1.1426562609857274,False,True,25.0
/home/user/igzoANN/scripts/../data/tft output [s5tft80-5top2(1) ; 6_5_2026 11_22_45 am].csv_s5_W80_L5_top_2.csv,tft output [s5tft80-5top2(1) ; 6_5_2026 11_22_45 am].csv_s5_W80_L5_top_2.csv,80,5,top,2,,top_2,1.0,5,0,0.0196078431372549,0.00018094,0.00018094,True,1376.5243902439024,0.9990043146365749,False,True,21.715686274509807
/home/user/igzoANN/scripts/../data/tft output [s5tft80-10bot2(1) ; 6_5_2026 4_14_48 pm].csv_s5_W80_L10_bot_2.csv,tft output [s5tft80-10bot2(1) ; 6_5_2026 4_14_48 pm].csv_s5_W80_L10_bot_2.csv,80,10,bot,2,,bot_2,1.0,0,0,0.0,5.2502e-12,5.946e-05,False,3.993820526598603,429.004329004329,False,False,100.0
/home/user/igzoANN/scripts/../data/tft output [s5tft80-10bot1(2) ; 6_5_2026 2_53_40 pm].csv_s5_W80_L10_bot_1_run2.csv,tft output [s5tft80-10bot1(2) ; 6_5_2026 2_53_40 pm].csv_s5_W80_L10_bot_1_run2.csv,80,10,bot,1,_run2,bot_1_run2,1.0,0,0,0.0,3.0131999999999995e-08,0.000102358,True,7.520793534166054,47.18480615866869,False,False,85.0
/home/user/igzoANN/scripts/../data/tft output [s5tft80-10top1(1) ; 6_5_2026 10_45_25 am].csv_s5_W80_L10_top_1.csv,tft output [s5tft80-10top1(1) ; 6_5_2026 10_45_25 am].csv_s5_W80_L10_top_1.csv,80,10,top,1,,top_1,1.0,0,0,0.0,4.1308e-08,9.1944e-05,True,5.108567618624292,32.513172318681704,False,False,85.0
/home/user/igzoANN/scripts/../data/tft output [s5tft80-10top2(1) ; 6_5_2026 11_52_19 am].csv_s5_W80_L10_top_2.csv,tft output [s5tft80-10top2(1) ; 6_5_2026 11_52_19 am].csv_s5_W80_L10_top_2.csv,80,10,top,2,,top_2,1.0,0,0,0.0,3.5114399999999994e-08,9.7574e-05,True,4.870420285514625,33.12983838109466,False,False,85.0
/home/user/igzoANN/scripts/../data/tft output [s5tft80-15bot2(1) ; 6_5_2026 4_29_35 pm].csv_s5_W80_L15_bot_2.csv,tft output [s5tft80-15bot2(1) ; 6_5_2026 4_29_35 pm].csv_s5_W80_L15_bot_2.csv,80,15,bot,2,,bot_2,1.0,0,0,0.0,7.0332e-12,6.236e-05,False,4.766855220914234,124.615323128572,False,False,100.0
/home/user/igzoANN/scripts/../data/tft output [s5tft80-15bot1(2) ; 6_5_2026 3_08_41 pm].csv_s5_W80_L15_bot_1_run2.csv,tft output [s5tft80-15bot1(2) ; 6_5_2026 3_08_41 pm].csv_s5_W80_L15_bot_1_run2.csv,80,15,bot,1,_run2,bot_1_run2,1.0,0,0,0.0,1.22574e-08,7.1444e-05,True,4.987016613150915,38.101434590155186,False,False,85.0
/home/user/igzoANN/scripts/../data/tft output [s5tft80-15top1(1) ; 6_5_2026 10_53_42 am].csv_s5_W80_L15_top_1.csv,tft output [s5tft80-15top1(1) ; 6_5_2026 10_53_42 am].csv_s5_W80_L15_top_1.csv,80,15,top,1,,top_1,1.0,5,0,0.014705882352941176,5.8782e-05,5.8706e-05,True,5010.424499282249,0.9988416856880048,False,True,21.911764705882348
/home/user/igzoANN/scripts/../data/tft output [s5tft80-15top2(1) ; 6_5_2026 11_59_44 am].csv_s5_W80_L15_top_2.csv,tft output [s5tft80-15top2(1) ; 6_5_2026 11_59_44 am].csv_s5_W80_L15_top_2.csv,80,15,top,2,,top_2,1.0,5,0,0.024509803921568627,0.0015892,0.00025132,True,17.660529860799283,0.9409090909090908,False,True,21.51960784313725
/home/user/igzoANN/scripts/../data/tft output [s5tft80-20bot2(1) ; 6_5_2026 4_44_19 pm].csv_s5_W80_L20_bot_2.csv,tft output [s5tft80-20bot2(1) ; 6_5_2026 4_44_19 pm].csv_s5_W80_L20_bot_2.csv,80,20,bot,2,,bot_2,1.0,0,0,0.004901960784313725,1.74506e-11,5.4332e-05,False,5.703368569119175,32.267490200736425,False,False,99.80392156862744
/home/user/igzoANN/scripts/../data/tft output [s5tft80-20bot1(1) ; 6_5_2026 3_23_06 pm].csv_s5_W80_L20_bot_1.csv,tft output [s5tft80-20bot1(1) ; 6_5_2026 3_23_06 pm].csv_s5_W80_L20_bot_1.csv,80,20,bot,1,,bot_1,1.0,0,0,0.004901960784313725,5.8136e-09,5.1328e-05,True,4.8676586341953785,34.8269778803094,False,False,84.80392156862746
/home/user/igzoANN/scripts/../data/tft output [s5tft80-20top1(1) ; 6_5_2026 11_03_01 am].csv_s5_W80_L20_top_1.csv,tft output [s5tft80-20top1(1) ; 6_5_2026 11_03_01 am].csv_s5_W80_L20_top_1.csv,80,20,top,1,,top_1,1.0,5,0,0.004901960784313725,4.239e-05,4.2308e-05,True,4635.572671516189,0.9986291008792663,False,True,22.30392156862746
/home/user/igzoANN/scripts/../data/tft output [s5tft80-20top2(1) ; 6_5_2026 12_12_19 pm].csv_s5_W80_L20_top_2.csv,tft output [s5tft80-20top2(1) ; 6_5_2026 12_12_19 pm].csv_s5_W80_L20_top_2.csv,80,20,top,2,,top_2,0.9960000000000001,5,0,0.0784313725490196,0.0001913,5.650000000000001e-05,True,92.3214759755774,1.147535574345226,False,True,19.202745098039216
/home/user/igzoANN/scripts/../data/tft output [s5tft160-5bot2(2) ; 6_5_2026 3_59_15 pm].csv_s5_W160_L5_bot_2_run2.csv,tft output [s5tft160-5bot2(2) ; 6_5_2026 3_59_15 pm].csv_s5_W160_L5_bot_2_run2.csv,160,5,bot,2,_run2,bot_2_run2,1.0,0,0,0.004901960784313725,5.0122e-12,0.00027822,False,4.479327666151468,303.3296264800157,False,False,99.80392156862744
/home/user/igzoANN/scripts/../data/tft output [s5tft160-5top1(1) ; 6_5_2026 10_28_55 am].csv_s5_W160_L5_top_1.csv,tft output [s5tft160-5top1(1) ; 6_5_2026 10_28_55 am].csv_s5_W160_L5_top_1.csv,160,5,top,1,,top_1,1.0,0,0,0.0,2.2666e-07,0.00039402,True,5.924578233542839,37.92008315047927,False,False,85.0
/home/user/igzoANN/scripts/../data/tft output [s5tft160-5bot1(1) ; 6_5_2026 2_39_01 pm].csv_s5_W160_L5_bot_1.csv,tft output [s5tft160-5bot1(1) ; 6_5_2026 2_39_01 pm].csv_s5_W160_L5_bot_1.csv,160,5,bot,1,,bot_1,1.0,0,0,0.004901960784313725,1.8682e-07,0.00043498,True,5.499671268902039,48.83958546197635,False,False,84.80392156862746
/home/user/igzoANN/scripts/../data/tft output [s5tft160-5top2(1) ; 6_5_2026 11_42_16 am].csv_s5_W160_L5_top_2.csv,tft output [s5tft160-5top2(1) ; 6_5_2026 11_42_16 am].csv_s5_W160_L5_top_2.csv,160,5,top,2,,top_2,1.0,5,0,0.004901960784313725,0.00036922,0.0003697,True,2447.047921630924,1.0030386890227359,False,True,22.30392156862746
/home/user/igzoANN/scripts/../data/tft output [s5tft160-10bot2(1) ; 6_5_2026 4_18_31 pm].csv_s5_W160_L10_bot_2.csv,tft output [s5tft160-10bot2(1) ; 6_5_2026 4_18_31 pm].csv_s5_W160_L10_bot_2.csv,160,10,bot,2,,bot_2,1.0,0,0,0.0,4.9556e-12,0.00012044,False,4.400438436244063,442.20884123953596,False,False,100.0
/home/user/igzoANN/scripts/../data/tft output [s5tft160-10bot1(1) ; 6_5_2026 2_57_13 pm].csv_s5_W160_L10_bot_1.csv,tft output [s5tft160-10bot1(1) ; 6_5_2026 2_57_13 pm].csv_s5_W160_L10_bot_1.csv,160,10,bot,1,,bot_1,1.0,0,0,0.0,1.87398e-08,0.00019406,True,4.970289929310521,50.53119466722216,False,False,85.0
/home/user/igzoANN/scripts/../data/tft output [s5tft160-10top2(2) ; 6_5_2026 11_55_42 am].csv_s5_W160_L10_top_2_run2.csv,tft output [s5tft160-10top2(2) ; 6_5_2026 11_55_42 am].csv_s5_W160_L10_top_2_run2.csv,160,10,top,2,_run2,top_2_run2,1.0,5,0,0.004901960784313725,0.0001815,0.00018098,True,979.1170742263579,1.000442233278054,False,True,22.30392156862746
/home/user/igzoANN/scripts/../data/tft output [s5tft160-10top1(3) ; 6_5_2026 10_48_55 am].csv_s5_W160_L10_top_1_run3.csv,tft output [s5tft160-10top1(3) ; 6_5_2026 10_48_55 am].csv_s5_W160_L10_top_1_run3.csv,160,10,top,1,_run3,top_1_run3,1.0,0,0,0.004901960784313725,1.5664e-09,1.573e-09,False,1.0264953301980524,1.0057762201453788,True,True,-20.19607843137254
/home/user/igzoANN/scripts/../data/tft output [s5tft160-15bot1(1) ; 6_5_2026 3_12_17 pm].csv_s5_W160_L15_bot_1.csv,tft output [s5tft160-15bot1(1) ; 6_5_2026 3_12_17 pm].csv_s5_W160_L15_bot_1.csv,160,15,bot,1,,bot_1,1.0,0,0,0.0,6.0074e-09,0.00012548,True,5.62488793258024,42.53703515373402,False,False,85.0
/home/user/igzoANN/scripts/../data/tft output [s5tft160-15bot2(1) ; 6_5_2026 4_33_04 pm].csv_s5_W160_L15_bot_2.csv,tft output [s5tft160-15bot2(1) ; 6_5_2026 4_33_04 pm].csv_s5_W160_L15_bot_2.csv,160,15,bot,2,,bot_2,1.0,0,0,0.00980392156862745,1.02583e-08,0.00013288,True,4.85140562248996,37.95595418321003,False,False,84.6078431372549
/home/user/igzoANN/scripts/../data/tft output [s5tft160-15top1(1) ; 6_5_2026 10_57_17 am].csv_s5_W160_L15_top_1.csv,tft output [s5tft160-15top1(1) ; 6_5_2026 10_57_17 am].csv_s5_W160_L15_top_1.csv,160,15,top,1,,top_1,1.0,1,0,0.014705882352941176,5.11644e-08,0.00012468,True,4.78104149091188,33.91637877098012,False,False,83.91176470588235
/home/user/igzoANN/scripts/../data/tft output [s5tft160-15top2(2) ; 6_5_2026 12_02_58 pm].csv_s5_W160_L15_top_2_run2.csv,tft output [s5tft160-15top2(2) ; 6_5_2026 12_02_58 pm].csv_s5_W160_L15_top_2_run2.csv,160,15,top,2,_run2,top_2_run2,1.0,0,0,0.00980392156862745,3.9649e-09,4.15082e-08,False,1.0353092893379376,0.9490179221274039,True,True,-20.392156862745097
/home/user/igzoANN/scripts/../data/tft output [s5tft160-20bot1(2) ; 6_5_2026 3_28_42 pm].csv_s5_W160_L20_bot_1_run2.csv,tft output [s5tft160-20bot1(2) ; 6_5_2026 3_28_42 pm].csv_s5_W160_L20_bot_1_run2.csv,160,20,bot,1,_run2,bot_1_run2,1.0,0,0,0.0,8.3309e-10,9.91e-05,False,4.806013579049466,66.98208854342683,False,False,100.0
/home/user/igzoANN/scripts/../data/tft output [s5tft160-20bot2(1) ; 6_5_2026 4_48_17 pm].csv_s5_W160_L20_bot_2.csv,tft output [s5tft160-20bot2(1) ; 6_5_2026 4_48_17 pm].csv_s5_W160_L20_bot_2.csv,160,20,bot,2,,bot_2,1.0,0,0,0.0,4.22012e-11,6.826400000000001e-05,False,5.054862468059523,76.1531668214035,False,False,100.0
/home/user/igzoANN/scripts/../data/tft output [s5tft160-20top1(1) ; 6_5_2026 11_04_27 am].csv_s5_W160_L20_top_1.csv,tft output [s5tft160-20top1(1) ; 6_5_2026 11_04_27 am].csv_s5_W160_L20_top_1.csv,160,20,top,1,,top_1,0.9960000000000001,5,0,0.014705882352941176,0.0100002,7.304e-05,True,63487.88565452327,0.9973439211391018,False,True,21.75176470588235
/home/user/igzoANN/scripts/../data/tft output [s5tft160-20top2(1) ; 6_5_2026 12_13_40 pm].csv_s5_W160_L20_top_2.csv,tft output [s5tft160-20top2(1) ; 6_5_2026 12_13_40 pm].csv_s5_W160_L20_top_2.csv,160,20,top,2,,top_2,1.0,5,0,0.10294117647058823,0.00021006,0.000107086,True,74.41820889172516,0.9829727451531329,False,True,18.382352941176464
