n_hidden,seed,n_params,epochs_run,best_epoch,best_val_mse,test_rmse_log10ID,test_mae_log10ID,test_r2_log10ID,train_seconds
12,0,73,300,300,0.09130170196294785,0.9534792900085449,0.5975909233093262,0.9035812616348267,27.22769284248352
12,1,73,300,300,0.09190062433481216,0.9585947394371033,0.6037131547927856,0.9025439023971558,26.55424952507019
12,2,73,300,298,0.09229455888271332,0.958902895450592,0.6114435791969299,0.9024812579154968,24.226569414138794
13,0,79,300,297,0.08952180296182632,0.9434068202972412,0.5903433561325073,0.9056076407432556,28.523043632507324
13,1,79,300,296,0.09138757735490799,0.9531760215759277,0.6054196357727051,0.9036425948143005,23.880244731903076
13,2,79,300,300,0.09202132374048233,0.9568012356758118,0.6194289326667786,0.9029082655906677,22.902412176132202
14,0,85,300,300,0.09138058871030807,0.956078052520752,0.5975226759910583,0.90305495262146,24.28435969352722
14,1,85,300,294,0.09162461012601852,0.9549636840820312,0.6039161086082458,0.9032808542251587,22.630207777023315
14,2,85,300,299,0.09367357939481735,0.966454029083252,0.6207135915756226,0.9009393453598022,24.015857458114624
15,0,91,300,300,0.09295319765806198,0.9657602310180664,0.6083482503890991,0.9010815024375916,23.771169662475586
15,1,91,300,298,0.09241166710853577,0.9596551060676575,0.6051105856895447,0.9023281931877136,23.3610200881958
15,2,91,300,299,0.09097021073102951,0.9504522681236267,0.5971251130104065,0.9041925072669983,23.5538227558136
16,0,97,300,300,0.09130865335464478,0.9522085785865784,0.5997510552406311,0.9038380980491638,24.270076274871826
16,1,97,300,299,0.09108513593673706,0.950842022895813,0.6042109131813049,0.9041138887405396,25.743289709091187
16,2,97,300,300,0.09306216239929199,0.9628132581710815,0.6087169647216797,0.9016842842102051,26.010924100875854
17,0,103,300,299,0.09192591905593872,0.9582018256187439,0.6006368398666382,0.9026237726211548,25.742720127105713
17,1,103,300,299,0.09032333642244339,0.9459496140480042,0.5941627025604248,0.9050980806350708,24.90925145149231
17,2,103,300,299,0.09094814956188202,0.9503864645957947,0.5946117639541626,0.9042057991027832,24.024316549301147
18,0,109,300,298,0.09107710421085358,0.9515389800071716,0.593873918056488,0.9039732813835144,23.8310227394104
18,1,109,300,292,0.09196507185697556,0.9573411345481873,0.6085590124130249,0.9027986526489258,23.108710289001465
18,2,109,300,300,0.09307848662137985,0.9633684754371643,0.6160552501678467,0.9015708565711975,23.427319526672363
19,0,115,300,297,0.0921243280172348,0.9583203792572021,0.6144210696220398,0.9025996923446655,25.94965100288391
19,1,115,300,299,0.0918206050992012,0.9570069313049316,0.609412431716919,0.9028664827346802,26.02471399307251
19,2,115,300,300,0.08994685858488083,0.9451543688774109,0.5916122198104858,0.9052575826644897,25.981149911880493
20,0,121,300,300,0.09317566454410553,0.9632943272590637,0.6164098381996155,0.9015859961509705,25.484771013259888
20,1,121,300,299,0.09118577092885971,0.9529958963394165,0.6027998924255371,0.9036790132522583,26.633427381515503
20,2,121,300,299,0.09160815179347992,0.9537625908851624,0.6098828315734863,0.9035239815711975,23.740233898162842
21,0,127,300,298,0.09218864142894745,0.9587599635124207,0.613420307636261,0.9025103449821472,23.462276458740234
21,1,127,300,296,0.09025866538286209,0.946829080581665,0.5985775589942932,0.9049215316772461,24.0222589969635
21,2,127,300,297,0.09129434823989868,0.9541370272636414,0.5979219079017639,0.903448224067688,23.648656845092773
22,0,133,300,299,0.09030555188655853,0.9470363855361938,0.5936381816864014,0.9048799276351929,24.24665594100952
22,1,133,300,300,0.09222018718719482,0.9589832425117493,0.6044732928276062,0.9024649262428284,26.282567739486694
22,2,133,300,298,0.09417681396007538,0.9701265692710876,0.6141068935394287,0.9001850485801697,25.853567838668823
23,0,139,300,299,0.09145990014076233,0.9530350565910339,0.6120176911354065,0.9036710858345032,24.64216160774231
23,1,139,300,298,0.09187067300081253,0.9561883807182312,0.611271858215332,0.9030326008796692,23.747559309005737
23,2,139,300,295,0.09074795991182327,0.9519034028053284,0.5988448262214661,0.9038997292518616,24.310457944869995
24,0,145,300,297,0.0897868275642395,0.9452567100524902,0.5932773351669312,0.905237078666687,24.22323989868164
24,1,145,300,298,0.08955789357423782,0.9425613880157471,0.5892409682273865,0.9057767391204834,25.124805212020874
24,2,145,300,299,0.09160689264535904,0.9526345729827881,0.6030620336532593,0.9037520289421082,24.873926877975464
25,0,151,300,300,0.09071604907512665,0.9496363401412964,0.6058771014213562,0.9043569564819336,24.569064378738403
25,1,151,300,298,0.09078149497509003,0.9472318887710571,0.5979021787643433,0.9048406481742859,24.242159128189087
25,2,151,300,295,0.08980834484100342,0.9441107511520386,0.5894672274589539,0.9054667353630066,24.879530429840088
26,0,157,300,300,0.0893482193350792,0.9398511648178101,0.5932747721672058,0.9063178300857544,24.631352186203003
26,1,157,300,298,0.08924704045057297,0.9414801597595215,0.5852475166320801,0.9059928059577942,24.50950002670288
26,2,157,300,299,0.0901210680603981,0.9466372728347778,0.5847283601760864,0.9049600958824158,24.45035147666931
27,0,163,300,298,0.09259931743144989,0.9608815908432007,0.6128854155540466,0.90207839012146,24.272299766540527
27,1,163,300,297,0.09055823087692261,0.9498181343078613,0.5937504768371582,0.9043202996253967,24.1371488571167
27,2,163,300,297,0.09013914316892624,0.9480449557304382,0.5904437899589539,0.9046772122383118,24.436908721923828
28,0,169,300,299,0.09096687287092209,0.9496763944625854,0.6098839044570923,0.9043488502502441,24.24367046356201
28,1,169,300,300,0.09082520753145218,0.9509555101394653,0.5935208797454834,0.9040910005569458,23.993030071258545
28,2,169,300,300,0.08936402946710587,0.9418298006057739,0.5913760662078857,0.9059229493141174,25.0983989238739
29,0,175,300,297,0.08874780684709549,0.9394506216049194,0.5830138921737671,0.9063976407051086,24.292186975479126
29,1,175,300,299,0.09108202904462814,0.9505825638771057,0.6016702651977539,0.9041662216186523,23.851563930511475
29,2,175,300,299,0.09210444986820221,0.9573991298675537,0.6096045970916748,0.9027868509292603,24.129639148712158
30,0,181,300,290,0.0905008539557457,0.9464665651321411,0.5932157039642334,0.9049943685531616,23.74641227722168
30,1,181,300,295,0.08949099481105804,0.9433984756469727,0.5856526494026184,0.9056093096733093,23.446373224258423
30,2,181,300,294,0.09052324295043945,0.9496903419494629,0.5930206775665283,0.9043460488319397,23.745357990264893
31,0,187,300,294,0.09213676303625107,0.9595698714256287,0.6064646244049072,0.9023455381393433,25.51054835319519
31,1,187,300,297,0.08919190615415573,0.9408197402954102,0.5811499953269958,0.9061245918273926,24.45542001724243
31,2,187,300,300,0.09247588366270065,0.9587199687957764,0.6081096529960632,0.9025184512138367,23.98012399673462
32,0,193,300,294,0.08929307758808136,0.9405238628387451,0.5856099724769592,0.906183660030365,23.488466501235962
32,1,193,300,300,0.09038413316011429,0.9471095204353333,0.5941300392150879,0.9048652648925781,24.26094961166382
32,2,193,300,296,0.08927953988313675,0.941997766494751,0.583785355091095,0.9058893918991089,25.3459734916687
