cap_type,VG,VD,W,L,freq,C_F,C_pF
cgd,-3.0,0.0,20,20,10000.0,1.1016700000000001e-13,0.11016700000000001
cgd,-2.8000000000000003,0.0,20,20,10000.0,1.09544e-13,0.109544
cgd,-2.6,0.0,20,20,10000.0,1.10702e-13,0.11070200000000001
cgd,-2.4,0.0,20,20,10000.0,1.0928200000000001e-13,0.109282
cgd,-2.2,0.0,20,20,10000.0,1.0905100000000001e-13,0.10905100000000001
cgd,-2.0,0.0,20,20,10000.0,1.1032500000000001e-13,0.110325
cgd,-1.8,0.0,20,20,10000.0,1.11742e-13,0.11174200000000001
cgd,-1.6,0.0,20,20,10000.0,1.1162200000000001e-13,0.11162200000000001
cgd,-1.4,0.0,20,20,10000.0,1.1165000000000001e-13,0.11165000000000001
cgd,-1.2,0.0,20,20,10000.0,1.1101500000000001e-13,0.111015
cgd,-1.0,0.0,20,20,10000.0,1.11527e-13,0.111527
cgd,-0.8,0.0,20,20,10000.0,1.11666e-13,0.111666
cgd,-0.6,0.0,20,20,10000.0,1.14376e-13,0.114376
cgd,-0.4,0.0,20,20,10000.0,1.19495e-13,0.11949500000000002
cgd,-0.2,0.0,20,20,10000.0,1.25406e-13,0.12540600000000002
cgd,0.0,0.0,20,20,10000.0,1.3420300000000001e-13,0.13420300000000002
cgd,0.2,0.0,20,20,10000.0,2.2254400000000002e-13,0.22254400000000002
cgd,0.4,0.0,20,20,10000.0,6.03856e-13,0.6038560000000001
cgd,0.6,0.0,20,20,10000.0,6.89063e-13,0.689063
cgd,0.8,0.0,20,20,10000.0,7.196640000000002e-13,0.7196640000000002
cgd,1.0,0.0,20,20,10000.0,7.36815e-13,0.736815
cgd,1.2,0.0,20,20,10000.0,7.510540000000001e-13,0.7510540000000001
cgd,1.4,0.0,20,20,10000.0,7.618590000000001e-13,0.7618590000000001
cgd,1.6,0.0,20,20,10000.0,7.705330000000001e-13,0.770533
cgd,1.8,0.0,20,20,10000.0,7.765950000000002e-13,0.7765950000000001
cgd,2.0,0.0,20,20,10000.0,7.822580000000001e-13,0.7822580000000001
cgd,2.2,0.0,20,20,10000.0,7.86129e-13,0.7861290000000001
cgd,2.4,0.0,20,20,10000.0,7.911310000000001e-13,0.791131
cgd,2.6,0.0,20,20,10000.0,7.93269e-13,0.793269
cgd,2.8000000000000003,0.0,20,20,10000.0,7.95577e-13,0.795577
cgd,3.0,0.0,20,20,10000.0,7.99261e-13,0.799261
cgd,3.2,0.0,20,20,10000.0,8.007540000000001e-13,0.8007540000000001
cgd,3.4,0.0,20,20,10000.0,8.021010000000001e-13,0.8021010000000001
cgd,3.6,0.0,20,20,10000.0,8.055700000000001e-13,0.8055700000000001
cgd,3.8,0.0,20,20,10000.0,8.04716e-13,0.804716
cgd,4.0,0.0,20,20,10000.0,8.062020000000001e-13,0.8062020000000001
cgd,4.2,0.0,20,20,10000.0,8.070150000000001e-13,0.807015
cgd,4.4,0.0,20,20,10000.0,8.081530000000001e-13,0.808153
cgd,4.6000000000000005,0.0,20,20,10000.0,8.097660000000002e-13,0.8097660000000002
cgd,4.8,0.0,20,20,10000.0,8.103790000000001e-13,0.8103790000000001
cgd,5.0,0.0,20,20,10000.0,8.123310000000002e-13,0.8123310000000002
cgd,-3.0,0.0,40,20,10000.0,2.30384e-13,0.230384
cgd,-2.8000000000000003,0.0,40,20,10000.0,2.30707e-13,0.23070700000000002
cgd,-2.6,0.0,40,20,10000.0,2.29467e-13,0.229467
cgd,-2.4,0.0,40,20,10000.0,2.303780000000001e-13,0.23037800000000008
cgd,-2.2,0.0,40,20,10000.0,2.30375e-13,0.23037500000000002
cgd,-2.0,0.0,40,20,10000.0,2.2972600000000004e-13,0.22972600000000004
cgd,-1.8,0.0,40,20,10000.0,2.30299e-13,0.230299
cgd,-1.6,0.0,40,20,10000.0,2.30425e-13,0.230425
cgd,-1.4,0.0,40,20,10000.0,2.3069400000000004e-13,0.23069400000000004
cgd,-1.2,0.0,40,20,10000.0,2.30877e-13,0.230877
cgd,-1.0,0.0,40,20,10000.0,2.31769e-13,0.231769
cgd,-0.8,0.0,40,20,10000.0,2.33331e-13,0.233331
cgd,-0.6,0.0,40,20,10000.0,2.35108e-13,0.235108
cgd,-0.4,0.0,40,20,10000.0,2.42068e-13,0.242068
cgd,-0.2,0.0,40,20,10000.0,2.52481e-13,0.252481
cgd,0.0,0.0,40,20,10000.0,3.54729e-13,0.354729
cgd,0.2,0.0,40,20,10000.0,1.20422e-12,1.20422
cgd,0.4,0.0,40,20,10000.0,1.3897e-12,1.3897
cgd,0.6,0.0,40,20,10000.0,1.44569e-12,1.4456900000000001
cgd,0.8,0.0,40,20,10000.0,1.4800300000000001e-12,1.4800300000000002
cgd,1.0,0.0,40,20,10000.0,1.5030200000000002e-12,1.5030200000000002
cgd,1.2,0.0,40,20,10000.0,1.52124e-12,1.5212400000000001
cgd,1.4,0.0,40,20,10000.0,1.53656e-12,1.5365600000000001
cgd,1.6,0.0,40,20,10000.0,1.5495500000000002e-12,1.5495500000000002
cgd,1.8,0.0,40,20,10000.0,1.55845e-12,1.5584500000000001
cgd,2.0,0.0,40,20,10000.0,1.5679e-12,1.5679
cgd,2.2,0.0,40,20,10000.0,1.5740000000000004e-12,1.5740000000000003
cgd,2.4,0.0,40,20,10000.0,1.57934e-12,1.57934
cgd,2.6,0.0,40,20,10000.0,1.5852500000000001e-12,1.58525
cgd,2.8000000000000003,0.0,40,20,10000.0,1.5896300000000004e-12,1.5896300000000003
cgd,3.0,0.0,40,20,10000.0,1.5937700000000002e-12,1.5937700000000001
cgd,3.2,0.0,40,20,10000.0,1.59745e-12,1.59745
cgd,3.4,0.0,40,20,10000.0,1.59932e-12,1.59932
cgd,3.6,0.0,40,20,10000.0,1.6025400000000004e-12,1.6025400000000003
cgd,3.8,0.0,40,20,10000.0,1.6046300000000002e-12,1.6046300000000002
cgd,4.0,0.0,40,20,10000.0,1.60674e-12,1.60674
cgd,4.2,0.0,40,20,10000.0,1.60946e-12,1.6094600000000001
cgd,4.4,0.0,40,20,10000.0,1.61132e-12,1.61132
cgd,4.6000000000000005,0.0,40,20,10000.0,1.6128200000000002e-12,1.6128200000000001
cgd,4.8,0.0,40,20,10000.0,1.61455e-12,1.61455
cgd,5.0,0.0,40,20,10000.0,1.61556e-12,1.61556
cgd,-3.0,0.0,160,15,10000.0,6.567690000000002e-13,0.6567690000000002
cgd,-2.8000000000000003,0.0,160,15,10000.0,6.57445e-13,0.6574450000000001
cgd,-2.6,0.0,160,15,10000.0,6.565850000000002e-13,0.6565850000000002
cgd,-2.4,0.0,160,15,10000.0,6.56361e-13,0.656361
cgd,-2.2,0.0,160,15,10000.0,6.559880000000002e-13,0.6559880000000001
cgd,-2.0,0.0,160,15,10000.0,6.575240000000001e-13,0.6575240000000001
cgd,-1.8,0.0,160,15,10000.0,6.57904e-13,0.657904
cgd,-1.6,0.0,160,15,10000.0,6.58046e-13,0.658046
cgd,-1.4,0.0,160,15,10000.0,6.58717e-13,0.658717
cgd,-1.2,0.0,160,15,10000.0,6.590230000000002e-13,0.6590230000000001
cgd,-1.0,0.0,160,15,10000.0,6.60155e-13,0.660155
cgd,-0.8,0.0,160,15,10000.0,6.608320000000002e-13,0.6608320000000002
cgd,-0.6,0.0,160,15,10000.0,6.647470000000002e-13,0.6647470000000002
cgd,-0.4,0.0,160,15,10000.0,6.774970000000002e-13,0.6774970000000001
cgd,-0.2,0.0,160,15,10000.0,7.07091e-13,0.707091
cgd,0.0,0.0,160,15,10000.0,7.465960000000001e-13,0.746596
cgd,0.2,0.0,160,15,10000.0,7.89538e-13,0.7895380000000001
cgd,0.4,0.0,160,15,10000.0,8.95727e-13,0.895727
cgd,0.6,0.0,160,15,10000.0,2.34421e-12,2.3442100000000003
cgd,0.8,0.0,160,15,10000.0,3.77082e-12,3.7708200000000005
cgd,1.0,0.0,160,15,10000.0,4.115110000000001e-12,4.1151100000000005
cgd,1.2,0.0,160,15,10000.0,4.2623600000000004e-12,4.26236
cgd,1.4,0.0,160,15,10000.0,4.35707e-12,4.35707
cgd,1.6,0.0,160,15,10000.0,4.42788e-12,4.42788
cgd,1.8,0.0,160,15,10000.0,4.4836500000000006e-12,4.483650000000001
cgd,2.0,0.0,160,15,10000.0,4.53096e-12,4.53096
cgd,2.2,0.0,160,15,10000.0,4.56932e-12,4.56932
cgd,2.4,0.0,160,15,10000.0,4.6004100000000006e-12,4.600410000000001
cgd,2.6,0.0,160,15,10000.0,4.62848e-12,4.62848
cgd,2.8000000000000003,0.0,160,15,10000.0,4.650620000000001e-12,4.650620000000001
cgd,3.0,0.0,160,15,10000.0,4.670190000000001e-12,4.670190000000001
cgd,3.2,0.0,160,15,10000.0,4.68568e-12,4.6856800000000005
cgd,3.4,0.0,160,15,10000.0,4.700150000000001e-12,4.700150000000001
cgd,3.6,0.0,160,15,10000.0,4.71267e-12,4.71267
cgd,3.8,0.0,160,15,10000.0,4.7242000000000004e-12,4.724200000000001
cgd,4.0,0.0,160,15,10000.0,4.7349e-12,4.7349
cgd,4.2,0.0,160,15,10000.0,4.74306e-12,4.74306
cgd,4.4,0.0,160,15,10000.0,4.75085e-12,4.75085
cgd,4.6000000000000005,0.0,160,15,10000.0,4.757470000000001e-12,4.7574700000000005
cgd,4.8,0.0,160,15,10000.0,4.76371e-12,4.76371
cgd,5.0,0.0,160,15,10000.0,4.7709200000000004e-12,4.77092
cgd,-3.0,0.0,160,20,10000.0,8.4589e-13,0.84589
cgd,-2.8000000000000003,0.0,160,20,10000.0,8.45128e-13,0.845128
cgd,-2.6,0.0,160,20,10000.0,8.448720000000001e-13,0.8448720000000001
cgd,-2.4,0.0,160,20,10000.0,8.46601e-13,0.846601
cgd,-2.2,0.0,160,20,10000.0,8.459940000000001e-13,0.8459940000000001
cgd,-2.0,0.0,160,20,10000.0,8.45915e-13,0.8459150000000001
cgd,-1.8,0.0,160,20,10000.0,8.46668e-13,0.846668
cgd,-1.6,0.0,160,20,10000.0,8.46431e-13,0.846431
cgd,-1.4,0.0,160,20,10000.0,8.4682e-13,0.84682
cgd,-1.2,0.0,160,20,10000.0,8.48116e-13,0.8481160000000001
cgd,-1.0,0.0,160,20,10000.0,8.48151e-13,0.8481510000000001
cgd,-0.8,0.0,160,20,10000.0,8.483980000000001e-13,0.8483980000000001
cgd,-0.6,0.0,160,20,10000.0,8.542540000000002e-13,0.8542540000000002
cgd,-0.4,0.0,160,20,10000.0,8.714210000000002e-13,0.8714210000000002
cgd,-0.2,0.0,160,20,10000.0,9.01942e-13,0.901942
cgd,0.0,0.0,160,20,10000.0,9.338770000000001e-13,0.9338770000000002
cgd,0.2,0.0,160,20,10000.0,9.71763e-13,0.971763
cgd,0.4,0.0,160,20,10000.0,1.05067e-12,1.05067
cgd,0.6,0.0,160,20,10000.0,3.3814200000000003e-12,3.3814200000000003
cgd,0.8,0.0,160,20,10000.0,5.135430000000001e-12,5.135430000000001
cgd,1.0,0.0,160,20,10000.0,5.492550000000001e-12,5.492550000000001
cgd,1.2,0.0,160,20,10000.0,5.6629500000000014e-12,5.662950000000001
cgd,1.4,0.0,160,20,10000.0,5.776620000000001e-12,5.776620000000001
cgd,1.6,0.0,160,20,10000.0,5.863360000000001e-12,5.863360000000001
cgd,1.8,0.0,160,20,10000.0,5.92852e-12,5.928520000000001
cgd,2.0,0.0,160,20,10000.0,5.983060000000001e-12,5.983060000000001
cgd,2.2,0.0,160,20,10000.0,6.025280000000001e-12,6.02528
cgd,2.4,0.0,160,20,10000.0,6.06157e-12,6.061570000000001
cgd,2.6,0.0,160,20,10000.0,6.09116e-12,6.09116
cgd,2.8000000000000003,0.0,160,20,10000.0,6.11633e-12,6.1163300000000005
cgd,3.0,0.0,160,20,10000.0,6.136690000000001e-12,6.1366900000000015
cgd,3.2,0.0,160,20,10000.0,6.15539e-12,6.15539
cgd,3.4,0.0,160,20,10000.0,6.171160000000001e-12,6.171160000000001
cgd,3.6,0.0,160,20,10000.0,6.184220000000001e-12,6.184220000000002
cgd,3.8,0.0,160,20,10000.0,6.19766e-12,6.19766
cgd,4.0,0.0,160,20,10000.0,6.209340000000001e-12,6.209340000000001
cgd,4.2,0.0,160,20,10000.0,6.2169300000000015e-12,6.216930000000001
cgd,4.4,0.0,160,20,10000.0,6.227810000000001e-12,6.227810000000001
cgd,4.6000000000000005,0.0,160,20,10000.0,6.235660000000001e-12,6.235660000000001
cgd,4.8,0.0,160,20,10000.0,6.244090000000001e-12,6.244090000000001
cgd,5.0,0.0,160,20,10000.0,6.25138e-12,6.25138
cgs,-3.0,0.0,20,20,10000.0,9.36073e-14,0.0936073
cgs,-2.8000000000000003,0.0,20,20,10000.0,9.22919e-14,0.0922919
cgs,-2.6,0.0,20,20,10000.0,9.2918e-14,0.092918
cgs,-2.4,0.0,20,20,10000.0,9.35093e-14,0.0935093
cgs,-2.2,0.0,20,20,10000.0,9.35662e-14,0.0935662
cgs,-2.0,0.0,20,20,10000.0,9.34303e-14,0.0934303
cgs,-1.8,0.0,20,20,10000.0,9.29465e-14,0.0929465
cgs,-1.6,0.0,20,20,10000.0,9.35599e-14,0.0935599
cgs,-1.4,0.0,20,20,10000.0,9.37971e-14,0.0937971
cgs,-1.2,0.0,20,20,10000.0,9.49766e-14,0.0949766
cgs,-1.0,0.0,20,20,10000.0,9.3971e-14,0.093971
cgs,-0.8,0.0,20,20,10000.0,9.561849999999999e-14,0.0956185
cgs,-0.6,0.0,20,20,10000.0,9.74304e-14,0.0974304
cgs,-0.4,0.0,20,20,10000.0,1.0182600000000001e-13,0.10182600000000001
cgs,-0.2,0.0,20,20,10000.0,1.10411e-13,0.11041100000000001
cgs,0.0,0.0,20,20,10000.0,1.1991000000000004e-13,0.11991000000000004
cgs,0.2,0.0,20,20,10000.0,2.09298e-13,0.209298
cgs,0.4,0.0,20,20,10000.0,5.855850000000002e-13,0.5855850000000001
cgs,0.6,0.0,20,20,10000.0,6.88355e-13,0.688355
cgs,0.8,0.0,20,20,10000.0,7.218870000000001e-13,0.7218870000000001
cgs,1.0,0.0,20,20,10000.0,7.4339e-13,0.74339
cgs,1.2,0.0,20,20,10000.0,7.569520000000001e-13,0.7569520000000001
cgs,1.4,0.0,20,20,10000.0,7.679220000000001e-13,0.7679220000000001
cgs,1.6,0.0,20,20,10000.0,7.760290000000002e-13,0.7760290000000002
cgs,1.8,0.0,20,20,10000.0,7.83843e-13,0.7838430000000001
cgs,2.0,0.0,20,20,10000.0,7.90376e-13,0.7903760000000001
cgs,2.2,0.0,20,20,10000.0,7.947590000000001e-13,0.7947590000000001
cgs,2.4,0.0,20,20,10000.0,7.980510000000002e-13,0.7980510000000002
cgs,2.6,0.0,20,20,10000.0,8.009380000000001e-13,0.800938
cgs,2.8000000000000003,0.0,20,20,10000.0,8.046440000000001e-13,0.804644
cgs,3.0,0.0,20,20,10000.0,8.065030000000001e-13,0.8065030000000001
cgs,3.2,0.0,20,20,10000.0,8.095230000000001e-13,0.8095230000000001
cgs,3.4,0.0,20,20,10000.0,8.108100000000001e-13,0.81081
cgs,3.6,0.0,20,20,10000.0,8.12609e-13,0.812609
cgs,3.8,0.0,20,20,10000.0,8.144720000000002e-13,0.8144720000000002
cgs,4.0,0.0,20,20,10000.0,8.156890000000001e-13,0.8156890000000001
cgs,4.2,0.0,20,20,10000.0,8.16496e-13,0.816496
cgs,4.4,0.0,20,20,10000.0,8.182820000000001e-13,0.8182820000000001
cgs,4.6000000000000005,0.0,20,20,10000.0,8.184660000000001e-13,0.818466
cgs,4.8,0.0,20,20,10000.0,8.197080000000002e-13,0.8197080000000002
cgs,5.0,0.0,20,20,10000.0,8.191610000000002e-13,0.8191610000000001
cgs,-3.0,0.0,40,20,10000.0,1.9500400000000001e-13,0.195004
cgs,-2.8000000000000003,0.0,40,20,10000.0,1.9511500000000002e-13,0.195115
cgs,-2.6,0.0,40,20,10000.0,1.9446700000000001e-13,0.194467
cgs,-2.4,0.0,40,20,10000.0,1.9486800000000001e-13,0.194868
cgs,-2.2,0.0,40,20,10000.0,1.9494800000000002e-13,0.19494800000000004
cgs,-2.0,0.0,40,20,10000.0,1.94318e-13,0.19431800000000002
cgs,-1.8,0.0,40,20,10000.0,1.95257e-13,0.19525700000000001
cgs,-1.6,0.0,40,20,10000.0,1.9554500000000005e-13,0.19554500000000005
cgs,-1.4,0.0,40,20,10000.0,1.9510200000000002e-13,0.19510200000000003
cgs,-1.2,0.0,40,20,10000.0,1.9541200000000002e-13,0.195412
cgs,-1.0,0.0,40,20,10000.0,1.9507100000000002e-13,0.19507100000000002
cgs,-0.8,0.0,40,20,10000.0,1.96715e-13,0.196715
cgs,-0.6,0.0,40,20,10000.0,1.98306e-13,0.198306
cgs,-0.4,0.0,40,20,10000.0,2.04918e-13,0.20491800000000002
cgs,-0.2,0.0,40,20,10000.0,2.1345600000000002e-13,0.213456
cgs,0.0,0.0,40,20,10000.0,2.2373600000000005e-13,0.22373600000000005
cgs,0.2,0.0,40,20,10000.0,4.55459e-13,0.455459
cgs,0.4,0.0,40,20,10000.0,1.26867e-12,1.2686700000000002
cgs,0.6,0.0,40,20,10000.0,1.4134100000000001e-12,1.41341
cgs,0.8,0.0,40,20,10000.0,1.4639800000000002e-12,1.4639800000000003
cgs,1.0,0.0,40,20,10000.0,1.49432e-12,1.49432
cgs,1.2,0.0,40,20,10000.0,1.517e-12,1.5170000000000001
cgs,1.4,0.0,40,20,10000.0,1.5342800000000002e-12,1.5342800000000003
cgs,1.6,0.0,40,20,10000.0,1.5485900000000002e-12,1.5485900000000001
cgs,1.8,0.0,40,20,10000.0,1.5602000000000004e-12,1.5602000000000003
cgs,2.0,0.0,40,20,10000.0,1.5703700000000001e-12,1.57037
cgs,2.2,0.0,40,20,10000.0,1.5776800000000002e-12,1.5776800000000002
cgs,2.4,0.0,40,20,10000.0,1.5841900000000001e-12,1.5841900000000002
cgs,2.6,0.0,40,20,10000.0,1.59012e-12,1.5901200000000002
cgs,2.8000000000000003,0.0,40,20,10000.0,1.59706e-12,1.5970600000000001
cgs,3.0,0.0,40,20,10000.0,1.5985700000000001e-12,1.59857
cgs,3.2,0.0,40,20,10000.0,1.6020400000000001e-12,1.6020400000000001
cgs,3.4,0.0,40,20,10000.0,1.6064700000000001e-12,1.60647
cgs,3.6,0.0,40,20,10000.0,1.6103900000000002e-12,1.6103900000000002
cgs,3.8,0.0,40,20,10000.0,1.6125e-12,1.6125
cgs,4.0,0.0,40,20,10000.0,1.6148700000000004e-12,1.6148700000000005
cgs,4.2,0.0,40,20,10000.0,1.61645e-12,1.61645
cgs,4.4,0.0,40,20,10000.0,1.6194400000000002e-12,1.6194400000000002
cgs,4.6000000000000005,0.0,40,20,10000.0,1.6207200000000002e-12,1.6207200000000002
cgs,4.8,0.0,40,20,10000.0,1.6221900000000002e-12,1.6221900000000002
cgs,5.0,0.0,40,20,10000.0,1.62334e-12,1.62334
cgs,-3.0,0.0,160,15,10000.0,5.21304e-13,0.521304
cgs,-2.8000000000000003,0.0,160,15,10000.0,5.2267e-13,0.5226700000000001
cgs,-2.6,0.0,160,15,10000.0,5.21481e-13,0.521481
cgs,-2.4,0.0,160,15,10000.0,5.20972e-13,0.520972
cgs,-2.2,0.0,160,15,10000.0,5.21168e-13,0.5211680000000001
cgs,-2.0,0.0,160,15,10000.0,5.223540000000001e-13,0.5223540000000001
cgs,-1.8,0.0,160,15,10000.0,5.22038e-13,0.522038
cgs,-1.6,0.0,160,15,10000.0,5.22345e-13,0.5223450000000001
cgs,-1.4,0.0,160,15,10000.0,5.23505e-13,0.523505
cgs,-1.2,0.0,160,15,10000.0,5.23318e-13,0.523318
cgs,-1.0,0.0,160,15,10000.0,5.23508e-13,0.523508
cgs,-0.8,0.0,160,15,10000.0,5.2667e-13,0.52667
cgs,-0.6,0.0,160,15,10000.0,5.32426e-13,0.532426
cgs,-0.4,0.0,160,15,10000.0,5.422630000000002e-13,0.5422630000000002
cgs,-0.2,0.0,160,15,10000.0,5.670890000000001e-13,0.5670890000000001
cgs,0.0,0.0,160,15,10000.0,6.016040000000002e-13,0.6016040000000001
cgs,0.2,0.0,160,15,10000.0,6.410390000000001e-13,0.6410390000000001
cgs,0.4,0.0,160,15,10000.0,7.0069e-13,0.70069
cgs,0.6,0.0,160,15,10000.0,1.34069e-12,1.34069
cgs,0.8,0.0,160,15,10000.0,3.5780300000000007e-12,3.5780300000000005
cgs,1.0,0.0,160,15,10000.0,4.0715900000000004e-12,4.0715900000000005
cgs,1.2,0.0,160,15,10000.0,4.24374e-12,4.24374
cgs,1.4,0.0,160,15,10000.0,4.34695e-12,4.3469500000000005
cgs,1.6,0.0,160,15,10000.0,4.422830000000001e-12,4.422830000000001
cgs,1.8,0.0,160,15,10000.0,4.48069e-12,4.48069
cgs,2.0,0.0,160,15,10000.0,4.529400000000001e-12,4.529400000000002
cgs,2.2,0.0,160,15,10000.0,4.5689300000000004e-12,4.568930000000001
cgs,2.4,0.0,160,15,10000.0,4.60244e-12,4.6024400000000005
cgs,2.6,0.0,160,15,10000.0,4.63163e-12,4.63163
cgs,2.8000000000000003,0.0,160,15,10000.0,4.65441e-12,4.65441
cgs,3.0,0.0,160,15,10000.0,4.67458e-12,4.67458
cgs,3.2,0.0,160,15,10000.0,4.691250000000001e-12,4.691250000000001
cgs,3.4,0.0,160,15,10000.0,4.70585e-12,4.70585
cgs,3.6,0.0,160,15,10000.0,4.718750000000001e-12,4.718750000000001
cgs,3.8,0.0,160,15,10000.0,4.72994e-12,4.72994
cgs,4.0,0.0,160,15,10000.0,4.7397300000000004e-12,4.739730000000001
cgs,4.2,0.0,160,15,10000.0,4.748910000000001e-12,4.74891
cgs,4.4,0.0,160,15,10000.0,4.75743e-12,4.75743
cgs,4.6000000000000005,0.0,160,15,10000.0,4.76418e-12,4.76418
cgs,4.8,0.0,160,15,10000.0,4.77212e-12,4.77212
cgs,5.0,0.0,160,15,10000.0,4.77829e-12,4.77829
cgs,-3.0,0.0,160,20,10000.0,6.863230000000002e-13,0.6863230000000001
cgs,-2.8000000000000003,0.0,160,20,10000.0,6.871140000000002e-13,0.6871140000000002
cgs,-2.6,0.0,160,20,10000.0,6.87433e-13,0.6874330000000001
cgs,-2.4,0.0,160,20,10000.0,6.87193e-13,0.687193
cgs,-2.2,0.0,160,20,10000.0,6.87882e-13,0.687882
cgs,-2.0,0.0,160,20,10000.0,6.87604e-13,0.687604
cgs,-1.8,0.0,160,20,10000.0,6.89356e-13,0.689356
cgs,-1.6,0.0,160,20,10000.0,6.885840000000002e-13,0.6885840000000002
cgs,-1.4,0.0,160,20,10000.0,6.88278e-13,0.6882780000000001
cgs,-1.2,0.0,160,20,10000.0,6.88812e-13,0.688812
cgs,-1.0,0.0,160,20,10000.0,6.90317e-13,0.6903170000000001
cgs,-0.8,0.0,160,20,10000.0,6.91699e-13,0.691699
cgs,-0.6,0.0,160,20,10000.0,6.954240000000002e-13,0.6954240000000002
cgs,-0.4,0.0,160,20,10000.0,7.05929e-13,0.705929
cgs,-0.2,0.0,160,20,10000.0,7.29607e-13,0.729607
cgs,0.0,0.0,160,20,10000.0,7.65924e-13,0.765924
cgs,0.2,0.0,160,20,10000.0,8.013370000000001e-13,0.8013370000000001
cgs,0.4,0.0,160,20,10000.0,8.482320000000001e-13,0.8482320000000001
cgs,0.6,0.0,160,20,10000.0,1.8343300000000003e-12,1.8343300000000002
cgs,0.8,0.0,160,20,10000.0,4.94033e-12,4.94033
cgs,1.0,0.0,160,20,10000.0,5.450350000000001e-12,5.450350000000001
cgs,1.2,0.0,160,20,10000.0,5.64286e-12,5.64286
cgs,1.4,0.0,160,20,10000.0,5.7642500000000014e-12,5.764250000000001
cgs,1.6,0.0,160,20,10000.0,5.85307e-12,5.853070000000001
cgs,1.8,0.0,160,20,10000.0,5.923150000000001e-12,5.923150000000001
cgs,2.0,0.0,160,20,10000.0,5.97873e-12,5.9787300000000005
cgs,2.2,0.0,160,20,10000.0,6.023960000000001e-12,6.0239600000000015
cgs,2.4,0.0,160,20,10000.0,6.06115e-12,6.0611500000000005
cgs,2.6,0.0,160,20,10000.0,6.0920100000000004e-12,6.09201
cgs,2.8000000000000003,0.0,160,20,10000.0,6.118770000000001e-12,6.118770000000001
cgs,3.0,0.0,160,20,10000.0,6.140520000000001e-12,6.140520000000001
cgs,3.2,0.0,160,20,10000.0,6.16027e-12,6.160270000000001
cgs,3.4,0.0,160,20,10000.0,6.175740000000001e-12,6.175740000000001
cgs,3.6,0.0,160,20,10000.0,6.190180000000001e-12,6.190180000000002
cgs,3.8,0.0,160,20,10000.0,6.203730000000001e-12,6.203730000000001
cgs,4.0,0.0,160,20,10000.0,6.21565e-12,6.21565
cgs,4.2,0.0,160,20,10000.0,6.22415e-12,6.22415
cgs,4.4,0.0,160,20,10000.0,6.23467e-12,6.23467
cgs,4.6000000000000005,0.0,160,20,10000.0,6.24201e-12,6.2420100000000005
cgs,4.8,0.0,160,20,10000.0,6.24951e-12,6.24951
cgs,5.0,0.0,160,20,10000.0,6.25774e-12,6.25774
